game_date,game_id,game_code,game_status,game_status_text,game_sequence,game_date_est,game_time_est,game_date_time_est,game_date_utc,game_time_utc,game_date_time_utc,away_team_time,home_team_time,day,month_num,week_number,week_name,if_necessary,series_game_number,game_label,game_sub_label,series_text,arena_name,arena_state,arena_city,postponed_status,branch_link,game_subtype,is_neutral,home_team_id,home_team_name,home_team_city,home_team_tricode,home_team_slug,home_team_wins,home_team_losses,home_team_score,home_team_seed,away_team_id,away_team_name,away_team_city,away_team_tricode,away_team_slug,away_team_wins,away_team_losses,away_team_score,away_team_seed,season,league_id,season_type_id,season_type_description
2025-10-02,0012500008,20251002/PHINYK,3,Final,1,2025-10-02T00:00:00Z,1900-01-01T12:00:00Z,2025-10-02T12:00:00Z,2025-10-02T04:00:00Z,1900-01-01T16:00:00Z,2025-10-02T16:00:00Z,2025-10-02T12:00:00Z,2025-10-02T12:00:00Z,Thu,10,0,"",false,"",Preseason,NBA Abu Dhabi Game,Neutral Site,Etihad Arena,"",Abu Dhabi,N,"",Global Games,TRUE,1610612752,Knicks,New York,NYK,knicks,1,0,99,0,1610612755,76ers,Philadelphia,PHI,sixers,0,1,84,0,2025-26,00,1,Pre-Season
2025-10-03,0012500001,20251003/PHXLAL,3,Final,2,2025-10-03T00:00:00Z,1900-01-01T22:00:00Z,2025-10-03T22:00:00Z,2025-10-03T04:00:00Z,1900-01-01T02:00:00Z,2025-10-04T02:00:00Z,2025-10-03T19:00:00Z,2025-10-03T19:00:00Z,Fri,10,0,"",false,"",Preseason,"","",Acrisure Arena,CA,Palm Desert,N,"","",FALSE,1610612747,Lakers,Los Angeles,LAL,lakers,0,1,81,0,1610612756,Suns,Phoenix,PHX,suns,1,0,103,0,2025-26,00,1,Pre-Season
2025-10-03,0012500009,20251003/MELNOP,3,Final               ,1,2025-10-03T00:00:00Z,1900-01-01T05:30:00Z,2025-10-03T05:30:00Z,2025-10-03T04:00:00Z,1900-01-01T09:30:00Z,2025-10-03T09:30:00Z,2025-10-03T19:30:00Z,2025-10-03T04:30:00Z,Fri,10,0,"",false,"",Preseason,NBA Melbourne Game,"",Rod Laver Arena,"",Melbourne,N,"","",FALSE,1610612740,Pelicans,New Orleans,NOP,pelicans,1,0,107,0,15016,United,Melbourne,MEL,united,0,1,97,0,2025-26,00,1,Pre-Season
2025-10-04,0012500010,20251004/NYKPHI,3,Final,1,2025-10-04T00:00:00Z,1900-01-01T11:00:00Z,2025-10-04T11:00:00Z,2025-10-04T04:00:00Z,1900-01-01T15:00:00Z,2025-10-04T15:00:00Z,2025-10-04T11:00:00Z,2025-10-04T11:00:00Z,Sat,10,0,"",false,"",Preseason,NBA Abu Dhabi Game,Neutral Site,Etihad Arena,"",Abu Dhabi,N,"",Global Games,TRUE,1610612755,76ers,Philadelphia,PHI,sixers,0,2,104,0,1610612752,Knicks,New York,NYK,knicks,2,0,113,0,2025-26,00,1,Pre-Season
2025-10-04,0012500011,20251004/SEMNOP,3,Final               ,5,2025-10-04T00:00:00Z,1900-01-01T23:00:00Z,2025-10-04T23:00:00Z,2025-10-04T04:00:00Z,1900-01-01T03:00:00Z,2025-10-05T03:00:00Z,2025-10-05T14:00:00Z,2025-10-04T22:00:00Z,Sat,10,0,"",false,"",Preseason,NBA Melbourne Game,"",Rod Laver Arena,"",Melbourne,N,"","",FALSE,1610612740,Pelicans,New Orleans,NOP,pelicans,2,0,127,0,50013,Phoenix,South East Melbourne,SEM,phoenix,0,1,92,0,2025-26,00,1,Pre-Season
2025-10-04,0012500026,20251004/HAPBKN,3,Final               ,2,2025-10-04T00:00:00Z,1900-01-01T20:00:00Z,2025-10-04T20:00:00Z,2025-10-04T04:00:00Z,1900-01-01T00:00:00Z,2025-10-05T00:00:00Z,2025-10-05T03:00:00Z,2025-10-04T20:00:00Z,Sat,10,0,"",false,"",Preseason,"","",Barclays Center,NY,Brooklyn,N,"","",FALSE,1610612751,Nets,Brooklyn,BKN,nets,1,0,123,0,50014,Jerusalem B.C.,Hapoel,HAP,jerusalem-b.c.,0,1,88,0,2025-26,00,1,Pre-Season
2025-10-04,0012500027,20251004/ORLMIA,3,Final,3,2025-10-04T00:00:00Z,1900-01-01T20:00:00Z,2025-10-04T20:00:00Z,2025-10-04T04:00:00Z,1900-01-01T00:00:00Z,2025-10-05T00:00:00Z,2025-10-04T20:00:00Z,2025-10-04T20:00:00Z,Sat,10,0,"",false,"",Preseason,"","",Coliseo de Puerto Rico,"","San Juan,Puerto Rico",N,"","",FALSE,1610612748,Heat,Miami,MIA,heat,0,1,118,0,1610612753,Magic,Orlando,ORL,magic,1,0,126,0,2025-26,00,1,Pre-Season
2025-10-04,0012500028,20251004/MINDEN,3,Final,4,2025-10-04T00:00:00Z,1900-01-01T21:00:00Z,2025-10-04T21:00:00Z,2025-10-04T04:00:00Z,1900-01-01T01:00:00Z,2025-10-05T01:00:00Z,2025-10-04T20:00:00Z,2025-10-04T19:00:00Z,Sat,10,0,"",false,"",Preseason,"","",Pechanga Arena,CA,San Diego,N,"","",FALSE,1610612743,Nuggets,Denver,DEN,nuggets,0,1,116,0,1610612750,Timberwolves,Minnesota,MIN,timberwolves,1,0,126,0,2025-26,00,1,Pre-Season
2025-10-05,0012500029,20251005/OKCCHA,3,Final,1,2025-10-05T00:00:00Z,1900-01-01T17:00:00Z,2025-10-05T17:00:00Z,2025-10-05T04:00:00Z,1900-01-01T21:00:00Z,2025-10-05T21:00:00Z,2025-10-05T16:00:00Z,2025-10-05T17:00:00Z,Sun,10,0,"",false,"",Preseason,"","",North Charleston Coliseum,SC,Charleston,N,"","",FALSE,1610612766,Hornets,Charlotte,CHA,hornets,0,1,114,0,1610612760,Thunder,Oklahoma City,OKC,thunder,1,0,135,0,2025-26,00,1,Pre-Season
2025-10-05,0012500030,20251005/LALGSW,3,Final,2,2025-10-05T00:00:00Z,1900-01-01T20:30:00Z,2025-10-05T20:30:00Z,2025-10-05T04:00:00Z,1900-01-01T00:30:00Z,2025-10-06T00:30:00Z,2025-10-05T17:30:00Z,2025-10-05T17:30:00Z,Sun,10,0,"",false,"",Preseason,"","",Chase Center,CA,San Francisco,N,"","",FALSE,1610612744,Warriors,Golden State,GSW,warriors,1,0,111,0,1610612747,Lakers,Los Angeles,LAL,lakers,0,2,103,0,2025-26,00,1,Pre-Season
2025-10-06,0012500002,20251006/MILMIA,3,Final,1,2025-10-06T00:00:00Z,1900-01-01T19:30:00Z,2025-10-06T19:30:00Z,2025-10-06T04:00:00Z,1900-01-01T23:30:00Z,2025-10-06T23:30:00Z,2025-10-06T18:30:00Z,2025-10-06T19:30:00Z,Mon,10,0,"",false,"",Preseason,"","",Kaseya Center,FL,Miami,N,"","",FALSE,1610612748,Heat,Miami,MIA,heat,0,2,93,0,1610612749,Bucks,Milwaukee,MIL,bucks,1,0,103,0,2025-26,00,1,Pre-Season
2025-10-06,0012500014,20251006/ATLHOU,3,Final,2,2025-10-06T00:00:00Z,1900-01-01T20:00:00Z,2025-10-06T20:00:00Z,2025-10-06T04:00:00Z,1900-01-01T00:00:00Z,2025-10-07T00:00:00Z,2025-10-06T20:00:00Z,2025-10-06T19:00:00Z,Mon,10,0,"",false,"",Preseason,"","",Toyota Center,TX,Houston,N,"","",FALSE,1610612745,Rockets,Houston,HOU,rockets,1,0,122,0,1610612737,Hawks,Atlanta,ATL,hawks,0,1,113,0,2025-26,00,1,Pre-Season
2025-10-06,0012500031,20251006/DETMEM,3,Final,3,2025-10-06T00:00:00Z,1900-01-01T20:00:00Z,2025-10-06T20:00:00Z,2025-10-06T04:00:00Z,1900-01-01T00:00:00Z,2025-10-07T00:00:00Z,2025-10-06T20:00:00Z,2025-10-06T19:00:00Z,Mon,10,0,"",false,"",Preseason,"","",FedExForum,TN,Memphis,N,"","",FALSE,1610612763,Grizzlies,Memphis,MEM,grizzlies,0,1,112,0,1610612765,Pistons,Detroit,DET,pistons,1,0,128,0,2025-26,00,1,Pre-Season
2025-10-06,0012500032,20251006/GUASAS,3,Final,4,2025-10-06T00:00:00Z,1900-01-01T20:00:00Z,2025-10-06T20:00:00Z,2025-10-06T04:00:00Z,1900-01-01T00:00:00Z,2025-10-07T00:00:00Z,2025-10-07T08:00:00Z,2025-10-06T19:00:00Z,Mon,10,0,"",false,"",Preseason,"","",Frost Bank Center,TX,San Antonio,N,"","",FALSE,1610612759,Spurs,San Antonio,SAS,spurs,1,0,119,0,15018,Loong-Lions,Guangzhou,GUA,loong-lions,0,1,88,0,2025-26,00,1,Pre-Season
2025-10-06,0012500033,20251006/OKCDAL,3,Final,5,2025-10-06T00:00:00Z,1900-01-01T20:30:00Z,2025-10-06T20:30:00Z,2025-10-06T04:00:00Z,1900-01-01T00:30:00Z,2025-10-07T00:30:00Z,2025-10-06T19:30:00Z,2025-10-06T19:30:00Z,Mon,10,0,"",false,"",Preseason,"","",Dickies Arena,TX,Fort Worth,N,"","",FALSE,1610612742,Mavericks,Dallas,DAL,mavericks,1,0,106,0,1610612760,Thunder,Oklahoma City,OKC,thunder,1,1,89,0,2025-26,00,1,Pre-Season
2025-10-06,0012500034,20251006/DENTOR,3,Final,6,2025-10-06T00:00:00Z,1900-01-01T22:00:00Z,2025-10-06T22:00:00Z,2025-10-06T04:00:00Z,1900-01-01T02:00:00Z,2025-10-07T02:00:00Z,2025-10-06T20:00:00Z,2025-10-06T22:00:00Z,Mon,10,0,"",false,"",Preseason,"","",Rogers Arena,BC,Vancouver,N,"","",FALSE,1610612761,Raptors,Toronto,TOR,raptors,0,1,108,0,1610612743,Nuggets,Denver,DEN,nuggets,1,1,112,0,2025-26,00,1,Pre-Season
2025-10-07,0012500035,20251007/CHICLE,3,Final,1,2025-10-07T00:00:00Z,1900-01-01T19:00:00Z,2025-10-07T19:00:00Z,2025-10-07T04:00:00Z,1900-01-01T23:00:00Z,2025-10-07T23:00:00Z,2025-10-07T18:00:00Z,2025-10-07T19:00:00Z,Tue,10,0,"",false,"",Preseason,"","",Rocket Arena,OH,Cleveland,N,"","",FALSE,1610612739,Cavaliers,Cleveland,CLE,cavaliers,0,1,117,0,1610612741,Bulls,Chicago,CHI,bulls,1,0,118,0,2025-26,00,1,Pre-Season
2025-10-07,0012500036,20251007/INDMIN,3,Final/OT,2,2025-10-07T00:00:00Z,1900-01-01T20:00:00Z,2025-10-07T20:00:00Z,2025-10-07T04:00:00Z,1900-01-01T00:00:00Z,2025-10-08T00:00:00Z,2025-10-07T20:00:00Z,2025-10-07T19:00:00Z,Tue,10,0,"",false,"",Preseason,"","",Target Center,MN,Minneapolis,N,"","",FALSE,1610612750,Timberwolves,Minnesota,MIN,timberwolves,1,1,134,0,1610612754,Pacers,Indiana,IND,pacers,1,0,135,0,2025-26,00,1,Pre-Season
2025-10-08,0012500003,20251008/SASMIA,3,Final,1,2025-10-08T00:00:00Z,1900-01-01T19:30:00Z,2025-10-08T19:30:00Z,2025-10-08T04:00:00Z,1900-01-01T23:30:00Z,2025-10-08T23:30:00Z,2025-10-08T18:30:00Z,2025-10-08T19:30:00Z,Wed,10,0,"",false,"",Preseason,"","",Kaseya Center,FL,Miami,N,"","",FALSE,1610612748,Heat,Miami,MIA,heat,0,3,107,0,1610612759,Spurs,San Antonio,SAS,spurs,2,0,112,0,2025-26,00,1,Pre-Season
2025-10-08,0012500015,20251008/PORGSW,3,Final,4,2025-10-08T00:00:00Z,1900-01-01T22:00:00Z,2025-10-08T22:00:00Z,2025-10-08T04:00:00Z,1900-01-01T02:00:00Z,2025-10-09T02:00:00Z,2025-10-08T19:00:00Z,2025-10-08T19:00:00Z,Wed,10,0,"",false,"",Preseason,"","",Chase Center,CA,San Francisco,N,"","",FALSE,1610612744,Warriors,Golden State,GSW,warriors,2,0,129,0,1610612757,Trail Blazers,Portland,POR,blazers,0,1,123,0,2025-26,00,1,Pre-Season
2025-10-08,0012500016,20251008/TORSAC,3,Final,5,2025-10-08T00:00:00Z,1900-01-01T22:00:00Z,2025-10-08T22:00:00Z,2025-10-08T04:00:00Z,1900-01-01T02:00:00Z,2025-10-09T02:00:00Z,2025-10-08T22:00:00Z,2025-10-08T19:00:00Z,Wed,10,0,"",false,"",Preseason,"","",Golden 1 Center,CA,Sacramento,N,"","",FALSE,1610612758,Kings,Sacramento,SAC,kings,0,1,122,0,1610612761,Raptors,Toronto,TOR,raptors,1,1,130,0,2025-26,00,1,Pre-Season
2025-10-08,0012500037,20251008/UTAHOU,3,Final,2,2025-10-08T00:00:00Z,1900-01-01T20:00:00Z,2025-10-08T20:00:00Z,2025-10-08T04:00:00Z,1900-01-01T00:00:00Z,2025-10-09T00:00:00Z,2025-10-08T18:00:00Z,2025-10-08T19:00:00Z,Wed,10,0,"",false,"",Preseason,"","",Toyota Center,TX,Houston,N,"","",FALSE,1610612745,Rockets,Houston,HOU,rockets,2,0,140,0,1610612762,Jazz,Utah,UTA,jazz,0,1,127,0,2025-26,00,1,Pre-Season
2025-10-08,0012500038,20251008/BOSMEM,3,Final,3,2025-10-08T00:00:00Z,1900-01-01T20:00:00Z,2025-10-08T20:00:00Z,2025-10-08T04:00:00Z,1900-01-01T00:00:00Z,2025-10-09T00:00:00Z,2025-10-08T20:00:00Z,2025-10-08T19:00:00Z,Wed,10,0,"",false,"",Preseason,"","",FedExForum,TN,Memphis,N,"","",FALSE,1610612763,Grizzlies,Memphis,MEM,grizzlies,0,2,103,0,1610612738,Celtics,Boston,BOS,celtics,1,0,121,0,2025-26,00,1,Pre-Season
2025-10-09,0012500039,20251009/MINNYK,3,Final/OT,1,2025-10-09T00:00:00Z,1900-01-01T19:30:00Z,2025-10-09T19:30:00Z,2025-10-09T04:00:00Z,1900-01-01T23:30:00Z,2025-10-09T23:30:00Z,2025-10-09T18:30:00Z,2025-10-09T19:30:00Z,Thu,10,0,"",false,"",Preseason,"","",Madison Square Garden,NY,New York,N,"","",FALSE,1610612752,Knicks,New York,NYK,knicks,3,0,100,0,1610612750,Timberwolves,Minnesota,MIN,timberwolves,1,2,95,0,2025-26,00,1,Pre-Season
2025-10-09,0012500040,20251009/CLECHI,3,Final,2,2025-10-09T00:00:00Z,1900-01-01T20:00:00Z,2025-10-09T20:00:00Z,2025-10-09T04:00:00Z,1900-01-01T00:00:00Z,2025-10-10T00:00:00Z,2025-10-09T20:00:00Z,2025-10-09T19:00:00Z,Thu,10,0,"",false,"",Preseason,"","",United Center,IL,Chicago,N,"","",FALSE,1610612741,Bulls,Chicago,CHI,bulls,2,0,119,0,1610612739,Cavaliers,Cleveland,CLE,cavaliers,0,2,112,0,2025-26,00,1,Pre-Season
2025-10-09,0012500041,20251009/DETMIL,3,Final,3,2025-10-09T00:00:00Z,1900-01-01T20:00:00Z,2025-10-09T20:00:00Z,2025-10-09T04:00:00Z,1900-01-01T00:00:00Z,2025-10-10T00:00:00Z,2025-10-09T20:00:00Z,2025-10-09T19:00:00Z,Thu,10,0,"",false,"",Preseason,"","",Fiserv Forum,WI,Milwaukee,N,"","",FALSE,1610612749,Bucks,Milwaukee,MIL,bucks,2,0,117,0,1610612765,Pistons,Detroit,DET,pistons,1,1,111,0,2025-26,00,1,Pre-Season
2025-10-09,0012500042,20251009/CHAOKC,3,Final,4,2025-10-09T00:00:00Z,1900-01-01T20:00:00Z,2025-10-09T20:00:00Z,2025-10-09T04:00:00Z,1900-01-01T00:00:00Z,2025-10-10T00:00:00Z,2025-10-09T20:00:00Z,2025-10-09T19:00:00Z,Thu,10,0,"",false,"",Preseason,"","",Paycom Center,OK,Oklahoma City,N,"","",FALSE,1610612760,Thunder,Oklahoma City,OKC,thunder,2,1,122,0,1610612766,Hornets,Charlotte,CHA,hornets,0,2,116,0,2025-26,00,1,Pre-Season
2025-10-09,0012500043,20251009/GUALAC,3,Final,5,2025-10-09T00:00:00Z,1900-01-01T22:30:00Z,2025-10-09T22:30:00Z,2025-10-09T04:00:00Z,1900-01-01T02:30:00Z,2025-10-10T02:30:00Z,2025-10-10T10:30:00Z,2025-10-09T19:30:00Z,Thu,10,0,"",false,"",Preseason,"","",Frontwave Arena,CA,Oceanside,N,"","",FALSE,1610612746,Clippers,LA,LAC,clippers,1,0,142,0,15018,Loong-Lions,Guangzhou,GUA,loong-lions,0,2,95,0,2025-26,00,1,Pre-Season
2025-10-10,0012500012,20251010/PHXBKN,3,Final/OT,1,2025-10-10T00:00:00Z,1900-01-01T08:00:00Z,2025-10-10T08:00:00Z,2025-10-10T04:00:00Z,1900-01-01T12:00:00Z,2025-10-10T12:00:00Z,2025-10-10T05:00:00Z,2025-10-10T08:00:00Z,Fri,10,0,"",false,"",Preseason,NBA China Game,Neutral Site,Venetian Arena,"","Macao, China",N,"",Global Games,TRUE,1610612751,Nets,Brooklyn,BKN,nets,1,1,127,0,1610612756,Suns,Phoenix,PHX,suns,2,0,132,0,2025-26,00,1,Pre-Season
2025-10-10,0012500017,20251010/SACPOR,3,Final,5,2025-10-10T00:00:00Z,1900-01-01T22:00:00Z,2025-10-10T22:00:00Z,2025-10-10T04:00:00Z,1900-01-01T02:00:00Z,2025-10-11T02:00:00Z,2025-10-10T19:00:00Z,2025-10-10T19:00:00Z,Fri,10,0,"",false,"",Preseason,"","",Moda Center,OR,Portland,N,"","",FALSE,1610612757,Trail Blazers,Portland,POR,blazers,1,1,124,0,1610612758,Kings,Sacramento,SAC,kings,0,2,123,0,2025-26,00,1,Pre-Season
2025-10-10,0012500044,20251010/BOSTOR,3,Final,2,2025-10-10T00:00:00Z,1900-01-01T19:00:00Z,2025-10-10T19:00:00Z,2025-10-10T04:00:00Z,1900-01-01T23:00:00Z,2025-10-10T23:00:00Z,2025-10-10T19:00:00Z,2025-10-10T19:00:00Z,Fri,10,0,"",false,"",Preseason,"","",Scotiabank Arena,ON,Toronto,N,"","",FALSE,1610612761,Raptors,Toronto,TOR,raptors,2,1,107,0,1610612738,Celtics,Boston,BOS,celtics,1,1,105,0,2025-26,00,1,Pre-Season
2025-10-10,0012500045,20251010/UTASAS,3,Final/OT,4,2025-10-10T00:00:00Z,1900-01-01T20:00:00Z,2025-10-10T20:00:00Z,2025-10-10T04:00:00Z,1900-01-01T00:00:00Z,2025-10-11T00:00:00Z,2025-10-10T18:00:00Z,2025-10-10T19:00:00Z,Fri,10,0,"",false,"",Preseason,"","",Frost Bank Center,TX,San Antonio,N,"","",FALSE,1610612759,Spurs,San Antonio,SAS,spurs,3,0,134,0,1610612762,Jazz,Utah,UTA,jazz,0,2,130,0,2025-26,00,1,Pre-Season
2025-10-10,0012500070,20251010/ORLPHI,3,Final,3,2025-10-10T00:00:00Z,1900-01-01T19:00:00Z,2025-10-10T19:00:00Z,2025-10-10T04:00:00Z,1900-01-01T23:00:00Z,2025-10-10T23:00:00Z,2025-10-10T19:00:00Z,2025-10-10T19:00:00Z,Fri,10,0,"",false,"",Preseason,"","",Xfinity Mobile Arena,PA,Philadelphia,N,"","",FALSE,1610612755,76ers,Philadelphia,PHI,sixers,0,3,98,0,1610612753,Magic,Orlando,ORL,magic,2,0,128,0,2025-26,00,1,Pre-Season
2025-10-11,0012500018,20251011/ATLMEM,3,Final,2,2025-10-11T00:00:00Z,1900-01-01T20:00:00Z,2025-10-11T20:00:00Z,2025-10-11T04:00:00Z,1900-01-01T00:00:00Z,2025-10-12T00:00:00Z,2025-10-11T20:00:00Z,2025-10-11T19:00:00Z,Sat,10,0,"",false,"",Preseason,"","",FedExForum,TN,Memphis,N,"","",FALSE,1610612763,Grizzlies,Memphis,MEM,grizzlies,0,3,116,0,1610612737,Hawks,Atlanta,ATL,hawks,1,1,122,0,2025-26,00,1,Pre-Season
2025-10-11,0012500046,20251011/OKCIND,3,Final,1,2025-10-11T00:00:00Z,1900-01-01T19:00:00Z,2025-10-11T19:00:00Z,2025-10-11T04:00:00Z,1900-01-01T23:00:00Z,2025-10-11T23:00:00Z,2025-10-11T18:00:00Z,2025-10-11T19:00:00Z,Sat,10,0,"",false,"",Preseason,"","",Gainbridge Fieldhouse,IN,Indianapolis,N,"","",FALSE,1610612754,Pacers,Indiana,IND,pacers,2,0,116,0,1610612760,Thunder,Oklahoma City,OKC,thunder,2,2,101,0,2025-26,00,1,Pre-Season
2025-10-11,0012500047,20251011/CHADAL,3,Final,3,2025-10-11T00:00:00Z,1900-01-01T20:30:00Z,2025-10-11T20:30:00Z,2025-10-11T04:00:00Z,1900-01-01T00:30:00Z,2025-10-12T00:30:00Z,2025-10-11T20:30:00Z,2025-10-11T19:30:00Z,Sat,10,0,"",false,"",Preseason,"","",American Airlines Center,TX,Dallas,N,"","",FALSE,1610612742,Mavericks,Dallas,DAL,mavericks,1,1,116,0,1610612766,Hornets,Charlotte,CHA,hornets,1,2,120,0,2025-26,00,1,Pre-Season
2025-10-12,0012500004,20251012/GSWLAL,3,Final,6,2025-10-12T00:00:00Z,1900-01-01T21:30:00Z,2025-10-12T21:30:00Z,2025-10-12T04:00:00Z,1900-01-01T01:30:00Z,2025-10-13T01:30:00Z,2025-10-12T18:30:00Z,2025-10-12T18:30:00Z,Sun,10,0,"",false,"",Preseason,"","",Crypto.com Arena,CA,Los Angeles,N,"","",FALSE,1610612747,Lakers,Los Angeles,LAL,lakers,1,2,126,0,1610612744,Warriors,Golden State,GSW,warriors,2,1,116,0,2025-26,00,1,Pre-Season
2025-10-12,0012500013,20251012/BKNPHX,3,Final,1,2025-10-12T00:00:00Z,1900-01-01T07:00:00Z,2025-10-12T07:00:00Z,2025-10-12T04:00:00Z,1900-01-01T11:00:00Z,2025-10-12T11:00:00Z,2025-10-12T07:00:00Z,2025-10-12T04:00:00Z,Sun,10,0,"",false,"",Preseason,NBA China Game,Neutral Site,Venetian Arena,"","Macao, China",N,"",Global Games,TRUE,1610612756,Suns,Phoenix,PHX,suns,2,1,109,0,1610612751,Nets,Brooklyn,BKN,nets,2,1,111,0,2025-26,00,1,Pre-Season
2025-10-12,0012500048,20251012/TORWAS,3,Final,2,2025-10-12T00:00:00Z,1900-01-01T15:00:00Z,2025-10-12T15:00:00Z,2025-10-12T04:00:00Z,1900-01-01T19:00:00Z,2025-10-12T19:00:00Z,2025-10-12T15:00:00Z,2025-10-12T15:00:00Z,Sun,10,0,"",false,"",Preseason,"","",Capital One Arena,DC,Washington,N,"","",FALSE,1610612764,Wizards,Washington,WAS,wizards,0,1,112,0,1610612761,Raptors,Toronto,TOR,raptors,3,1,113,0,2025-26,00,1,Pre-Season
2025-10-12,0012500049,20251012/MIAORL,3,Final,3,2025-10-12T00:00:00Z,1900-01-01T18:00:00Z,2025-10-12T18:00:00Z,2025-10-12T04:00:00Z,1900-01-01T22:00:00Z,2025-10-12T22:00:00Z,2025-10-12T18:00:00Z,2025-10-12T18:00:00Z,Sun,10,0,"",false,"",Preseason,"","",Kia Center,FL,Orlando,N,"","",FALSE,1610612753,Magic,Orlando,ORL,magic,3,0,120,0,1610612748,Heat,Miami,MIA,heat,0,4,104,0,2025-26,00,1,Pre-Season
2025-10-12,0012500050,20251012/CLEBOS,3,Final,4,2025-10-12T00:00:00Z,1900-01-01T19:00:00Z,2025-10-12T19:00:00Z,2025-10-12T04:00:00Z,1900-01-01T23:00:00Z,2025-10-12T23:00:00Z,2025-10-12T19:00:00Z,2025-10-12T19:00:00Z,Sun,10,0,"",false,"",Preseason,"","",TD Garden,MA,Boston,N,"","",FALSE,1610612738,Celtics,Boston,BOS,celtics,2,1,138,0,1610612739,Cavaliers,Cleveland,CLE,cavaliers,0,3,107,0,2025-26,00,1,Pre-Season
2025-10-12,0012500051,20251012/MILCHI,3,Final,5,2025-10-12T00:00:00Z,1900-01-01T19:00:00Z,2025-10-12T19:00:00Z,2025-10-12T04:00:00Z,1900-01-01T23:00:00Z,2025-10-12T23:00:00Z,2025-10-12T18:00:00Z,2025-10-12T18:00:00Z,Sun,10,0,"",false,"",Preseason,"","",United Center,IL,Chicago,N,"","",FALSE,1610612741,Bulls,Chicago,CHI,bulls,2,1,121,0,1610612749,Bucks,Milwaukee,MIL,bucks,3,0,127,0,2025-26,00,1,Pre-Season
2025-10-12,0012500052,20251012/DENLAC,3,Final,7,2025-10-12T00:00:00Z,1900-01-01T21:30:00Z,2025-10-12T21:30:00Z,2025-10-12T04:00:00Z,1900-01-01T01:30:00Z,2025-10-13T01:30:00Z,2025-10-12T19:30:00Z,2025-10-12T18:30:00Z,Sun,10,0,"",false,"",Preseason,"","",Intuit Dome,CA,Inglewood,N,"","",FALSE,1610612746,Clippers,LA,LAC,clippers,1,1,94,0,1610612743,Nuggets,Denver,DEN,nuggets,2,1,102,0,2025-26,00,1,Pre-Season
2025-10-13,0012500019,20251013/MIAATL,3,Final/OT,1,2025-10-13T00:00:00Z,1900-01-01T18:00:00Z,2025-10-13T18:00:00Z,2025-10-13T04:00:00Z,1900-01-01T22:00:00Z,2025-10-13T22:00:00Z,2025-10-13T18:00:00Z,2025-10-13T18:00:00Z,Mon,10,0,"",false,"",Preseason,"","",State Farm Arena,GA,Atlanta,N,"","",FALSE,1610612737,Hawks,Atlanta,ATL,hawks,2,1,119,0,1610612748,Heat,Miami,MIA,heat,0,5,118,0,2025-26,00,1,Pre-Season
2025-10-13,0012500053,20251013/SASIND,3,Final,2,2025-10-13T00:00:00Z,1900-01-01T19:00:00Z,2025-10-13T19:00:00Z,2025-10-13T04:00:00Z,1900-01-01T23:00:00Z,2025-10-13T23:00:00Z,2025-10-13T18:00:00Z,2025-10-13T19:00:00Z,Mon,10,0,"",false,"",Preseason,"","",Gainbridge Fieldhouse,IN,Indianapolis,N,"","",FALSE,1610612754,Pacers,Indiana,IND,pacers,2,1,108,0,1610612759,Spurs,San Antonio,SAS,spurs,4,0,124,0,2025-26,00,1,Pre-Season
2025-10-13,0012500054,20251013/WASNYK,3,Final,3,2025-10-13T00:00:00Z,1900-01-01T19:30:00Z,2025-10-13T19:30:00Z,2025-10-13T04:00:00Z,1900-01-01T23:30:00Z,2025-10-13T23:30:00Z,2025-10-13T19:30:00Z,2025-10-13T19:30:00Z,Mon,10,0,"",false,"",Preseason,"","",Madison Square Garden,NY,New York,N,"","",FALSE,1610612752,Knicks,New York,NYK,knicks,3,1,103,0,1610612764,Wizards,Washington,WAS,wizards,1,1,120,0,2025-26,00,1,Pre-Season
2025-10-13,0012500055,20251013/GUAMIN,3,Final,4,2025-10-13T00:00:00Z,1900-01-01T20:00:00Z,2025-10-13T20:00:00Z,2025-10-13T04:00:00Z,1900-01-01T00:00:00Z,2025-10-14T00:00:00Z,2025-10-14T08:00:00Z,2025-10-13T19:00:00Z,Mon,10,0,"",false,"",Preseason,"","",Target Center,MN,Minneapolis,N,"","",FALSE,1610612750,Timberwolves,Minnesota,MIN,timberwolves,2,2,134,0,15018,Loong-Lions,Guangzhou,GUA,loong-lions,0,3,74,0,2025-26,00,1,Pre-Season
2025-10-13,0012500056,20251013/DALUTA,3,Final,5,2025-10-13T00:00:00Z,1900-01-01T21:00:00Z,2025-10-13T21:00:00Z,2025-10-13T04:00:00Z,1900-01-01T01:00:00Z,2025-10-14T01:00:00Z,2025-10-13T20:00:00Z,2025-10-13T19:00:00Z,Mon,10,0,"",false,"",Preseason,"","",Delta Center,UT,Salt Lake City,N,"","",FALSE,1610612762,Jazz,Utah,UTA,jazz,0,3,101,0,1610612742,Mavericks,Dallas,DAL,mavericks,2,1,114,0,2025-26,00,1,Pre-Season
2025-10-14,0012500020,20251014/HOUNOP,3,Final,2,2025-10-14T00:00:00Z,1900-01-01T20:00:00Z,2025-10-14T20:00:00Z,2025-10-14T04:00:00Z,1900-01-01T00:00:00Z,2025-10-15T00:00:00Z,2025-10-14T19:00:00Z,2025-10-14T19:00:00Z,Tue,10,0,"",false,"",Preseason,"","",Legacy Arena at the BJCC,AL,Birmingham,N,"","",FALSE,1610612740,Pelicans,New Orleans,NOP,pelicans,2,1,128,0,1610612745,Rockets,Houston,HOU,rockets,3,0,130,0,2025-26,00,1,Pre-Season
2025-10-14,0012500021,20251014/GSWPOR,3,Final,5,2025-10-14T00:00:00Z,1900-01-01T22:00:00Z,2025-10-14T22:00:00Z,2025-10-14T04:00:00Z,1900-01-01T02:00:00Z,2025-10-15T02:00:00Z,2025-10-14T19:00:00Z,2025-10-14T19:00:00Z,Tue,10,0,"",false,"",Preseason,"","",Moda Center,OR,Portland,N,"","",FALSE,1610612757,Trail Blazers,Portland,POR,blazers,1,2,111,0,1610612744,Warriors,Golden State,GSW,warriors,3,1,118,0,2025-26,00,1,Pre-Season
2025-10-14,0012500057,20251014/DETCLE,3,Final,1,2025-10-14T00:00:00Z,1900-01-01T19:00:00Z,2025-10-14T19:00:00Z,2025-10-14T04:00:00Z,1900-01-01T23:00:00Z,2025-10-14T23:00:00Z,2025-10-14T19:00:00Z,2025-10-14T19:00:00Z,Tue,10,0,"",false,"",Preseason,"","",Rocket Arena,OH,Cleveland,N,"","",FALSE,1610612739,Cavaliers,Cleveland,CLE,cavaliers,1,3,118,0,1610612765,Pistons,Detroit,DET,pistons,1,2,100,0,2025-26,00,1,Pre-Season
2025-10-14,0012500058,20251014/OKCMIL,3,Final,3,2025-10-14T00:00:00Z,1900-01-01T20:00:00Z,2025-10-14T20:00:00Z,2025-10-14T04:00:00Z,1900-01-01T00:00:00Z,2025-10-15T00:00:00Z,2025-10-14T19:00:00Z,2025-10-14T19:00:00Z,Tue,10,0,"",false,"",Preseason,"","",Fiserv Forum,WI,Milwaukee,N,"","",FALSE,1610612749,Bucks,Milwaukee,MIL,bucks,3,1,112,0,1610612760,Thunder,Oklahoma City,OKC,thunder,3,2,116,0,2025-26,00,1,Pre-Season
2025-10-14,0012500059,20251014/CHIDEN,3,Final,4,2025-10-14T00:00:00Z,1900-01-01T21:00:00Z,2025-10-14T21:00:00Z,2025-10-14T04:00:00Z,1900-01-01T01:00:00Z,2025-10-15T01:00:00Z,2025-10-14T20:00:00Z,2025-10-14T19:00:00Z,Tue,10,0,"",false,"",Preseason,"","",Ball Arena,CO,Denver,N,"","",FALSE,1610612743,Nuggets,Denver,DEN,nuggets,3,1,124,0,1610612741,Bulls,Chicago,CHI,bulls,2,2,117,0,2025-26,00,1,Pre-Season
2025-10-14,0012500060,20251014/LALPHX,3,Final,6,2025-10-14T00:00:00Z,1900-01-01T22:00:00Z,2025-10-14T22:00:00Z,2025-10-14T04:00:00Z,1900-01-01T02:00:00Z,2025-10-15T02:00:00Z,2025-10-14T19:00:00Z,2025-10-14T19:00:00Z,Tue,10,0,"",false,"",Preseason,"","",Mortgage Matchup Center,AZ,Phoenix,N,"","",FALSE,1610612756,Suns,Phoenix,PHX,suns,3,1,113,0,1610612747,Lakers,Los Angeles,LAL,lakers,1,3,104,0,2025-26,00,1,Pre-Season
2025-10-15,0012500005,20251015/DALLAL,3,Final,4,2025-10-15T00:00:00Z,1900-01-01T22:30:00Z,2025-10-15T22:30:00Z,2025-10-15T04:00:00Z,1900-01-01T02:30:00Z,2025-10-16T02:30:00Z,2025-10-15T21:30:00Z,2025-10-15T19:30:00Z,Wed,10,0,"",false,"",Preseason,"","",T-Mobile Arena,NV,Las Vegas,N,"","",FALSE,1610612747,Lakers,Los Angeles,LAL,lakers,1,4,94,0,1610612742,Mavericks,Dallas,DAL,mavericks,3,1,121,0,2025-26,00,1,Pre-Season
2025-10-15,0012500022,20251015/LACSAC,3,Final,3,2025-10-15T00:00:00Z,1900-01-01T22:00:00Z,2025-10-15T22:00:00Z,2025-10-15T04:00:00Z,1900-01-01T02:00:00Z,2025-10-16T02:00:00Z,2025-10-15T19:00:00Z,2025-10-15T19:00:00Z,Wed,10,0,"",false,"",Preseason,"","",Golden 1 Center,CA,Sacramento,N,"","",FALSE,1610612758,Kings,Sacramento,SAC,kings,0,3,91,0,1610612746,Clippers,LA,LAC,clippers,2,1,109,0,2025-26,00,1,Pre-Season
2025-10-15,0012500061,20251015/MEMCHA,3,Final,1,2025-10-15T00:00:00Z,1900-01-01T19:00:00Z,2025-10-15T19:00:00Z,2025-10-15T04:00:00Z,1900-01-01T23:00:00Z,2025-10-15T23:00:00Z,2025-10-15T18:00:00Z,2025-10-15T19:00:00Z,Wed,10,0,"",false,"",Preseason,"","",First Horizon Coliseum,NC,Greensboro,N,"","",FALSE,1610612766,Hornets,Charlotte,CHA,hornets,2,2,145,0,1610612763,Grizzlies,Memphis,MEM,grizzlies,0,4,116,0,2025-26,00,1,Pre-Season
2025-10-15,0012500062,20251015/TORBOS,3,Final,2,2025-10-15T00:00:00Z,1900-01-01T19:30:00Z,2025-10-15T19:30:00Z,2025-10-15T04:00:00Z,1900-01-01T23:30:00Z,2025-10-15T23:30:00Z,2025-10-15T19:30:00Z,2025-10-15T19:30:00Z,Wed,10,0,"",false,"",Preseason,"","",TD Garden,MA,Boston,N,"","",FALSE,1610612738,Celtics,Boston,BOS,celtics,3,1,110,0,1610612761,Raptors,Toronto,TOR,raptors,3,2,108,0,2025-26,00,1,Pre-Season
2025-10-16,0012500023,20251016/NOPORL,3,Final,1,2025-10-16T00:00:00Z,1900-01-01T19:00:00Z,2025-10-16T19:00:00Z,2025-10-16T04:00:00Z,1900-01-01T23:00:00Z,2025-10-16T23:00:00Z,2025-10-16T18:00:00Z,2025-10-16T19:00:00Z,Thu,10,0,"",false,"",Preseason,"","",Kia Center,FL,Orlando,N,"","",FALSE,1610612753,Magic,Orlando,ORL,magic,4,0,132,0,1610612740,Pelicans,New Orleans,NOP,pelicans,2,2,125,0,2025-26,00,1,Pre-Season
2025-10-16,0012500024,20251016/HOUATL,3,Final,3,2025-10-16T00:00:00Z,1900-01-01T19:30:00Z,2025-10-16T19:30:00Z,2025-10-16T04:00:00Z,1900-01-01T23:30:00Z,2025-10-16T23:30:00Z,2025-10-16T18:30:00Z,2025-10-16T19:30:00Z,Thu,10,0,"",false,"",Preseason,"","",State Farm Arena,GA,Atlanta,N,"","",FALSE,1610612737,Hawks,Atlanta,ATL,hawks,2,2,115,0,1610612745,Rockets,Houston,HOU,rockets,4,0,133,0,2025-26,00,1,Pre-Season
2025-10-16,0012500025,20251016/PORUTA,3,Final,5,2025-10-16T00:00:00Z,1900-01-01T21:00:00Z,2025-10-16T21:00:00Z,2025-10-16T04:00:00Z,1900-01-01T01:00:00Z,2025-10-17T01:00:00Z,2025-10-16T18:00:00Z,2025-10-16T19:00:00Z,Thu,10,0,"",false,"",Preseason,"","",Delta Center,UT,Salt Lake City,N,"","",FALSE,1610612762,Jazz,Utah,UTA,jazz,1,3,132,0,1610612757,Trail Blazers,Portland,POR,blazers,1,3,129,0,2025-26,00,1,Pre-Season
2025-10-16,0012500063,20251016/WASDET,3,Final,2,2025-10-16T00:00:00Z,1900-01-01T19:00:00Z,2025-10-16T19:00:00Z,2025-10-16T04:00:00Z,1900-01-01T23:00:00Z,2025-10-16T23:00:00Z,2025-10-16T19:00:00Z,2025-10-16T19:00:00Z,Thu,10,0,"",false,"",Preseason,"","",Little Caesars Arena,MI,Detroit,N,"","",FALSE,1610612765,Pistons,Detroit,DET,pistons,2,2,119,0,1610612764,Wizards,Washington,WAS,wizards,1,2,98,0,2025-26,00,1,Pre-Season
2025-10-16,0012500064,20251016/MINCHI,3,Final,4,2025-10-16T00:00:00Z,1900-01-01T20:00:00Z,2025-10-16T20:00:00Z,2025-10-16T04:00:00Z,1900-01-01T00:00:00Z,2025-10-17T00:00:00Z,2025-10-16T19:00:00Z,2025-10-16T19:00:00Z,Thu,10,0,"",false,"",Preseason,"","",United Center,IL,Chicago,N,"","",FALSE,1610612741,Bulls,Chicago,CHI,bulls,3,2,126,0,1610612750,Timberwolves,Minnesota,MIN,timberwolves,2,3,120,0,2025-26,00,1,Pre-Season
2025-10-17,0012500006,20251017/MEMMIA,3,Final,4,2025-10-17T00:00:00Z,1900-01-01T20:00:00Z,2025-10-17T20:00:00Z,2025-10-17T04:00:00Z,1900-01-01T00:00:00Z,2025-10-18T00:00:00Z,2025-10-17T19:00:00Z,2025-10-17T20:00:00Z,Fri,10,0,"",false,"",Preseason,"","",Kaseya Center,FL,Miami,N,"","",FALSE,1610612748,Heat,Miami,MIA,heat,0,6,125,0,1610612763,Grizzlies,Memphis,MEM,grizzlies,1,4,141,0,2025-26,00,1,Pre-Season
2025-10-17,0012500007,20251017/SACLAL,3,Final,8,2025-10-17T00:00:00Z,1900-01-01T22:30:00Z,2025-10-17T22:30:00Z,2025-10-17T04:00:00Z,1900-01-01T02:30:00Z,2025-10-18T02:30:00Z,2025-10-17T19:30:00Z,2025-10-17T19:30:00Z,Fri,10,0,"",false,"",Preseason,"","",Crypto.com Arena,CA,Los Angeles,N,"","",FALSE,1610612747,Lakers,Los Angeles,LAL,lakers,1,5,116,0,1610612758,Kings,Sacramento,SAC,kings,1,3,117,0,2025-26,00,1,Pre-Season
2025-10-17,0012500065,20251017/BKNTOR,3,Final,1,2025-10-17T00:00:00Z,1900-01-01T19:00:00Z,2025-10-17T19:00:00Z,2025-10-17T04:00:00Z,1900-01-01T23:00:00Z,2025-10-17T23:00:00Z,2025-10-17T19:00:00Z,2025-10-17T19:00:00Z,Fri,10,0,"",false,"",Preseason,"","",Scotiabank Arena,ON,Toronto,N,"","",FALSE,1610612761,Raptors,Toronto,TOR,raptors,4,2,119,0,1610612751,Nets,Brooklyn,BKN,nets,2,2,114,0,2025-26,00,1,Pre-Season
2025-10-17,0012500066,20251017/CHANYK,3,Final,3,2025-10-17T00:00:00Z,1900-01-01T19:30:00Z,2025-10-17T19:30:00Z,2025-10-17T04:00:00Z,1900-01-01T23:30:00Z,2025-10-17T23:30:00Z,2025-10-17T19:30:00Z,2025-10-17T19:30:00Z,Fri,10,0,"",false,"",Preseason,"","",Madison Square Garden,NY,New York,N,"","",FALSE,1610612752,Knicks,New York,NYK,knicks,4,1,113,0,1610612766,Hornets,Charlotte,CHA,hornets,2,3,108,0,2025-26,00,1,Pre-Season
2025-10-17,0012500067,20251017/DENOKC,3,Final,5,2025-10-17T00:00:00Z,1900-01-01T20:00:00Z,2025-10-17T20:00:00Z,2025-10-17T04:00:00Z,1900-01-01T00:00:00Z,2025-10-18T00:00:00Z,2025-10-17T18:00:00Z,2025-10-17T19:00:00Z,Fri,10,0,"",false,"",Preseason,"","",Paycom Center,OK,Oklahoma City,N,"","",FALSE,1610612760,Thunder,Oklahoma City,OKC,thunder,4,2,94,0,1610612743,Nuggets,Denver,DEN,nuggets,3,2,91,0,2025-26,00,1,Pre-Season
2025-10-17,0012500068,20251017/INDSAS,3,Final,6,2025-10-17T00:00:00Z,1900-01-01T20:00:00Z,2025-10-17T20:00:00Z,2025-10-17T04:00:00Z,1900-01-01T00:00:00Z,2025-10-18T00:00:00Z,2025-10-17T20:00:00Z,2025-10-17T19:00:00Z,Fri,10,0,"",false,"",Preseason,"","",Frost Bank Center,TX,San Antonio,N,"","",FALSE,1610612759,Spurs,San Antonio,SAS,spurs,5,0,133,0,1610612754,Pacers,Indiana,IND,pacers,2,2,104,0,2025-26,00,1,Pre-Season
2025-10-17,0012500069,20251017/LACGSW,3,Final,7,2025-10-17T00:00:00Z,1900-01-01T22:00:00Z,2025-10-17T22:00:00Z,2025-10-17T04:00:00Z,1900-01-01T02:00:00Z,2025-10-18T02:00:00Z,2025-10-17T19:00:00Z,2025-10-17T19:00:00Z,Fri,10,0,"",false,"",Preseason,"","",Chase Center,CA,San Francisco,N,"","",FALSE,1610612744,Warriors,Golden State,GSW,warriors,3,2,103,0,1610612746,Clippers,LA,LAC,clippers,3,1,106,0,2025-26,00,1,Pre-Season
2025-10-17,0012500071,20251017/MINPHI,3,Final,2,2025-10-17T00:00:00Z,1900-01-01T19:00:00Z,2025-10-17T19:00:00Z,2025-10-17T04:00:00Z,1900-01-01T23:00:00Z,2025-10-17T23:00:00Z,2025-10-17T18:00:00Z,2025-10-17T19:00:00Z,Fri,10,0,"",false,"",Preseason,"","",Xfinity Mobile Arena,PA,Philadelphia,N,"","",FALSE,1610612755,76ers,Philadelphia,PHI,sixers,1,3,126,0,1610612750,Timberwolves,Minnesota,MIN,timberwolves,2,4,110,0,2025-26,00,1,Pre-Season
2025-10-21,0022500001,20251021/HOUOKC,3,Final/OT2,1,2025-10-21T00:00:00Z,1900-01-01T19:30:00Z,2025-10-21T19:30:00Z,2025-10-21T04:00:00Z,1900-01-01T23:30:00Z,2025-10-21T23:30:00Z,2025-10-21T18:30:00Z,2025-10-21T18:30:00Z,Tue,10,1,Week 1,false,"","","","",Paycom Center,OK,Oklahoma City,N,"","",FALSE,1610612760,Thunder,Oklahoma City,OKC,thunder,1,0,125,0,1610612745,Rockets,Houston,HOU,rockets,0,1,124,0,2025-26,00,2,Regular Season
2025-10-21,0022500002,20251021/GSWLAL,3,Final,2,2025-10-21T00:00:00Z,1900-01-01T22:00:00Z,2025-10-21T22:00:00Z,2025-10-21T04:00:00Z,1900-01-01T02:00:00Z,2025-10-22T02:00:00Z,2025-10-21T19:00:00Z,2025-10-21T19:00:00Z,Tue,10,1,Week 1,false,"","","","",Crypto.com Arena,CA,Los Angeles,N,"","",FALSE,1610612747,Lakers,Los Angeles,LAL,lakers,0,1,109,0,1610612744,Warriors,Golden State,GSW,warriors,1,0,119,0,2025-26,00,2,Regular Season
2025-10-22,0022500003,20251022/CLENYK,3,Final,1,2025-10-22T00:00:00Z,1900-01-01T19:00:00Z,2025-10-22T19:00:00Z,2025-10-22T04:00:00Z,1900-01-01T23:00:00Z,2025-10-22T23:00:00Z,2025-10-22T19:00:00Z,2025-10-22T19:00:00Z,Wed,10,1,Week 1,false,"","","","",Madison Square Garden,NY,New York,N,"","",FALSE,1610612752,Knicks,New York,NYK,knicks,1,0,119,0,1610612739,Cavaliers,Cleveland,CLE,cavaliers,0,1,111,0,2025-26,00,2,Regular Season
2025-10-22,0022500004,20251022/SASDAL,3,Final,10,2025-10-22T00:00:00Z,1900-01-01T21:30:00Z,2025-10-22T21:30:00Z,2025-10-22T04:00:00Z,1900-01-01T01:30:00Z,2025-10-23T01:30:00Z,2025-10-22T20:30:00Z,2025-10-22T20:30:00Z,Wed,10,1,Week 1,false,"","","","",American Airlines Center,TX,Dallas,N,"","",FALSE,1610612742,Mavericks,Dallas,DAL,mavericks,0,1,92,0,1610612759,Spurs,San Antonio,SAS,spurs,1,0,125,0,2025-26,00,2,Regular Season
2025-10-22,0022500080,20251022/BKNCHA,3,Final,2,2025-10-22T00:00:00Z,1900-01-01T19:00:00Z,2025-10-22T19:00:00Z,2025-10-22T04:00:00Z,1900-01-01T23:00:00Z,2025-10-22T23:00:00Z,2025-10-22T19:00:00Z,2025-10-22T19:00:00Z,Wed,10,1,Week 1,false,"","","","",Spectrum Center,NC,Charlotte,N,"","",FALSE,1610612766,Hornets,Charlotte,CHA,hornets,1,0,136,0,1610612751,Nets,Brooklyn,BKN,nets,0,1,117,0,2025-26,00,2,Regular Season
2025-10-22,0022500081,20251022/MIAORL,3,Final,3,2025-10-22T00:00:00Z,1900-01-01T19:00:00Z,2025-10-22T19:00:00Z,2025-10-22T04:00:00Z,1900-01-01T23:00:00Z,2025-10-22T23:00:00Z,2025-10-22T19:00:00Z,2025-10-22T19:00:00Z,Wed,10,1,Week 1,false,"","","","",Kia Center,FL,Orlando,N,"","",FALSE,1610612753,Magic,Orlando,ORL,magic,1,0,125,0,1610612748,Heat,Miami,MIA,heat,0,1,121,0,2025-26,00,2,Regular Season
2025-10-22,0022500082,20251022/TORATL,3,Final,4,2025-10-22T00:00:00Z,1900-01-01T19:30:00Z,2025-10-22T19:30:00Z,2025-10-22T04:00:00Z,1900-01-01T23:30:00Z,2025-10-22T23:30:00Z,2025-10-22T19:30:00Z,2025-10-22T19:30:00Z,Wed,10,1,Week 1,false,"","","","",State Farm Arena,GA,Atlanta,N,"","",FALSE,1610612737,Hawks,Atlanta,ATL,hawks,0,1,118,0,1610612761,Raptors,Toronto,TOR,raptors,1,0,138,0,2025-26,00,2,Regular Season
2025-10-22,0022500083,20251022/PHIBOS,3,Final,5,2025-10-22T00:00:00Z,1900-01-01T19:30:00Z,2025-10-22T19:30:00Z,2025-10-22T04:00:00Z,1900-01-01T23:30:00Z,2025-10-22T23:30:00Z,2025-10-22T19:30:00Z,2025-10-22T19:30:00Z,Wed,10,1,Week 1,false,"","","","",TD Garden,MA,Boston,N,"","",FALSE,1610612738,Celtics,Boston,BOS,celtics,0,1,116,0,1610612755,76ers,Philadelphia,PHI,sixers,1,0,117,0,2025-26,00,2,Regular Season
2025-10-22,0022500084,20251022/DETCHI,3,Final,6,2025-10-22T00:00:00Z,1900-01-01T20:00:00Z,2025-10-22T20:00:00Z,2025-10-22T04:00:00Z,1900-01-01T00:00:00Z,2025-10-23T00:00:00Z,2025-10-22T20:00:00Z,2025-10-22T19:00:00Z,Wed,10,1,Week 1,false,"","","","",United Center,IL,Chicago,N,"","",FALSE,1610612741,Bulls,Chicago,CHI,bulls,1,0,115,0,1610612765,Pistons,Detroit,DET,pistons,0,1,111,0,2025-26,00,2,Regular Season
2025-10-22,0022500085,20251022/NOPMEM,3,Final,7,2025-10-22T00:00:00Z,1900-01-01T20:00:00Z,2025-10-22T20:00:00Z,2025-10-22T04:00:00Z,1900-01-01T00:00:00Z,2025-10-23T00:00:00Z,2025-10-22T19:00:00Z,2025-10-22T19:00:00Z,Wed,10,1,Week 1,false,"","","","",FedExForum,TN,Memphis,N,"","",FALSE,1610612763,Grizzlies,Memphis,MEM,grizzlies,1,0,128,0,1610612740,Pelicans,New Orleans,NOP,pelicans,0,1,122,0,2025-26,00,2,Regular Season
2025-10-22,0022500086,20251022/WASMIL,3,Final,8,2025-10-22T00:00:00Z,1900-01-01T20:00:00Z,2025-10-22T20:00:00Z,2025-10-22T04:00:00Z,1900-01-01T00:00:00Z,2025-10-23T00:00:00Z,2025-10-22T20:00:00Z,2025-10-22T19:00:00Z,Wed,10,1,Week 1,false,"","","","",Fiserv Forum,WI,Milwaukee,N,"","",FALSE,1610612749,Bucks,Milwaukee,MIL,bucks,1,0,133,0,1610612764,Wizards,Washington,WAS,wizards,0,1,120,0,2025-26,00,2,Regular Season
2025-10-22,0022500087,20251022/LACUTA,3,Final,9,2025-10-22T00:00:00Z,1900-01-01T21:00:00Z,2025-10-22T21:00:00Z,2025-10-22T04:00:00Z,1900-01-01T01:00:00Z,2025-10-23T01:00:00Z,2025-10-22T18:00:00Z,2025-10-22T19:00:00Z,Wed,10,1,Week 1,false,"","","","",Delta Center,UT,Salt Lake City,N,"","",FALSE,1610612762,Jazz,Utah,UTA,jazz,1,0,129,0,1610612746,Clippers,LA,LAC,clippers,0,1,108,0,2025-26,00,2,Regular Season
2025-10-22,0022500088,20251022/SACPHX,3,Final,11,2025-10-22T00:00:00Z,1900-01-01T22:00:00Z,2025-10-22T22:00:00Z,2025-10-22T04:00:00Z,1900-01-01T02:00:00Z,2025-10-23T02:00:00Z,2025-10-22T19:00:00Z,2025-10-22T19:00:00Z,Wed,10,1,Week 1,false,"","","","",Mortgage Matchup Center,AZ,Phoenix,N,"","",FALSE,1610612756,Suns,Phoenix,PHX,suns,1,0,120,0,1610612758,Kings,Sacramento,SAC,kings,0,1,116,0,2025-26,00,2,Regular Season
2025-10-22,0022500089,20251022/MINPOR,3,Final,12,2025-10-22T00:00:00Z,1900-01-01T22:00:00Z,2025-10-22T22:00:00Z,2025-10-22T04:00:00Z,1900-01-01T02:00:00Z,2025-10-23T02:00:00Z,2025-10-22T21:00:00Z,2025-10-22T19:00:00Z,Wed,10,1,Week 1,false,"","","","",Moda Center,OR,Portland,N,"","",FALSE,1610612757,Trail Blazers,Portland,POR,blazers,0,1,114,0,1610612750,Timberwolves,Minnesota,MIN,timberwolves,1,0,118,0,2025-26,00,2,Regular Season
2025-10-23,0022500005,20251023/OKCIND,3,Final/OT2,1,2025-10-23T00:00:00Z,1900-01-01T19:30:00Z,2025-10-23T19:30:00Z,2025-10-23T04:00:00Z,1900-01-01T23:30:00Z,2025-10-23T23:30:00Z,2025-10-23T18:30:00Z,2025-10-23T19:30:00Z,Thu,10,1,Week 1,false,"","","","",Gainbridge Fieldhouse,IN,Indianapolis,N,"","",FALSE,1610612754,Pacers,Indiana,IND,pacers,0,1,135,0,1610612760,Thunder,Oklahoma City,OKC,thunder,2,0,141,0,2025-26,00,2,Regular Season
2025-10-23,0022500006,20251023/DENGSW,3,Final/OT,2,2025-10-23T00:00:00Z,1900-01-01T22:00:00Z,2025-10-23T22:00:00Z,2025-10-23T04:00:00Z,1900-01-01T02:00:00Z,2025-10-24T02:00:00Z,2025-10-23T20:00:00Z,2025-10-23T19:00:00Z,Thu,10,1,Week 1,false,"","","","",Chase Center,CA,San Francisco,N,"","",FALSE,1610612744,Warriors,Golden State,GSW,warriors,2,0,137,0,1610612743,Nuggets,Denver,DEN,nuggets,0,1,131,0,2025-26,00,2,Regular Season
2025-10-24,0022500018,20251024/BOSNYK,3,Final,3,2025-10-24T00:00:00Z,1900-01-01T19:30:00Z,2025-10-24T19:30:00Z,2025-10-24T04:00:00Z,1900-01-01T23:30:00Z,2025-10-24T23:30:00Z,2025-10-24T19:30:00Z,2025-10-24T19:30:00Z,Fri,10,1,Week 1,false,"","","","",Madison Square Garden,NY,New York,N,"","",FALSE,1610612752,Knicks,New York,NYK,knicks,2,0,105,0,1610612738,Celtics,Boston,BOS,celtics,0,2,95,0,2025-26,00,2,Regular Season
2025-10-24,0022500019,20251024/MINLAL,3,Final,9,2025-10-24T00:00:00Z,1900-01-01T22:00:00Z,2025-10-24T22:00:00Z,2025-10-24T04:00:00Z,1900-01-01T02:00:00Z,2025-10-25T02:00:00Z,2025-10-24T21:00:00Z,2025-10-24T19:00:00Z,Fri,10,1,Week 1,false,"","","","",Crypto.com Arena,CA,Los Angeles,N,"","",FALSE,1610612747,Lakers,Los Angeles,LAL,lakers,1,1,128,0,1610612750,Timberwolves,Minnesota,MIN,timberwolves,1,1,110,0,2025-26,00,2,Regular Season
2025-10-24,0022500090,20251024/ATLORL,3,Final,2,2025-10-24T00:00:00Z,1900-01-01T19:00:00Z,2025-10-24T19:00:00Z,2025-10-24T04:00:00Z,1900-01-01T23:00:00Z,2025-10-24T23:00:00Z,2025-10-24T19:00:00Z,2025-10-24T19:00:00Z,Fri,10,1,Week 1,false,"","","","",Kia Center,FL,Orlando,N,"","",FALSE,1610612753,Magic,Orlando,ORL,magic,1,1,107,0,1610612737,Hawks,Atlanta,ATL,hawks,1,1,111,0,2025-26,00,2,Regular Season
2025-10-24,0022500091,20251024/CLEBKN,3,Final,4,2025-10-24T00:00:00Z,1900-01-01T19:30:00Z,2025-10-24T19:30:00Z,2025-10-24T04:00:00Z,1900-01-01T23:30:00Z,2025-10-24T23:30:00Z,2025-10-24T19:30:00Z,2025-10-24T19:30:00Z,Fri,10,1,Week 1,false,"","","","",Barclays Center,NY,Brooklyn,N,"","",FALSE,1610612751,Nets,Brooklyn,BKN,nets,0,2,124,0,1610612739,Cavaliers,Cleveland,CLE,cavaliers,1,1,131,0,2025-26,00,2,Regular Season
2025-10-24,0022500092,20251024/MILTOR,3,Final,1,2025-10-24T00:00:00Z,1900-01-01T18:30:00Z,2025-10-24T18:30:00Z,2025-10-24T04:00:00Z,1900-01-01T22:30:00Z,2025-10-24T22:30:00Z,2025-10-24T17:30:00Z,2025-10-24T18:30:00Z,Fri,10,1,Week 1,false,"","","","",Scotiabank Arena,ON,Toronto,N,"","",FALSE,1610612761,Raptors,Toronto,TOR,raptors,1,1,116,0,1610612749,Bucks,Milwaukee,MIL,bucks,2,0,122,0,2025-26,00,2,Regular Season
2025-10-24,0022500093,20251024/DETHOU,3,Final,5,2025-10-24T00:00:00Z,1900-01-01T20:00:00Z,2025-10-24T20:00:00Z,2025-10-24T04:00:00Z,1900-01-01T00:00:00Z,2025-10-25T00:00:00Z,2025-10-24T20:00:00Z,2025-10-24T19:00:00Z,Fri,10,1,Week 1,false,"","","","",Toyota Center,TX,Houston,N,"","",FALSE,1610612745,Rockets,Houston,HOU,rockets,0,2,111,0,1610612765,Pistons,Detroit,DET,pistons,1,1,115,0,2025-26,00,2,Regular Season
2025-10-24,0022500094,20251024/MIAMEM,3,Final,6,2025-10-24T00:00:00Z,1900-01-01T20:00:00Z,2025-10-24T20:00:00Z,2025-10-24T04:00:00Z,1900-01-01T00:00:00Z,2025-10-25T00:00:00Z,2025-10-24T20:00:00Z,2025-10-24T19:00:00Z,Fri,10,1,Week 1,false,"","","","",FedExForum,TN,Memphis,N,"","",FALSE,1610612763,Grizzlies,Memphis,MEM,grizzlies,1,1,114,0,1610612748,Heat,Miami,MIA,heat,1,1,146,0,2025-26,00,2,Regular Season
2025-10-24,0022500095,20251024/SASNOP,3,Final/OT,7,2025-10-24T00:00:00Z,1900-01-01T20:00:00Z,2025-10-24T20:00:00Z,2025-10-24T04:00:00Z,1900-01-01T00:00:00Z,2025-10-25T00:00:00Z,2025-10-24T19:00:00Z,2025-10-24T19:00:00Z,Fri,10,1,Week 1,false,"","","","",Smoothie King Center,LA,New Orleans,N,"","",FALSE,1610612740,Pelicans,New Orleans,NOP,pelicans,0,2,116,0,1610612759,Spurs,San Antonio,SAS,spurs,2,0,120,0,2025-26,00,2,Regular Season
2025-10-24,0022500096,20251024/WASDAL,3,Final,8,2025-10-24T00:00:00Z,1900-01-01T20:30:00Z,2025-10-24T20:30:00Z,2025-10-24T04:00:00Z,1900-01-01T00:30:00Z,2025-10-25T00:30:00Z,2025-10-24T20:30:00Z,2025-10-24T19:30:00Z,Fri,10,1,Week 1,false,"","","","",American Airlines Center,TX,Dallas,N,"","",FALSE,1610612742,Mavericks,Dallas,DAL,mavericks,0,2,107,0,1610612764,Wizards,Washington,WAS,wizards,1,1,117,0,2025-26,00,2,Regular Season
2025-10-24,0022500097,20251024/GSWPOR,3,Final,10,2025-10-24T00:00:00Z,1900-01-01T22:00:00Z,2025-10-24T22:00:00Z,2025-10-24T04:00:00Z,1900-01-01T02:00:00Z,2025-10-25T02:00:00Z,2025-10-24T19:00:00Z,2025-10-24T19:00:00Z,Fri,10,1,Week 1,false,"","","","",Moda Center,OR,Portland,N,"","",FALSE,1610612757,Trail Blazers,Portland,POR,blazers,1,1,139,0,1610612744,Warriors,Golden State,GSW,warriors,2,1,119,0,2025-26,00,2,Regular Season
2025-10-24,0022500098,20251024/UTASAC,3,Final,11,2025-10-24T00:00:00Z,1900-01-01T22:00:00Z,2025-10-24T22:00:00Z,2025-10-24T04:00:00Z,1900-01-01T02:00:00Z,2025-10-25T02:00:00Z,2025-10-24T20:00:00Z,2025-10-24T19:00:00Z,Fri,10,1,Week 1,false,"","","","",Golden 1 Center,CA,Sacramento,N,"","",FALSE,1610612758,Kings,Sacramento,SAC,kings,1,1,105,0,1610612762,Jazz,Utah,UTA,jazz,1,1,104,0,2025-26,00,2,Regular Season
2025-10-24,0022500099,20251024/PHXLAC,3,Final,12,2025-10-24T00:00:00Z,1900-01-01T22:30:00Z,2025-10-24T22:30:00Z,2025-10-24T04:00:00Z,1900-01-01T02:30:00Z,2025-10-25T02:30:00Z,2025-10-24T19:30:00Z,2025-10-24T19:30:00Z,Fri,10,1,Week 1,false,"","","","",Intuit Dome,CA,Inglewood,N,"","",FALSE,1610612746,Clippers,LA,LAC,clippers,1,1,129,0,1610612756,Suns,Phoenix,PHX,suns,1,1,102,0,2025-26,00,2,Regular Season
2025-10-25,0022500100,20251025/CHIORL,3,Final,1,2025-10-25T00:00:00Z,1900-01-01T19:00:00Z,2025-10-25T19:00:00Z,2025-10-25T04:00:00Z,1900-01-01T23:00:00Z,2025-10-25T23:00:00Z,2025-10-25T18:00:00Z,2025-10-25T19:00:00Z,Sat,10,1,Week 1,false,"","","","",Kia Center,FL,Orlando,N,"","",FALSE,1610612753,Magic,Orlando,ORL,magic,1,2,98,0,1610612741,Bulls,Chicago,CHI,bulls,2,0,110,0,2025-26,00,2,Regular Season
2025-10-25,0022500101,20251025/OKCATL,3,Final,2,2025-10-25T00:00:00Z,1900-01-01T19:30:00Z,2025-10-25T19:30:00Z,2025-10-25T04:00:00Z,1900-01-01T23:30:00Z,2025-10-25T23:30:00Z,2025-10-25T18:30:00Z,2025-10-25T19:30:00Z,Sat,10,1,Week 1,false,"","","","",State Farm Arena,GA,Atlanta,N,"","",FALSE,1610612737,Hawks,Atlanta,ATL,hawks,1,2,100,0,1610612760,Thunder,Oklahoma City,OKC,thunder,3,0,117,0,2025-26,00,2,Regular Season
2025-10-25,0022500102,20251025/CHAPHI,3,Final,3,2025-10-25T00:00:00Z,1900-01-01T19:30:00Z,2025-10-25T19:30:00Z,2025-10-25T04:00:00Z,1900-01-01T23:30:00Z,2025-10-25T23:30:00Z,2025-10-25T19:30:00Z,2025-10-25T19:30:00Z,Sat,10,1,Week 1,false,"","","","",Xfinity Mobile Arena,PA,Philadelphia,N,"","",FALSE,1610612755,76ers,Philadelphia,PHI,sixers,2,0,125,0,1610612766,Hornets,Charlotte,CHA,hornets,1,1,121,0,2025-26,00,2,Regular Season
2025-10-25,0022500103,20251025/INDMEM,3,Final,4,2025-10-25T00:00:00Z,1900-01-01T20:00:00Z,2025-10-25T20:00:00Z,2025-10-25T04:00:00Z,1900-01-01T00:00:00Z,2025-10-26T00:00:00Z,2025-10-25T20:00:00Z,2025-10-25T19:00:00Z,Sat,10,1,Week 1,false,"","","","",FedExForum,TN,Memphis,N,"","",FALSE,1610612763,Grizzlies,Memphis,MEM,grizzlies,2,1,128,0,1610612754,Pacers,Indiana,IND,pacers,0,2,103,0,2025-26,00,2,Regular Season
2025-10-25,0022500104,20251025/PHXDEN,3,Final,5,2025-10-25T00:00:00Z,1900-01-01T21:00:00Z,2025-10-25T21:00:00Z,2025-10-25T04:00:00Z,1900-01-01T01:00:00Z,2025-10-26T01:00:00Z,2025-10-25T18:00:00Z,2025-10-25T19:00:00Z,Sat,10,1,Week 1,false,"","","","",Ball Arena,CO,Denver,N,"","",FALSE,1610612743,Nuggets,Denver,DEN,nuggets,1,1,133,0,1610612756,Suns,Phoenix,PHX,suns,1,2,111,0,2025-26,00,2,Regular Season
2025-10-26,0022500105,20251026/BKNSAS,3,Final,1,2025-10-26T00:00:00Z,1900-01-01T14:00:00Z,2025-10-26T14:00:00Z,2025-10-26T04:00:00Z,1900-01-01T18:00:00Z,2025-10-26T18:00:00Z,2025-10-26T14:00:00Z,2025-10-26T13:00:00Z,Sun,10,1,Week 1,false,"","","","",Frost Bank Center,TX,San Antonio,N,"","",FALSE,1610612759,Spurs,San Antonio,SAS,spurs,3,0,118,0,1610612751,Nets,Brooklyn,BKN,nets,0,3,107,0,2025-26,00,2,Regular Season
2025-10-26,0022500106,20251026/BOSDET,3,Final,2,2025-10-26T00:00:00Z,1900-01-01T15:30:00Z,2025-10-26T15:30:00Z,2025-10-26T04:00:00Z,1900-01-01T19:30:00Z,2025-10-26T19:30:00Z,2025-10-26T15:30:00Z,2025-10-26T15:30:00Z,Sun,10,1,Week 1,false,"","","","",Little Caesars Arena,MI,Detroit,N,"","",FALSE,1610612765,Pistons,Detroit,DET,pistons,2,1,119,0,1610612738,Celtics,Boston,BOS,celtics,0,3,113,0,2025-26,00,2,Regular Season
2025-10-26,0022500107,20251026/MILCLE,3,Final,3,2025-10-26T00:00:00Z,1900-01-01T18:00:00Z,2025-10-26T18:00:00Z,2025-10-26T04:00:00Z,1900-01-01T22:00:00Z,2025-10-26T22:00:00Z,2025-10-26T17:00:00Z,2025-10-26T18:00:00Z,Sun,10,1,Week 1,false,"","","","",Rocket Arena,OH,Cleveland,N,"","",FALSE,1610612739,Cavaliers,Cleveland,CLE,cavaliers,2,1,118,0,1610612749,Bucks,Milwaukee,MIL,bucks,2,1,113,0,2025-26,00,2,Regular Season
2025-10-26,0022500108,20251026/NYKMIA,3,Final,4,2025-10-26T00:00:00Z,1900-01-01T18:00:00Z,2025-10-26T18:00:00Z,2025-10-26T04:00:00Z,1900-01-01T22:00:00Z,2025-10-26T22:00:00Z,2025-10-26T18:00:00Z,2025-10-26T18:00:00Z,Sun,10,1,Week 1,false,"","","","",Kaseya Center,FL,Miami,N,"","",FALSE,1610612748,Heat,Miami,MIA,heat,2,1,115,0,1610612752,Knicks,New York,NYK,knicks,2,1,107,0,2025-26,00,2,Regular Season
2025-10-26,0022500109,20251026/CHAWAS,3,Final,5,2025-10-26T00:00:00Z,1900-01-01T18:00:00Z,2025-10-26T18:00:00Z,2025-10-26T04:00:00Z,1900-01-01T22:00:00Z,2025-10-26T22:00:00Z,2025-10-26T18:00:00Z,2025-10-26T18:00:00Z,Sun,10,1,Week 1,false,"","","","",Capital One Arena,DC,Washington,N,"","",FALSE,1610612764,Wizards,Washington,WAS,wizards,1,2,113,0,1610612766,Hornets,Charlotte,CHA,hornets,2,1,139,0,2025-26,00,2,Regular Season
2025-10-26,0022500110,20251026/INDMIN,3,Final,6,2025-10-26T00:00:00Z,1900-01-01T19:00:00Z,2025-10-26T19:00:00Z,2025-10-26T04:00:00Z,1900-01-01T23:00:00Z,2025-10-26T23:00:00Z,2025-10-26T19:00:00Z,2025-10-26T18:00:00Z,Sun,10,1,Week 1,false,"","","","",Target Center,MN,Minneapolis,N,"","",FALSE,1610612750,Timberwolves,Minnesota,MIN,timberwolves,2,1,114,0,1610612754,Pacers,Indiana,IND,pacers,0,3,110,0,2025-26,00,2,Regular Season
2025-10-26,0022500111,20251026/TORDAL,3,Final,7,2025-10-26T00:00:00Z,1900-01-01T19:30:00Z,2025-10-26T19:30:00Z,2025-10-26T04:00:00Z,1900-01-01T23:30:00Z,2025-10-26T23:30:00Z,2025-10-26T19:30:00Z,2025-10-26T18:30:00Z,Sun,10,1,Week 1,false,"","","","",American Airlines Center,TX,Dallas,N,"","",FALSE,1610612742,Mavericks,Dallas,DAL,mavericks,1,2,139,0,1610612761,Raptors,Toronto,TOR,raptors,1,2,129,0,2025-26,00,2,Regular Season
2025-10-26,0022500112,20251026/PORLAC,3,Final,8,2025-10-26T00:00:00Z,1900-01-01T21:00:00Z,2025-10-26T21:00:00Z,2025-10-26T04:00:00Z,1900-01-01T01:00:00Z,2025-10-27T01:00:00Z,2025-10-26T18:00:00Z,2025-10-26T18:00:00Z,Sun,10,1,Week 1,false,"","","","",Intuit Dome,CA,Inglewood,N,"","",FALSE,1610612746,Clippers,LA,LAC,clippers,2,1,114,0,1610612757,Trail Blazers,Portland,POR,blazers,1,2,107,0,2025-26,00,2,Regular Season
2025-10-26,0022500113,20251026/LALSAC,3,Final,9,2025-10-26T00:00:00Z,1900-01-01T21:00:00Z,2025-10-26T21:00:00Z,2025-10-26T04:00:00Z,1900-01-01T01:00:00Z,2025-10-27T01:00:00Z,2025-10-26T18:00:00Z,2025-10-26T18:00:00Z,Sun,10,1,Week 1,false,"","","","",Golden 1 Center,CA,Sacramento,N,"","",FALSE,1610612758,Kings,Sacramento,SAC,kings,1,2,120,0,1610612747,Lakers,Los Angeles,LAL,lakers,2,1,127,0,2025-26,00,2,Regular Season
2025-10-27,0022500007,20251027/CLEDET,3,Final,1,2025-10-27T00:00:00Z,1900-01-01T19:00:00Z,2025-10-27T19:00:00Z,2025-10-27T04:00:00Z,1900-01-01T23:00:00Z,2025-10-27T23:00:00Z,2025-10-27T19:00:00Z,2025-10-27T19:00:00Z,Mon,10,2,Week 2,false,"","","","",Little Caesars Arena,MI,Detroit,N,"","",FALSE,1610612765,Pistons,Detroit,DET,pistons,2,2,95,0,1610612739,Cavaliers,Cleveland,CLE,cavaliers,3,1,116,0,2025-26,00,2,Regular Season
2025-10-27,0022500008,20251027/DENMIN,3,Final,9,2025-10-27T00:00:00Z,1900-01-01T21:30:00Z,2025-10-27T21:30:00Z,2025-10-27T04:00:00Z,1900-01-01T01:30:00Z,2025-10-28T01:30:00Z,2025-10-27T19:30:00Z,2025-10-27T20:30:00Z,Mon,10,2,Week 2,false,"","","","",Target Center,MN,Minneapolis,N,"","",FALSE,1610612750,Timberwolves,Minnesota,MIN,timberwolves,2,2,114,0,1610612743,Nuggets,Denver,DEN,nuggets,2,1,127,0,2025-26,00,2,Regular Season
2025-10-27,0022500114,20251027/ORLPHI,3,Final,2,2025-10-27T00:00:00Z,1900-01-01T19:00:00Z,2025-10-27T19:00:00Z,2025-10-27T04:00:00Z,1900-01-01T23:00:00Z,2025-10-27T23:00:00Z,2025-10-27T19:00:00Z,2025-10-27T19:00:00Z,Mon,10,2,Week 2,false,"","","","",Xfinity Mobile Arena,PA,Philadelphia,N,"","",FALSE,1610612755,76ers,Philadelphia,PHI,sixers,3,0,136,0,1610612753,Magic,Orlando,ORL,magic,1,3,124,0,2025-26,00,2,Regular Season
2025-10-27,0022500115,20251027/ATLCHI,3,Final,3,2025-10-27T00:00:00Z,1900-01-01T20:00:00Z,2025-10-27T20:00:00Z,2025-10-27T04:00:00Z,1900-01-01T00:00:00Z,2025-10-28T00:00:00Z,2025-10-27T20:00:00Z,2025-10-27T19:00:00Z,Mon,10,2,Week 2,false,"","","","",United Center,IL,Chicago,N,"","",FALSE,1610612741,Bulls,Chicago,CHI,bulls,3,0,128,0,1610612737,Hawks,Atlanta,ATL,hawks,1,3,123,0,2025-26,00,2,Regular Season
2025-10-27,0022500116,20251027/BKNHOU,3,Final,4,2025-10-27T00:00:00Z,1900-01-01T20:00:00Z,2025-10-27T20:00:00Z,2025-10-27T04:00:00Z,1900-01-01T00:00:00Z,2025-10-28T00:00:00Z,2025-10-27T20:00:00Z,2025-10-27T19:00:00Z,Mon,10,2,Week 2,false,"","","","",Toyota Center,TX,Houston,N,"","",FALSE,1610612745,Rockets,Houston,HOU,rockets,1,2,137,0,1610612751,Nets,Brooklyn,BKN,nets,0,4,109,0,2025-26,00,2,Regular Season
2025-10-27,0022500117,20251027/BOSNOP,3,Final,5,2025-10-27T00:00:00Z,1900-01-01T20:00:00Z,2025-10-27T20:00:00Z,2025-10-27T04:00:00Z,1900-01-01T00:00:00Z,2025-10-28T00:00:00Z,2025-10-27T20:00:00Z,2025-10-27T19:00:00Z,Mon,10,2,Week 2,false,"","","","",Smoothie King Center,LA,New Orleans,N,"","",FALSE,1610612740,Pelicans,New Orleans,NOP,pelicans,0,3,90,0,1610612738,Celtics,Boston,BOS,celtics,1,3,122,0,2025-26,00,2,Regular Season
2025-10-27,0022500118,20251027/TORSAS,3,Final,6,2025-10-27T00:00:00Z,1900-01-01T20:00:00Z,2025-10-27T20:00:00Z,2025-10-27T04:00:00Z,1900-01-01T00:00:00Z,2025-10-28T00:00:00Z,2025-10-27T20:00:00Z,2025-10-27T19:00:00Z,Mon,10,2,Week 2,false,"","","","",Frost Bank Center,TX,San Antonio,N,"","",FALSE,1610612759,Spurs,San Antonio,SAS,spurs,4,0,121,0,1610612761,Raptors,Toronto,TOR,raptors,1,3,103,0,2025-26,00,2,Regular Season
2025-10-27,0022500119,20251027/OKCDAL,3,Final,7,2025-10-27T00:00:00Z,1900-01-01T20:30:00Z,2025-10-27T20:30:00Z,2025-10-27T04:00:00Z,1900-01-01T00:30:00Z,2025-10-28T00:30:00Z,2025-10-27T19:30:00Z,2025-10-27T19:30:00Z,Mon,10,2,Week 2,false,"","","","",American Airlines Center,TX,Dallas,N,"","",FALSE,1610612742,Mavericks,Dallas,DAL,mavericks,1,3,94,0,1610612760,Thunder,Oklahoma City,OKC,thunder,4,0,101,0,2025-26,00,2,Regular Season
2025-10-27,0022500120,20251027/PHXUTA,3,Final/OT,8,2025-10-27T00:00:00Z,1900-01-01T21:00:00Z,2025-10-27T21:00:00Z,2025-10-27T04:00:00Z,1900-01-01T01:00:00Z,2025-10-28T01:00:00Z,2025-10-27T18:00:00Z,2025-10-27T19:00:00Z,Mon,10,2,Week 2,false,"","","","",Delta Center,UT,Salt Lake City,N,"","",FALSE,1610612762,Jazz,Utah,UTA,jazz,2,1,138,0,1610612756,Suns,Phoenix,PHX,suns,1,3,134,0,2025-26,00,2,Regular Season
2025-10-27,0022500121,20251027/MEMGSW,3,Final,10,2025-10-27T00:00:00Z,1900-01-01T22:00:00Z,2025-10-27T22:00:00Z,2025-10-27T04:00:00Z,1900-01-01T02:00:00Z,2025-10-28T02:00:00Z,2025-10-27T21:00:00Z,2025-10-27T19:00:00Z,Mon,10,2,Week 2,false,"","","","",Chase Center,CA,San Francisco,N,"","",FALSE,1610612744,Warriors,Golden State,GSW,warriors,3,1,131,0,1610612763,Grizzlies,Memphis,MEM,grizzlies,2,2,118,0,2025-26,00,2,Regular Season
2025-10-27,0022500122,20251027/PORLAL,3,Final,11,2025-10-27T00:00:00Z,1900-01-01T22:30:00Z,2025-10-27T22:30:00Z,2025-10-27T04:00:00Z,1900-01-01T02:30:00Z,2025-10-28T02:30:00Z,2025-10-27T19:30:00Z,2025-10-27T19:30:00Z,Mon,10,2,Week 2,false,"","","","",Crypto.com Arena,CA,Los Angeles,N,"","",FALSE,1610612747,Lakers,Los Angeles,LAL,lakers,2,2,108,0,1610612757,Trail Blazers,Portland,POR,blazers,2,2,122,0,2025-26,00,2,Regular Season
2025-10-28,0022500123,20251028/PHIWAS,3,Final/OT,1,2025-10-28T00:00:00Z,1900-01-01T19:00:00Z,2025-10-28T19:00:00Z,2025-10-28T04:00:00Z,1900-01-01T23:00:00Z,2025-10-28T23:00:00Z,2025-10-28T19:00:00Z,2025-10-28T19:00:00Z,Tue,10,2,Week 2,false,"","","","",Capital One Arena,DC,Washington,N,"","",FALSE,1610612764,Wizards,Washington,WAS,wizards,1,3,134,0,1610612755,76ers,Philadelphia,PHI,sixers,4,0,139,0,2025-26,00,2,Regular Season
2025-10-28,0022500124,20251028/CHAMIA,3,Final,2,2025-10-28T00:00:00Z,1900-01-01T19:30:00Z,2025-10-28T19:30:00Z,2025-10-28T04:00:00Z,1900-01-01T23:30:00Z,2025-10-28T23:30:00Z,2025-10-28T19:30:00Z,2025-10-28T19:30:00Z,Tue,10,2,Week 2,false,"","","","",Kaseya Center,FL,Miami,N,"","",FALSE,1610612748,Heat,Miami,MIA,heat,3,1,144,0,1610612766,Hornets,Charlotte,CHA,hornets,2,2,117,0,2025-26,00,2,Regular Season
2025-10-28,0022500125,20251028/NYKMIL,3,Final,3,2025-10-28T00:00:00Z,1900-01-01T20:00:00Z,2025-10-28T20:00:00Z,2025-10-28T04:00:00Z,1900-01-01T00:00:00Z,2025-10-29T00:00:00Z,2025-10-28T20:00:00Z,2025-10-28T19:00:00Z,Tue,10,2,Week 2,false,"","","","",Fiserv Forum,WI,Milwaukee,N,"","",FALSE,1610612749,Bucks,Milwaukee,MIL,bucks,3,1,121,0,1610612752,Knicks,New York,NYK,knicks,2,2,111,0,2025-26,00,2,Regular Season
2025-10-28,0022500126,20251028/SACOKC,3,Final,4,2025-10-28T00:00:00Z,1900-01-01T20:00:00Z,2025-10-28T20:00:00Z,2025-10-28T04:00:00Z,1900-01-01T00:00:00Z,2025-10-29T00:00:00Z,2025-10-28T17:00:00Z,2025-10-28T19:00:00Z,Tue,10,2,Week 2,false,"","","","",Paycom Center,OK,Oklahoma City,N,"","",FALSE,1610612760,Thunder,Oklahoma City,OKC,thunder,5,0,107,0,1610612758,Kings,Sacramento,SAC,kings,1,3,101,0,2025-26,00,2,Regular Season
2025-10-28,0022500127,20251028/LACGSW,3,Final,5,2025-10-28T00:00:00Z,1900-01-01T23:00:00Z,2025-10-28T23:00:00Z,2025-10-28T04:00:00Z,1900-01-01T03:00:00Z,2025-10-29T03:00:00Z,2025-10-28T20:00:00Z,2025-10-28T20:00:00Z,Tue,10,2,Week 2,false,"","","","",Chase Center,CA,San Francisco,N,"","",FALSE,1610612744,Warriors,Golden State,GSW,warriors,4,1,98,0,1610612746,Clippers,LA,LAC,clippers,2,2,79,0,2025-26,00,2,Regular Season
2025-10-29,0022500128,20251029/CLEBOS,3,Final,2,2025-10-29T00:00:00Z,1900-01-01T19:00:00Z,2025-10-29T19:00:00Z,2025-10-29T04:00:00Z,1900-01-01T23:00:00Z,2025-10-29T23:00:00Z,2025-10-29T19:00:00Z,2025-10-29T19:00:00Z,Wed,10,2,Week 2,false,"","","","",TD Garden,MA,Boston,N,"","",FALSE,1610612738,Celtics,Boston,BOS,celtics,2,3,125,0,1610612739,Cavaliers,Cleveland,CLE,cavaliers,3,2,105,0,2025-26,00,2,Regular Season
2025-10-29,0022500129,20251029/ORLDET,3,Final,3,2025-10-29T00:00:00Z,1900-01-01T19:00:00Z,2025-10-29T19:00:00Z,2025-10-29T04:00:00Z,1900-01-01T23:00:00Z,2025-10-29T23:00:00Z,2025-10-29T19:00:00Z,2025-10-29T19:00:00Z,Wed,10,2,Week 2,false,"","","","",Little Caesars Arena,MI,Detroit,N,"","",FALSE,1610612765,Pistons,Detroit,DET,pistons,3,2,135,0,1610612753,Magic,Orlando,ORL,magic,1,4,116,0,2025-26,00,2,Regular Season
2025-10-29,0022500130,20251029/ATLBKN,3,Final,4,2025-10-29T00:00:00Z,1900-01-01T19:30:00Z,2025-10-29T19:30:00Z,2025-10-29T04:00:00Z,1900-01-01T23:30:00Z,2025-10-29T23:30:00Z,2025-10-29T19:30:00Z,2025-10-29T19:30:00Z,Wed,10,2,Week 2,false,"","","","",Barclays Center,NY,Brooklyn,N,"","",FALSE,1610612751,Nets,Brooklyn,BKN,nets,0,5,112,0,1610612737,Hawks,Atlanta,ATL,hawks,2,3,117,0,2025-26,00,2,Regular Season
2025-10-29,0022500131,20251029/HOUTOR,3,Final,1,2025-10-29T00:00:00Z,1900-01-01T18:30:00Z,2025-10-29T18:30:00Z,2025-10-29T04:00:00Z,1900-01-01T22:30:00Z,2025-10-29T22:30:00Z,2025-10-29T17:30:00Z,2025-10-29T18:30:00Z,Wed,10,2,Week 2,false,"","","","",Scotiabank Arena,ON,Toronto,N,"","",FALSE,1610612761,Raptors,Toronto,TOR,raptors,1,4,121,0,1610612745,Rockets,Houston,HOU,rockets,2,2,139,0,2025-26,00,2,Regular Season
2025-10-29,0022500132,20251029/SACCHI,3,Final,5,2025-10-29T00:00:00Z,1900-01-01T20:00:00Z,2025-10-29T20:00:00Z,2025-10-29T04:00:00Z,1900-01-01T00:00:00Z,2025-10-30T00:00:00Z,2025-10-29T17:00:00Z,2025-10-29T19:00:00Z,Wed,10,2,Week 2,false,"","","","",United Center,IL,Chicago,N,"","",FALSE,1610612741,Bulls,Chicago,CHI,bulls,4,0,126,0,1610612758,Kings,Sacramento,SAC,kings,1,4,113,0,2025-26,00,2,Regular Season
2025-10-29,0022500133,20251029/INDDAL,3,Final,6,2025-10-29T00:00:00Z,1900-01-01T20:30:00Z,2025-10-29T20:30:00Z,2025-10-29T04:00:00Z,1900-01-01T00:30:00Z,2025-10-30T00:30:00Z,2025-10-29T20:30:00Z,2025-10-29T19:30:00Z,Wed,10,2,Week 2,false,"","","","",American Airlines Center,TX,Dallas,N,"","",FALSE,1610612742,Mavericks,Dallas,DAL,mavericks,2,3,107,0,1610612754,Pacers,Indiana,IND,pacers,0,4,105,0,2025-26,00,2,Regular Season
2025-10-29,0022500134,20251029/NOPDEN,3,Final,7,2025-10-29T00:00:00Z,1900-01-01T21:00:00Z,2025-10-29T21:00:00Z,2025-10-29T04:00:00Z,1900-01-01T01:00:00Z,2025-10-30T01:00:00Z,2025-10-29T20:00:00Z,2025-10-29T19:00:00Z,Wed,10,2,Week 2,false,"","","","",Ball Arena,CO,Denver,N,"","",FALSE,1610612743,Nuggets,Denver,DEN,nuggets,3,1,122,0,1610612740,Pelicans,New Orleans,NOP,pelicans,0,4,88,0,2025-26,00,2,Regular Season
2025-10-29,0022500135,20251029/PORUTA,3,Final,8,2025-10-29T00:00:00Z,1900-01-01T21:00:00Z,2025-10-29T21:00:00Z,2025-10-29T04:00:00Z,1900-01-01T01:00:00Z,2025-10-30T01:00:00Z,2025-10-29T18:00:00Z,2025-10-29T19:00:00Z,Wed,10,2,Week 2,false,"","","","",Delta Center,UT,Salt Lake City,N,"","",FALSE,1610612762,Jazz,Utah,UTA,jazz,2,2,134,0,1610612757,Trail Blazers,Portland,POR,blazers,3,2,136,0,2025-26,00,2,Regular Season
2025-10-29,0022500136,20251029/LALMIN,3,Final,9,2025-10-29T00:00:00Z,1900-01-01T21:30:00Z,2025-10-29T21:30:00Z,2025-10-29T04:00:00Z,1900-01-01T01:30:00Z,2025-10-30T01:30:00Z,2025-10-29T18:30:00Z,2025-10-29T20:30:00Z,Wed,10,2,Week 2,false,"","","","",Target Center,MN,Minneapolis,N,"","",FALSE,1610612750,Timberwolves,Minnesota,MIN,timberwolves,2,3,115,0,1610612747,Lakers,Los Angeles,LAL,lakers,3,2,116,0,2025-26,00,2,Regular Season
2025-10-29,0022500137,20251029/MEMPHX,3,Final,10,2025-10-29T00:00:00Z,1900-01-01T22:00:00Z,2025-10-29T22:00:00Z,2025-10-29T04:00:00Z,1900-01-01T02:00:00Z,2025-10-30T02:00:00Z,2025-10-29T21:00:00Z,2025-10-29T19:00:00Z,Wed,10,2,Week 2,false,"","","","",Mortgage Matchup Center,AZ,Phoenix,N,"","",FALSE,1610612756,Suns,Phoenix,PHX,suns,1,4,113,0,1610612763,Grizzlies,Memphis,MEM,grizzlies,3,2,114,0,2025-26,00,2,Regular Season
2025-10-30,0022500138,20251030/ORLCHA,3,Final,1,2025-10-30T00:00:00Z,1900-01-01T19:00:00Z,2025-10-30T19:00:00Z,2025-10-30T04:00:00Z,1900-01-01T23:00:00Z,2025-10-30T23:00:00Z,2025-10-30T19:00:00Z,2025-10-30T19:00:00Z,Thu,10,2,Week 2,false,"","","","",Spectrum Center,NC,Charlotte,N,"","",FALSE,1610612766,Hornets,Charlotte,CHA,hornets,2,3,107,0,1610612753,Magic,Orlando,ORL,magic,2,4,123,0,2025-26,00,2,Regular Season
2025-10-30,0022500139,20251030/GSWMIL,3,Final,2,2025-10-30T00:00:00Z,1900-01-01T20:00:00Z,2025-10-30T20:00:00Z,2025-10-30T04:00:00Z,1900-01-01T00:00:00Z,2025-10-31T00:00:00Z,2025-10-30T17:00:00Z,2025-10-30T19:00:00Z,Thu,10,2,Week 2,false,"","","","",Fiserv Forum,WI,Milwaukee,N,"","",FALSE,1610612749,Bucks,Milwaukee,MIL,bucks,4,1,120,0,1610612744,Warriors,Golden State,GSW,warriors,4,2,110,0,2025-26,00,2,Regular Season
2025-10-30,0022500140,20251030/WASOKC,3,Final,3,2025-10-30T00:00:00Z,1900-01-01T20:00:00Z,2025-10-30T20:00:00Z,2025-10-30T04:00:00Z,1900-01-01T00:00:00Z,2025-10-31T00:00:00Z,2025-10-30T20:00:00Z,2025-10-30T19:00:00Z,Thu,10,2,Week 2,false,"","","","",Paycom Center,OK,Oklahoma City,N,"","",FALSE,1610612760,Thunder,Oklahoma City,OKC,thunder,6,0,127,0,1610612764,Wizards,Washington,WAS,wizards,1,4,108,0,2025-26,00,2,Regular Season
2025-10-30,0022500141,20251030/MIASAS,3,Final,4,2025-10-30T00:00:00Z,1900-01-01T20:30:00Z,2025-10-30T20:30:00Z,2025-10-30T04:00:00Z,1900-01-01T00:30:00Z,2025-10-31T00:30:00Z,2025-10-30T20:30:00Z,2025-10-30T19:30:00Z,Thu,10,2,Week 2,false,"","","","",Frost Bank Center,TX,San Antonio,N,"","",FALSE,1610612759,Spurs,San Antonio,SAS,spurs,5,0,107,0,1610612748,Heat,Miami,MIA,heat,3,2,101,0,2025-26,00,2,Regular Season
2025-10-31,0022500020,20251031/ATLIND,3,Final,1,2025-10-31T00:00:00Z,1900-01-01T19:00:00Z,2025-10-31T19:00:00Z,2025-10-31T04:00:00Z,1900-01-01T23:00:00Z,2025-10-31T23:00:00Z,2025-10-31T19:00:00Z,2025-10-31T19:00:00Z,Fri,10,2,Week 2,false,"",Emirates NBA Cup,East Group A,"",Gainbridge Fieldhouse,IN,Indianapolis,N,"",in-season,FALSE,1610612754,Pacers,Indiana,IND,pacers,0,5,108,0,1610612737,Hawks,Atlanta,ATL,hawks,3,3,128,0,2025-26,00,2,Regular Season
2025-10-31,0022500021,20251031/BOSPHI,3,Final,2,2025-10-31T00:00:00Z,1900-01-01T19:00:00Z,2025-10-31T19:00:00Z,2025-10-31T04:00:00Z,1900-01-01T23:00:00Z,2025-10-31T23:00:00Z,2025-10-31T19:00:00Z,2025-10-31T19:00:00Z,Fri,10,2,Week 2,false,"",Emirates NBA Cup,East Group B,"",Xfinity Mobile Arena,PA,Philadelphia,N,"",in-season,FALSE,1610612755,76ers,Philadelphia,PHI,sixers,4,1,108,0,1610612738,Celtics,Boston,BOS,celtics,3,3,109,0,2025-26,00,2,Regular Season
2025-10-31,0022500022,20251031/TORCLE,3,Final,3,2025-10-31T00:00:00Z,1900-01-01T19:30:00Z,2025-10-31T19:30:00Z,2025-10-31T04:00:00Z,1900-01-01T23:30:00Z,2025-10-31T23:30:00Z,2025-10-31T19:30:00Z,2025-10-31T19:30:00Z,Fri,10,2,Week 2,false,"",Emirates NBA Cup,East Group A,"",Rocket Arena,OH,Cleveland,N,"",in-season,FALSE,1610612739,Cavaliers,Cleveland,CLE,cavaliers,3,3,101,0,1610612761,Raptors,Toronto,TOR,raptors,2,4,112,0,2025-26,00,2,Regular Season
2025-10-31,0022500023,20251031/NYKCHI,3,Final,4,2025-10-31T00:00:00Z,1900-01-01T20:00:00Z,2025-10-31T20:00:00Z,2025-10-31T04:00:00Z,1900-01-01T00:00:00Z,2025-11-01T00:00:00Z,2025-10-31T20:00:00Z,2025-10-31T19:00:00Z,Fri,10,2,Week 2,false,"",Emirates NBA Cup,East Group C,"",United Center,IL,Chicago,N,"",in-season,FALSE,1610612741,Bulls,Chicago,CHI,bulls,5,0,135,0,1610612752,Knicks,New York,NYK,knicks,2,3,125,0,2025-26,00,2,Regular Season
2025-10-31,0022500024,20251031/LALMEM,3,Final,5,2025-10-31T00:00:00Z,1900-01-01T21:30:00Z,2025-10-31T21:30:00Z,2025-10-31T04:00:00Z,1900-01-01T01:30:00Z,2025-11-01T01:30:00Z,2025-10-31T18:30:00Z,2025-10-31T20:30:00Z,Fri,10,2,Week 2,false,"",Emirates NBA Cup,West Group B,"",FedExForum,TN,Memphis,N,"",in-season,FALSE,1610612763,Grizzlies,Memphis,MEM,grizzlies,3,3,112,0,1610612747,Lakers,Los Angeles,LAL,lakers,4,2,117,0,2025-26,00,2,Regular Season
2025-10-31,0022500025,20251031/UTAPHX,3,Final,6,2025-10-31T00:00:00Z,1900-01-01T22:00:00Z,2025-10-31T22:00:00Z,2025-10-31T04:00:00Z,1900-01-01T02:00:00Z,2025-11-01T02:00:00Z,2025-10-31T20:00:00Z,2025-10-31T19:00:00Z,Fri,10,2,Week 2,false,"",Emirates NBA Cup,West Group A,"",Mortgage Matchup Center,AZ,Phoenix,N,"",in-season,FALSE,1610612756,Suns,Phoenix,PHX,suns,2,4,118,0,1610612762,Jazz,Utah,UTA,jazz,2,3,96,0,2025-26,00,2,Regular Season
2025-10-31,0022500026,20251031/DENPOR,3,Final,7,2025-10-31T00:00:00Z,1900-01-01T22:00:00Z,2025-10-31T22:00:00Z,2025-10-31T04:00:00Z,1900-01-01T02:00:00Z,2025-11-01T02:00:00Z,2025-10-31T20:00:00Z,2025-10-31T19:00:00Z,Fri,10,2,Week 2,false,"",Emirates NBA Cup,West Group C,"",Moda Center,OR,Portland,N,"",in-season,FALSE,1610612757,Trail Blazers,Portland,POR,blazers,4,2,109,0,1610612743,Nuggets,Denver,DEN,nuggets,3,2,107,0,2025-26,00,2,Regular Season
2025-10-31,0022500027,20251031/NOPLAC,3,Final,8,2025-10-31T00:00:00Z,1900-01-01T22:30:00Z,2025-10-31T22:30:00Z,2025-10-31T04:00:00Z,1900-01-01T02:30:00Z,2025-11-01T02:30:00Z,2025-10-31T21:30:00Z,2025-10-31T19:30:00Z,Fri,10,2,Week 2,false,"",Emirates NBA Cup,West Group B,"",Intuit Dome,CA,Inglewood,N,"",in-season,FALSE,1610612746,Clippers,LA,LAC,clippers,3,2,126,0,1610612740,Pelicans,New Orleans,NOP,pelicans,0,5,124,0,2025-26,00,2,Regular Season
2025-11-01,0022500142,20251101/SACMIL,3,Final,1,2025-11-01T00:00:00Z,1900-01-01T17:00:00Z,2025-11-01T17:00:00Z,2025-11-01T04:00:00Z,1900-01-01T21:00:00Z,2025-11-01T21:00:00Z,2025-11-01T14:00:00Z,2025-11-01T16:00:00Z,Sat,11,2,Week 2,false,"","","","",Fiserv Forum,WI,Milwaukee,N,"","",FALSE,1610612749,Bucks,Milwaukee,MIL,bucks,4,2,133,0,1610612758,Kings,Sacramento,SAC,kings,2,4,135,0,2025-26,00,2,Regular Season
2025-11-01,0022500143,20251101/MINCHA,3,Final,2,2025-11-01T00:00:00Z,1900-01-01T18:00:00Z,2025-11-01T18:00:00Z,2025-11-01T04:00:00Z,1900-01-01T22:00:00Z,2025-11-01T22:00:00Z,2025-11-01T17:00:00Z,2025-11-01T18:00:00Z,Sat,11,2,Week 2,false,"","","","",Spectrum Center,NC,Charlotte,N,"","",FALSE,1610612766,Hornets,Charlotte,CHA,hornets,2,4,105,0,1610612750,Timberwolves,Minnesota,MIN,timberwolves,3,3,122,0,2025-26,00,2,Regular Season
2025-11-01,0022500144,20251101/GSWIND,3,Final,3,2025-11-01T00:00:00Z,1900-01-01T19:00:00Z,2025-11-01T19:00:00Z,2025-11-01T04:00:00Z,1900-01-01T23:00:00Z,2025-11-01T23:00:00Z,2025-11-01T16:00:00Z,2025-11-01T19:00:00Z,Sat,11,2,Week 2,false,"","","","",Gainbridge Fieldhouse,IN,Indianapolis,N,"","",FALSE,1610612754,Pacers,Indiana,IND,pacers,1,5,114,0,1610612744,Warriors,Golden State,GSW,warriors,4,3,109,0,2025-26,00,2,Regular Season
2025-11-01,0022500145,20251101/ORLWAS,3,Final,4,2025-11-01T00:00:00Z,1900-01-01T19:00:00Z,2025-11-01T19:00:00Z,2025-11-01T04:00:00Z,1900-01-01T23:00:00Z,2025-11-01T23:00:00Z,2025-11-01T19:00:00Z,2025-11-01T19:00:00Z,Sat,11,2,Week 2,false,"","","","",Capital One Arena,DC,Washington,N,"","",FALSE,1610612764,Wizards,Washington,WAS,wizards,1,5,94,0,1610612753,Magic,Orlando,ORL,magic,3,4,125,0,2025-26,00,2,Regular Season
2025-11-01,0022500146,20251101/HOUBOS,3,Final,5,2025-11-01T00:00:00Z,1900-01-01T20:00:00Z,2025-11-01T20:00:00Z,2025-11-01T04:00:00Z,1900-01-01T00:00:00Z,2025-11-02T00:00:00Z,2025-11-01T19:00:00Z,2025-11-01T20:00:00Z,Sat,11,2,Week 2,false,"","","","",TD Garden,MA,Boston,N,"","",FALSE,1610612738,Celtics,Boston,BOS,celtics,3,4,101,0,1610612745,Rockets,Houston,HOU,rockets,3,2,128,0,2025-26,00,2,Regular Season
2025-11-01,0022500147,20251101/DALDET,3,Final,6,2025-11-01T00:00:00Z,1900-01-01T22:00:00Z,2025-11-01T22:00:00Z,2025-11-01T04:00:00Z,1900-01-01T02:00:00Z,2025-11-02T02:00:00Z,2025-11-01T21:00:00Z,2025-11-01T22:00:00Z,Sat,11,2,Week 2,false,"",NBA Mexico City Game,"",Neutral Site,Arena CDMX,MX,Mexico City,N,"",Global Games,TRUE,1610612765,Pistons,Detroit,DET,pistons,4,2,122,0,1610612742,Mavericks,Dallas,DAL,mavericks,2,4,110,0,2025-26,00,2,Regular Season
2025-11-02,0022500148,20251102/NOPOKC,3,Final,1,2025-11-02T00:00:00Z,1900-01-01T15:30:00Z,2025-11-02T15:30:00Z,2025-11-02T04:00:00Z,1900-01-01T20:30:00Z,2025-11-02T20:30:00Z,2025-11-02T14:30:00Z,2025-11-02T14:30:00Z,Sun,11,2,Week 2,false,"","","","",Paycom Center,OK,Oklahoma City,N,"","",FALSE,1610612760,Thunder,Oklahoma City,OKC,thunder,7,0,137,0,1610612740,Pelicans,New Orleans,NOP,pelicans,0,6,106,0,2025-26,00,2,Regular Season
2025-11-02,0022500149,20251102/PHIBKN,3,Final,2,2025-11-02T00:00:00Z,1900-01-01T18:00:00Z,2025-11-02T18:00:00Z,2025-11-02T04:00:00Z,1900-01-01T23:00:00Z,2025-11-02T23:00:00Z,2025-11-02T18:00:00Z,2025-11-02T18:00:00Z,Sun,11,2,Week 2,false,"","","","",Barclays Center,NY,Brooklyn,N,"","",FALSE,1610612751,Nets,Brooklyn,BKN,nets,0,6,105,0,1610612755,76ers,Philadelphia,PHI,sixers,5,1,129,0,2025-26,00,2,Regular Season
2025-11-02,0022500150,20251102/UTACHA,3,Final,3,2025-11-02T00:00:00Z,1900-01-01T18:00:00Z,2025-11-02T18:00:00Z,2025-11-02T04:00:00Z,1900-01-01T23:00:00Z,2025-11-02T23:00:00Z,2025-11-02T16:00:00Z,2025-11-02T18:00:00Z,Sun,11,2,Week 2,false,"","","","",Spectrum Center,NC,Charlotte,N,"","",FALSE,1610612766,Hornets,Charlotte,CHA,hornets,3,4,126,0,1610612762,Jazz,Utah,UTA,jazz,2,4,103,0,2025-26,00,2,Regular Season
2025-11-02,0022500151,20251102/ATLCLE,3,Final,4,2025-11-02T00:00:00Z,1900-01-01T18:00:00Z,2025-11-02T18:00:00Z,2025-11-02T04:00:00Z,1900-01-01T23:00:00Z,2025-11-02T23:00:00Z,2025-11-02T18:00:00Z,2025-11-02T18:00:00Z,Sun,11,2,Week 2,false,"","","","",Rocket Arena,OH,Cleveland,N,"","",FALSE,1610612739,Cavaliers,Cleveland,CLE,cavaliers,4,3,117,0,1610612737,Hawks,Atlanta,ATL,hawks,3,4,109,0,2025-26,00,2,Regular Season
2025-11-02,0022500152,20251102/MEMTOR,3,Final,5,2025-11-02T00:00:00Z,1900-01-01T18:00:00Z,2025-11-02T18:00:00Z,2025-11-02T04:00:00Z,1900-01-01T23:00:00Z,2025-11-02T23:00:00Z,2025-11-02T17:00:00Z,2025-11-02T18:00:00Z,Sun,11,2,Week 2,false,"","","","",Scotiabank Arena,ON,Toronto,N,"","",FALSE,1610612761,Raptors,Toronto,TOR,raptors,3,4,117,0,1610612763,Grizzlies,Memphis,MEM,grizzlies,3,4,104,0,2025-26,00,2,Regular Season
2025-11-02,0022500153,20251102/CHINYK,3,Final,6,2025-11-02T00:00:00Z,1900-01-01T19:00:00Z,2025-11-02T19:00:00Z,2025-11-02T04:00:00Z,1900-01-01T00:00:00Z,2025-11-03T00:00:00Z,2025-11-02T18:00:00Z,2025-11-02T19:00:00Z,Sun,11,2,Week 2,false,"","","","",Madison Square Garden,NY,New York,N,"","",FALSE,1610612752,Knicks,New York,NYK,knicks,3,3,128,0,1610612741,Bulls,Chicago,CHI,bulls,5,1,116,0,2025-26,00,2,Regular Season
2025-11-02,0022500154,20251102/SASPHX,3,Final,7,2025-11-02T00:00:00Z,1900-01-01T20:00:00Z,2025-11-02T20:00:00Z,2025-11-02T04:00:00Z,1900-01-01T01:00:00Z,2025-11-03T01:00:00Z,2025-11-02T19:00:00Z,2025-11-02T18:00:00Z,Sun,11,2,Week 2,false,"","","","",Mortgage Matchup Center,AZ,Phoenix,N,"","",FALSE,1610612756,Suns,Phoenix,PHX,suns,3,4,130,0,1610612759,Spurs,San Antonio,SAS,spurs,5,1,118,0,2025-26,00,2,Regular Season
2025-11-02,0022500155,20251102/MIALAL,3,Final,8,2025-11-02T00:00:00Z,1900-01-01T21:30:00Z,2025-11-02T21:30:00Z,2025-11-02T04:00:00Z,1900-01-01T02:30:00Z,2025-11-03T02:30:00Z,2025-11-02T21:30:00Z,2025-11-02T18:30:00Z,Sun,11,2,Week 2,false,"","","","",Crypto.com Arena,CA,Los Angeles,N,"","",FALSE,1610612747,Lakers,Los Angeles,LAL,lakers,5,2,130,0,1610612748,Heat,Miami,MIA,heat,3,3,120,0,2025-26,00,2,Regular Season
2025-11-03,0022500156,20251103/MINBKN,3,Final,1,2025-11-03T00:00:00Z,1900-01-01T19:00:00Z,2025-11-03T19:00:00Z,2025-11-03T05:00:00Z,1900-01-01T00:00:00Z,2025-11-04T00:00:00Z,2025-11-03T18:00:00Z,2025-11-03T19:00:00Z,Mon,11,3,Week 3,false,"","","","",Barclays Center,NY,Brooklyn,N,"","",FALSE,1610612751,Nets,Brooklyn,BKN,nets,0,7,109,0,1610612750,Timberwolves,Minnesota,MIN,timberwolves,4,3,125,0,2025-26,00,2,Regular Season
2025-11-03,0022500157,20251103/MILIND,3,Final,2,2025-11-03T00:00:00Z,1900-01-01T19:00:00Z,2025-11-03T19:00:00Z,2025-11-03T05:00:00Z,1900-01-01T00:00:00Z,2025-11-04T00:00:00Z,2025-11-03T18:00:00Z,2025-11-03T19:00:00Z,Mon,11,3,Week 3,false,"","","","",Gainbridge Fieldhouse,IN,Indianapolis,N,"","",FALSE,1610612754,Pacers,Indiana,IND,pacers,1,6,115,0,1610612749,Bucks,Milwaukee,MIL,bucks,5,2,117,0,2025-26,00,2,Regular Season
2025-11-03,0022500158,20251103/UTABOS,3,Final,3,2025-11-03T00:00:00Z,1900-01-01T19:30:00Z,2025-11-03T19:30:00Z,2025-11-03T05:00:00Z,1900-01-01T00:30:00Z,2025-11-04T00:30:00Z,2025-11-03T17:30:00Z,2025-11-03T19:30:00Z,Mon,11,3,Week 3,false,"","","","",TD Garden,MA,Boston,N,"","",FALSE,1610612738,Celtics,Boston,BOS,celtics,3,5,103,0,1610612762,Jazz,Utah,UTA,jazz,3,4,105,0,2025-26,00,2,Regular Season
2025-11-03,0022500159,20251103/WASNYK,3,Final,4,2025-11-03T00:00:00Z,1900-01-01T19:30:00Z,2025-11-03T19:30:00Z,2025-11-03T05:00:00Z,1900-01-01T00:30:00Z,2025-11-04T00:30:00Z,2025-11-03T19:30:00Z,2025-11-03T19:30:00Z,Mon,11,3,Week 3,false,"","","","",Madison Square Garden,NY,New York,N,"","",FALSE,1610612752,Knicks,New York,NYK,knicks,4,3,119,0,1610612764,Wizards,Washington,WAS,wizards,1,6,102,0,2025-26,00,2,Regular Season
2025-11-03,0022500160,20251103/DALHOU,3,Final,5,2025-11-03T00:00:00Z,1900-01-01T20:00:00Z,2025-11-03T20:00:00Z,2025-11-03T05:00:00Z,1900-01-01T01:00:00Z,2025-11-04T01:00:00Z,2025-11-03T19:00:00Z,2025-11-03T19:00:00Z,Mon,11,3,Week 3,false,"","","","",Toyota Center,TX,Houston,N,"","",FALSE,1610612745,Rockets,Houston,HOU,rockets,4,2,110,0,1610612742,Mavericks,Dallas,DAL,mavericks,2,5,102,0,2025-26,00,2,Regular Season
2025-11-03,0022500161,20251103/DETMEM,3,Final,6,2025-11-03T00:00:00Z,1900-01-01T20:00:00Z,2025-11-03T20:00:00Z,2025-11-03T05:00:00Z,1900-01-01T01:00:00Z,2025-11-04T01:00:00Z,2025-11-03T20:00:00Z,2025-11-03T19:00:00Z,Mon,11,3,Week 3,false,"","","","",FedExForum,TN,Memphis,N,"","",FALSE,1610612763,Grizzlies,Memphis,MEM,grizzlies,3,5,106,0,1610612765,Pistons,Detroit,DET,pistons,5,2,114,0,2025-26,00,2,Regular Season
2025-11-03,0022500162,20251103/SACDEN,3,Final,7,2025-11-03T00:00:00Z,1900-01-01T21:00:00Z,2025-11-03T21:00:00Z,2025-11-03T05:00:00Z,1900-01-01T02:00:00Z,2025-11-04T02:00:00Z,2025-11-03T18:00:00Z,2025-11-03T19:00:00Z,Mon,11,3,Week 3,false,"","","","",Ball Arena,CO,Denver,N,"","",FALSE,1610612743,Nuggets,Denver,DEN,nuggets,4,2,130,0,1610612758,Kings,Sacramento,SAC,kings,2,5,124,0,2025-26,00,2,Regular Season
2025-11-03,0022500163,20251103/LALPOR,3,Final,8,2025-11-03T00:00:00Z,1900-01-01T22:00:00Z,2025-11-03T22:00:00Z,2025-11-03T05:00:00Z,1900-01-01T03:00:00Z,2025-11-04T03:00:00Z,2025-11-03T19:00:00Z,2025-11-03T19:00:00Z,Mon,11,3,Week 3,false,"","","","",Moda Center,OR,Portland,N,"","",FALSE,1610612757,Trail Blazers,Portland,POR,blazers,4,3,115,0,1610612747,Lakers,Los Angeles,LAL,lakers,6,2,123,0,2025-26,00,2,Regular Season
2025-11-03,0022500164,20251103/MIALAC,3,Final,9,2025-11-03T00:00:00Z,1900-01-01T22:30:00Z,2025-11-03T22:30:00Z,2025-11-03T05:00:00Z,1900-01-01T03:30:00Z,2025-11-04T03:30:00Z,2025-11-03T22:30:00Z,2025-11-03T19:30:00Z,Mon,11,3,Week 3,false,"","","","",Intuit Dome,CA,Inglewood,N,"","",FALSE,1610612746,Clippers,LA,LAC,clippers,3,3,119,0,1610612748,Heat,Miami,MIA,heat,4,3,120,0,2025-26,00,2,Regular Season
2025-11-04,0022500165,20251104/MILTOR,3,Final,1,2025-11-04T00:00:00Z,1900-01-01T19:30:00Z,2025-11-04T19:30:00Z,2025-11-04T05:00:00Z,1900-01-01T00:30:00Z,2025-11-05T00:30:00Z,2025-11-04T18:30:00Z,2025-11-04T19:30:00Z,Tue,11,3,Week 3,false,"","","","",Scotiabank Arena,ON,Toronto,N,"","",FALSE,1610612761,Raptors,Toronto,TOR,raptors,4,4,128,0,1610612749,Bucks,Milwaukee,MIL,bucks,5,3,100,0,2025-26,00,2,Regular Season
2025-11-04,0022500166,20251104/ORLATL,3,Final,2,2025-11-04T00:00:00Z,1900-01-01T20:00:00Z,2025-11-04T20:00:00Z,2025-11-04T05:00:00Z,1900-01-01T01:00:00Z,2025-11-05T01:00:00Z,2025-11-04T20:00:00Z,2025-11-04T20:00:00Z,Tue,11,3,Week 3,false,"","","","",State Farm Arena,GA,Atlanta,N,"","",FALSE,1610612737,Hawks,Atlanta,ATL,hawks,4,4,127,0,1610612753,Magic,Orlando,ORL,magic,3,5,112,0,2025-26,00,2,Regular Season
2025-11-04,0022500167,20251104/PHICHI,3,Final,3,2025-11-04T00:00:00Z,1900-01-01T20:00:00Z,2025-11-04T20:00:00Z,2025-11-04T05:00:00Z,1900-01-01T01:00:00Z,2025-11-05T01:00:00Z,2025-11-04T20:00:00Z,2025-11-04T19:00:00Z,Tue,11,3,Week 3,false,"","","","",United Center,IL,Chicago,N,"","",FALSE,1610612741,Bulls,Chicago,CHI,bulls,6,1,113,0,1610612755,76ers,Philadelphia,PHI,sixers,5,2,111,0,2025-26,00,2,Regular Season
2025-11-04,0022500168,20251104/CHANOP,3,Final,4,2025-11-04T00:00:00Z,1900-01-01T20:00:00Z,2025-11-04T20:00:00Z,2025-11-04T05:00:00Z,1900-01-01T01:00:00Z,2025-11-05T01:00:00Z,2025-11-04T20:00:00Z,2025-11-04T19:00:00Z,Tue,11,3,Week 3,false,"","","","",Smoothie King Center,LA,New Orleans,N,"","",FALSE,1610612740,Pelicans,New Orleans,NOP,pelicans,1,6,116,0,1610612766,Hornets,Charlotte,CHA,hornets,3,5,112,0,2025-26,00,2,Regular Season
2025-11-04,0022500169,20251104/PHXGSW,3,Final,5,2025-11-04T00:00:00Z,1900-01-01T22:00:00Z,2025-11-04T22:00:00Z,2025-11-04T05:00:00Z,1900-01-01T03:00:00Z,2025-11-05T03:00:00Z,2025-11-04T20:00:00Z,2025-11-04T19:00:00Z,Tue,11,3,Week 3,false,"","","","",Chase Center,CA,San Francisco,N,"","",FALSE,1610612744,Warriors,Golden State,GSW,warriors,5,3,118,0,1610612756,Suns,Phoenix,PHX,suns,3,5,107,0,2025-26,00,2,Regular Season
2025-11-04,0022500170,20251104/OKCLAC,3,Final,6,2025-11-04T00:00:00Z,1900-01-01T23:00:00Z,2025-11-04T23:00:00Z,2025-11-04T05:00:00Z,1900-01-01T04:00:00Z,2025-11-05T04:00:00Z,2025-11-04T22:00:00Z,2025-11-04T20:00:00Z,Tue,11,3,Week 3,false,"","","","",Intuit Dome,CA,Inglewood,N,"","",FALSE,1610612746,Clippers,LA,LAC,clippers,3,4,107,0,1610612760,Thunder,Oklahoma City,OKC,thunder,8,0,126,0,2025-26,00,2,Regular Season
2025-11-05,0022500171,20251105/PHICLE,3,Final,1,2025-11-05T00:00:00Z,1900-01-01T19:00:00Z,2025-11-05T19:00:00Z,2025-11-05T05:00:00Z,1900-01-01T00:00:00Z,2025-11-06T00:00:00Z,2025-11-05T19:00:00Z,2025-11-05T19:00:00Z,Wed,11,3,Week 3,false,"","","","",Rocket Arena,OH,Cleveland,N,"","",FALSE,1610612739,Cavaliers,Cleveland,CLE,cavaliers,5,3,132,0,1610612755,76ers,Philadelphia,PHI,sixers,5,3,121,0,2025-26,00,2,Regular Season
2025-11-05,0022500172,20251105/UTADET,3,Final,2,2025-11-05T00:00:00Z,1900-01-01T19:00:00Z,2025-11-05T19:00:00Z,2025-11-05T05:00:00Z,1900-01-01T00:00:00Z,2025-11-06T00:00:00Z,2025-11-05T17:00:00Z,2025-11-05T19:00:00Z,Wed,11,3,Week 3,false,"","","","",Little Caesars Arena,MI,Detroit,N,"","",FALSE,1610612765,Pistons,Detroit,DET,pistons,6,2,114,0,1610612762,Jazz,Utah,UTA,jazz,3,5,103,0,2025-26,00,2,Regular Season
2025-11-05,0022500173,20251105/BKNIND,3,Final,3,2025-11-05T00:00:00Z,1900-01-01T19:00:00Z,2025-11-05T19:00:00Z,2025-11-05T05:00:00Z,1900-01-01T00:00:00Z,2025-11-06T00:00:00Z,2025-11-05T19:00:00Z,2025-11-05T19:00:00Z,Wed,11,3,Week 3,false,"","","","",Gainbridge Fieldhouse,IN,Indianapolis,N,"","",FALSE,1610612754,Pacers,Indiana,IND,pacers,1,7,103,0,1610612751,Nets,Brooklyn,BKN,nets,1,7,112,0,2025-26,00,2,Regular Season
2025-11-05,0022500174,20251105/WASBOS,3,Final,4,2025-11-05T00:00:00Z,1900-01-01T19:30:00Z,2025-11-05T19:30:00Z,2025-11-05T05:00:00Z,1900-01-01T00:30:00Z,2025-11-06T00:30:00Z,2025-11-05T19:30:00Z,2025-11-05T19:30:00Z,Wed,11,3,Week 3,false,"","","","",TD Garden,MA,Boston,N,"","",FALSE,1610612738,Celtics,Boston,BOS,celtics,4,5,136,0,1610612764,Wizards,Washington,WAS,wizards,1,7,107,0,2025-26,00,2,Regular Season
2025-11-05,0022500175,20251105/MINNYK,3,Final,5,2025-11-05T00:00:00Z,1900-01-01T19:30:00Z,2025-11-05T19:30:00Z,2025-11-05T05:00:00Z,1900-01-01T00:30:00Z,2025-11-06T00:30:00Z,2025-11-05T18:30:00Z,2025-11-05T19:30:00Z,Wed,11,3,Week 3,false,"","","","",Madison Square Garden,NY,New York,N,"","",FALSE,1610612752,Knicks,New York,NYK,knicks,5,3,137,0,1610612750,Timberwolves,Minnesota,MIN,timberwolves,4,4,114,0,2025-26,00,2,Regular Season
2025-11-05,0022500176,20251105/HOUMEM,3,Final,6,2025-11-05T00:00:00Z,1900-01-01T20:00:00Z,2025-11-05T20:00:00Z,2025-11-05T05:00:00Z,1900-01-01T01:00:00Z,2025-11-06T01:00:00Z,2025-11-05T19:00:00Z,2025-11-05T19:00:00Z,Wed,11,3,Week 3,false,"","","","",FedExForum,TN,Memphis,N,"","",FALSE,1610612763,Grizzlies,Memphis,MEM,grizzlies,3,6,109,0,1610612745,Rockets,Houston,HOU,rockets,5,2,124,0,2025-26,00,2,Regular Season
2025-11-05,0022500177,20251105/NOPDAL,3,Final,7,2025-11-05T00:00:00Z,1900-01-01T20:30:00Z,2025-11-05T20:30:00Z,2025-11-05T05:00:00Z,1900-01-01T01:30:00Z,2025-11-06T01:30:00Z,2025-11-05T19:30:00Z,2025-11-05T19:30:00Z,Wed,11,3,Week 3,false,"","","","",American Airlines Center,TX,Dallas,N,"","",FALSE,1610612742,Mavericks,Dallas,DAL,mavericks,2,6,99,0,1610612740,Pelicans,New Orleans,NOP,pelicans,2,6,101,0,2025-26,00,2,Regular Season
2025-11-05,0022500178,20251105/MIADEN,3,Final,8,2025-11-05T00:00:00Z,1900-01-01T21:00:00Z,2025-11-05T21:00:00Z,2025-11-05T05:00:00Z,1900-01-01T02:00:00Z,2025-11-06T02:00:00Z,2025-11-05T21:00:00Z,2025-11-05T19:00:00Z,Wed,11,3,Week 3,false,"","","","",Ball Arena,CO,Denver,N,"","",FALSE,1610612743,Nuggets,Denver,DEN,nuggets,5,2,122,0,1610612748,Heat,Miami,MIA,heat,4,4,112,0,2025-26,00,2,Regular Season
2025-11-05,0022500179,20251105/SASLAL,3,Final,9,2025-11-05T00:00:00Z,1900-01-01T22:00:00Z,2025-11-05T22:00:00Z,2025-11-05T05:00:00Z,1900-01-01T03:00:00Z,2025-11-06T03:00:00Z,2025-11-05T21:00:00Z,2025-11-05T19:00:00Z,Wed,11,3,Week 3,false,"","","","",Crypto.com Arena,CA,Los Angeles,N,"","",FALSE,1610612747,Lakers,Los Angeles,LAL,lakers,7,2,118,0,1610612759,Spurs,San Antonio,SAS,spurs,5,2,116,0,2025-26,00,2,Regular Season
2025-11-05,0022500180,20251105/OKCPOR,3,Final,10,2025-11-05T00:00:00Z,1900-01-01T22:00:00Z,2025-11-05T22:00:00Z,2025-11-05T05:00:00Z,1900-01-01T03:00:00Z,2025-11-06T03:00:00Z,2025-11-05T21:00:00Z,2025-11-05T19:00:00Z,Wed,11,3,Week 3,false,"","","","",Moda Center,OR,Portland,N,"","",FALSE,1610612757,Trail Blazers,Portland,POR,blazers,5,3,121,0,1610612760,Thunder,Oklahoma City,OKC,thunder,8,1,119,0,2025-26,00,2,Regular Season
2025-11-05,0022500181,20251105/GSWSAC,3,Final,11,2025-11-05T00:00:00Z,1900-01-01T22:00:00Z,2025-11-05T22:00:00Z,2025-11-05T05:00:00Z,1900-01-01T03:00:00Z,2025-11-06T03:00:00Z,2025-11-05T19:00:00Z,2025-11-05T19:00:00Z,Wed,11,3,Week 3,false,"","","","",Golden 1 Center,CA,Sacramento,N,"","",FALSE,1610612758,Kings,Sacramento,SAC,kings,3,5,121,0,1610612744,Warriors,Golden State,GSW,warriors,5,4,116,0,2025-26,00,2,Regular Season
2025-11-06,0022500182,20251106/LACPHX,3,Final,1,2025-11-06T00:00:00Z,1900-01-01T21:00:00Z,2025-11-06T21:00:00Z,2025-11-06T05:00:00Z,1900-01-01T02:00:00Z,2025-11-07T02:00:00Z,2025-11-06T18:00:00Z,2025-11-06T19:00:00Z,Thu,11,3,Week 3,false,"","","","",Mortgage Matchup Center,AZ,Phoenix,N,"","",FALSE,1610612756,Suns,Phoenix,PHX,suns,4,5,115,0,1610612746,Clippers,LA,LAC,clippers,3,5,102,0,2025-26,00,2,Regular Season
2025-11-07,0022500028,20251107/BOSORL,3,Final,1,2025-11-07T00:00:00Z,1900-01-01T19:00:00Z,2025-11-07T19:00:00Z,2025-11-07T05:00:00Z,1900-01-01T00:00:00Z,2025-11-08T00:00:00Z,2025-11-07T19:00:00Z,2025-11-07T19:00:00Z,Fri,11,3,Week 3,false,"",Emirates NBA Cup,East Group B,"",Kia Center,FL,Orlando,N,"",in-season,FALSE,1610612753,Magic,Orlando,ORL,magic,4,5,123,0,1610612738,Celtics,Boston,BOS,celtics,4,6,110,0,2025-26,00,2,Regular Season
2025-11-07,0022500029,20251107/CLEWAS,3,Final,2,2025-11-07T00:00:00Z,1900-01-01T19:00:00Z,2025-11-07T19:00:00Z,2025-11-07T05:00:00Z,1900-01-01T00:00:00Z,2025-11-08T00:00:00Z,2025-11-07T19:00:00Z,2025-11-07T19:00:00Z,Fri,11,3,Week 3,false,"",Emirates NBA Cup,East Group A,"",Capital One Arena,DC,Washington,N,"",in-season,FALSE,1610612764,Wizards,Washington,WAS,wizards,1,8,115,0,1610612739,Cavaliers,Cleveland,CLE,cavaliers,6,3,148,0,2025-26,00,2,Regular Season
2025-11-07,0022500030,20251107/TORATL,3,Final,3,2025-11-07T00:00:00Z,1900-01-01T19:30:00Z,2025-11-07T19:30:00Z,2025-11-07T05:00:00Z,1900-01-01T00:30:00Z,2025-11-08T00:30:00Z,2025-11-07T19:30:00Z,2025-11-07T19:30:00Z,Fri,11,3,Week 3,false,"",Emirates NBA Cup,East Group A,"",State Farm Arena,GA,Atlanta,N,"",in-season,FALSE,1610612737,Hawks,Atlanta,ATL,hawks,4,5,97,0,1610612761,Raptors,Toronto,TOR,raptors,5,4,109,0,2025-26,00,2,Regular Season
2025-11-07,0022500031,20251107/DETBKN,3,Final,4,2025-11-07T00:00:00Z,1900-01-01T19:30:00Z,2025-11-07T19:30:00Z,2025-11-07T05:00:00Z,1900-01-01T00:30:00Z,2025-11-08T00:30:00Z,2025-11-07T19:30:00Z,2025-11-07T19:30:00Z,Fri,11,3,Week 3,false,"",Emirates NBA Cup,East Group B,"",Barclays Center,NY,Brooklyn,N,"",in-season,FALSE,1610612751,Nets,Brooklyn,BKN,nets,1,8,107,0,1610612765,Pistons,Detroit,DET,pistons,7,2,125,0,2025-26,00,2,Regular Season
2025-11-07,0022500032,20251107/HOUSAS,3,Final,5,2025-11-07T00:00:00Z,1900-01-01T19:30:00Z,2025-11-07T19:30:00Z,2025-11-07T05:00:00Z,1900-01-01T00:30:00Z,2025-11-08T00:30:00Z,2025-11-07T18:30:00Z,2025-11-07T18:30:00Z,Fri,11,3,Week 3,false,"",Emirates NBA Cup,West Group C,"",Frost Bank Center,TX,San Antonio,N,"",in-season,FALSE,1610612759,Spurs,San Antonio,SAS,spurs,6,2,121,0,1610612745,Rockets,Houston,HOU,rockets,5,3,110,0,2025-26,00,2,Regular Season
2025-11-07,0022500033,20251107/CHAMIA,3,Final,6,2025-11-07T00:00:00Z,1900-01-01T20:00:00Z,2025-11-07T20:00:00Z,2025-11-07T05:00:00Z,1900-01-01T01:00:00Z,2025-11-08T01:00:00Z,2025-11-07T20:00:00Z,2025-11-07T20:00:00Z,Fri,11,3,Week 3,false,"",Emirates NBA Cup,East Group C,"",Kaseya Center,FL,Miami,N,"",in-season,FALSE,1610612748,Heat,Miami,MIA,heat,5,4,126,0,1610612766,Hornets,Charlotte,CHA,hornets,3,6,108,0,2025-26,00,2,Regular Season
2025-11-07,0022500034,20251107/DALMEM,3,Final,7,2025-11-07T00:00:00Z,1900-01-01T20:00:00Z,2025-11-07T20:00:00Z,2025-11-07T05:00:00Z,1900-01-01T01:00:00Z,2025-11-08T01:00:00Z,2025-11-07T19:00:00Z,2025-11-07T19:00:00Z,Fri,11,3,Week 3,false,"",Emirates NBA Cup,West Group B,"",FedExForum,TN,Memphis,N,"",in-season,FALSE,1610612763,Grizzlies,Memphis,MEM,grizzlies,4,6,118,0,1610612742,Mavericks,Dallas,DAL,mavericks,2,7,104,0,2025-26,00,2,Regular Season
2025-11-07,0022500035,20251107/CHIMIL,3,Final,8,2025-11-07T00:00:00Z,1900-01-01T20:00:00Z,2025-11-07T20:00:00Z,2025-11-07T05:00:00Z,1900-01-01T01:00:00Z,2025-11-08T01:00:00Z,2025-11-07T19:00:00Z,2025-11-07T19:00:00Z,Fri,11,3,Week 3,false,"",Emirates NBA Cup,East Group C,"",Fiserv Forum,WI,Milwaukee,N,"",in-season,FALSE,1610612749,Bucks,Milwaukee,MIL,bucks,6,3,126,0,1610612741,Bulls,Chicago,CHI,bulls,6,2,110,0,2025-26,00,2,Regular Season
2025-11-07,0022500036,20251107/UTAMIN,3,Final,9,2025-11-07T00:00:00Z,1900-01-01T20:00:00Z,2025-11-07T20:00:00Z,2025-11-07T05:00:00Z,1900-01-01T01:00:00Z,2025-11-08T01:00:00Z,2025-11-07T18:00:00Z,2025-11-07T19:00:00Z,Fri,11,3,Week 3,false,"",Emirates NBA Cup,West Group A,"",Target Center,MN,Minneapolis,N,"",in-season,FALSE,1610612750,Timberwolves,Minnesota,MIN,timberwolves,5,4,137,0,1610612762,Jazz,Utah,UTA,jazz,3,6,97,0,2025-26,00,2,Regular Season
2025-11-07,0022500037,20251107/GSWDEN,3,Final,10,2025-11-07T00:00:00Z,1900-01-01T22:00:00Z,2025-11-07T22:00:00Z,2025-11-07T05:00:00Z,1900-01-01T03:00:00Z,2025-11-08T03:00:00Z,2025-11-07T19:00:00Z,2025-11-07T20:00:00Z,Fri,11,3,Week 3,false,"",Emirates NBA Cup,West Group C,"",Ball Arena,CO,Denver,N,"",in-season,FALSE,1610612743,Nuggets,Denver,DEN,nuggets,6,2,129,0,1610612744,Warriors,Golden State,GSW,warriors,5,5,104,0,2025-26,00,2,Regular Season
2025-11-07,0022500038,20251107/OKCSAC,3,Final,11,2025-11-07T00:00:00Z,1900-01-01T22:00:00Z,2025-11-07T22:00:00Z,2025-11-07T05:00:00Z,1900-01-01T03:00:00Z,2025-11-08T03:00:00Z,2025-11-07T21:00:00Z,2025-11-07T19:00:00Z,Fri,11,3,Week 3,false,"",Emirates NBA Cup,West Group A,"",Golden 1 Center,CA,Sacramento,N,"",in-season,FALSE,1610612758,Kings,Sacramento,SAC,kings,3,6,101,0,1610612760,Thunder,Oklahoma City,OKC,thunder,9,1,132,0,2025-26,00,2,Regular Season
2025-11-08,0022500183,20251108/DALWAS,3,Final,1,2025-11-08T00:00:00Z,1900-01-01T19:00:00Z,2025-11-08T19:00:00Z,2025-11-08T05:00:00Z,1900-01-01T00:00:00Z,2025-11-09T00:00:00Z,2025-11-08T18:00:00Z,2025-11-08T19:00:00Z,Sat,11,3,Week 3,false,"","","","",Capital One Arena,DC,Washington,N,"","",FALSE,1610612764,Wizards,Washington,WAS,wizards,1,9,105,0,1610612742,Mavericks,Dallas,DAL,mavericks,3,7,111,0,2025-26,00,2,Regular Season
2025-11-08,0022500184,20251108/TORPHI,3,Final,2,2025-11-08T00:00:00Z,1900-01-01T19:30:00Z,2025-11-08T19:30:00Z,2025-11-08T05:00:00Z,1900-01-01T00:30:00Z,2025-11-09T00:30:00Z,2025-11-08T19:30:00Z,2025-11-08T19:30:00Z,Sat,11,3,Week 3,false,"","","","",Xfinity Mobile Arena,PA,Philadelphia,N,"","",FALSE,1610612755,76ers,Philadelphia,PHI,sixers,6,3,130,0,1610612761,Raptors,Toronto,TOR,raptors,5,5,120,0,2025-26,00,2,Regular Season
2025-11-08,0022500185,20251108/LALATL,3,Final,3,2025-11-08T00:00:00Z,1900-01-01T20:00:00Z,2025-11-08T20:00:00Z,2025-11-08T05:00:00Z,1900-01-01T01:00:00Z,2025-11-09T01:00:00Z,2025-11-08T17:00:00Z,2025-11-08T20:00:00Z,Sat,11,3,Week 3,false,"","","","",State Farm Arena,GA,Atlanta,N,"","",FALSE,1610612737,Hawks,Atlanta,ATL,hawks,5,5,122,0,1610612747,Lakers,Los Angeles,LAL,lakers,7,3,102,0,2025-26,00,2,Regular Season
2025-11-08,0022500186,20251108/CHICLE,3,Final,4,2025-11-08T00:00:00Z,1900-01-01T20:00:00Z,2025-11-08T20:00:00Z,2025-11-08T05:00:00Z,1900-01-01T01:00:00Z,2025-11-09T01:00:00Z,2025-11-08T19:00:00Z,2025-11-08T20:00:00Z,Sat,11,3,Week 3,false,"","","","",Rocket Arena,OH,Cleveland,N,"","",FALSE,1610612739,Cavaliers,Cleveland,CLE,cavaliers,7,3,128,0,1610612741,Bulls,Chicago,CHI,bulls,6,3,122,0,2025-26,00,2,Regular Season
2025-11-08,0022500187,20251108/PORMIA,3,Final,5,2025-11-08T00:00:00Z,1900-01-01T20:00:00Z,2025-11-08T20:00:00Z,2025-11-08T05:00:00Z,1900-01-01T01:00:00Z,2025-11-09T01:00:00Z,2025-11-08T17:00:00Z,2025-11-08T20:00:00Z,Sat,11,3,Week 3,false,"","","","",Kaseya Center,FL,Miami,N,"","",FALSE,1610612748,Heat,Miami,MIA,heat,6,4,136,0,1610612757,Trail Blazers,Portland,POR,blazers,5,4,131,0,2025-26,00,2,Regular Season
2025-11-08,0022500188,20251108/NOPSAS,3,Final,6,2025-11-08T00:00:00Z,1900-01-01T20:00:00Z,2025-11-08T20:00:00Z,2025-11-08T05:00:00Z,1900-01-01T01:00:00Z,2025-11-09T01:00:00Z,2025-11-08T19:00:00Z,2025-11-08T19:00:00Z,Sat,11,3,Week 3,false,"","","","",Frost Bank Center,TX,San Antonio,N,"","",FALSE,1610612759,Spurs,San Antonio,SAS,spurs,7,2,126,0,1610612740,Pelicans,New Orleans,NOP,pelicans,2,7,119,0,2025-26,00,2,Regular Season
2025-11-08,0022500189,20251108/INDDEN,3,Final,7,2025-11-08T00:00:00Z,1900-01-01T21:00:00Z,2025-11-08T21:00:00Z,2025-11-08T05:00:00Z,1900-01-01T02:00:00Z,2025-11-09T02:00:00Z,2025-11-08T21:00:00Z,2025-11-08T19:00:00Z,Sat,11,3,Week 3,false,"","","","",Ball Arena,CO,Denver,N,"","",FALSE,1610612743,Nuggets,Denver,DEN,nuggets,7,2,117,0,1610612754,Pacers,Indiana,IND,pacers,1,8,100,0,2025-26,00,2,Regular Season
2025-11-08,0022500190,20251108/PHXLAC,3,Final,8,2025-11-08T00:00:00Z,1900-01-01T22:30:00Z,2025-11-08T22:30:00Z,2025-11-08T05:00:00Z,1900-01-01T03:30:00Z,2025-11-09T03:30:00Z,2025-11-08T20:30:00Z,2025-11-08T19:30:00Z,Sat,11,3,Week 3,false,"","","","",Intuit Dome,CA,Inglewood,N,"","",FALSE,1610612746,Clippers,LA,LAC,clippers,3,6,103,0,1610612756,Suns,Phoenix,PHX,suns,5,5,114,0,2025-26,00,2,Regular Season
2025-11-09,0022500191,20251109/HOUMIL,3,Final,1,2025-11-09T00:00:00Z,1900-01-01T15:30:00Z,2025-11-09T15:30:00Z,2025-11-09T05:00:00Z,1900-01-01T20:30:00Z,2025-11-09T20:30:00Z,2025-11-09T14:30:00Z,2025-11-09T14:30:00Z,Sun,11,3,Week 3,false,"","","","",Fiserv Forum,WI,Milwaukee,N,"","",FALSE,1610612749,Bucks,Milwaukee,MIL,bucks,6,4,115,0,1610612745,Rockets,Houston,HOU,rockets,6,3,122,0,2025-26,00,2,Regular Season
2025-11-09,0022500192,20251109/BKNNYK,3,Final,2,2025-11-09T00:00:00Z,1900-01-01T18:00:00Z,2025-11-09T18:00:00Z,2025-11-09T05:00:00Z,1900-01-01T23:00:00Z,2025-11-09T23:00:00Z,2025-11-09T18:00:00Z,2025-11-09T18:00:00Z,Sun,11,3,Week 3,false,"","","","",Madison Square Garden,NY,New York,N,"","",FALSE,1610612752,Knicks,New York,NYK,knicks,6,3,134,0,1610612751,Nets,Brooklyn,BKN,nets,1,9,98,0,2025-26,00,2,Regular Season
2025-11-09,0022500193,20251109/BOSORL,3,Final,3,2025-11-09T00:00:00Z,1900-01-01T18:00:00Z,2025-11-09T18:00:00Z,2025-11-09T05:00:00Z,1900-01-01T23:00:00Z,2025-11-09T23:00:00Z,2025-11-09T18:00:00Z,2025-11-09T18:00:00Z,Sun,11,3,Week 3,false,"","","","",Kia Center,FL,Orlando,N,"","",FALSE,1610612753,Magic,Orlando,ORL,magic,4,6,107,0,1610612738,Celtics,Boston,BOS,celtics,5,6,111,0,2025-26,00,2,Regular Season
2025-11-09,0022500194,20251109/OKCMEM,3,Final,4,2025-11-09T00:00:00Z,1900-01-01T18:00:00Z,2025-11-09T18:00:00Z,2025-11-09T05:00:00Z,1900-01-01T23:00:00Z,2025-11-09T23:00:00Z,2025-11-09T17:00:00Z,2025-11-09T17:00:00Z,Sun,11,3,Week 3,false,"","","","",FedExForum,TN,Memphis,N,"","",FALSE,1610612763,Grizzlies,Memphis,MEM,grizzlies,4,7,100,0,1610612760,Thunder,Oklahoma City,OKC,thunder,10,1,114,0,2025-26,00,2,Regular Season
2025-11-09,0022500195,20251109/DETPHI,3,Final,5,2025-11-09T00:00:00Z,1900-01-01T19:30:00Z,2025-11-09T19:30:00Z,2025-11-09T05:00:00Z,1900-01-01T00:30:00Z,2025-11-10T00:30:00Z,2025-11-09T19:30:00Z,2025-11-09T19:30:00Z,Sun,11,3,Week 3,false,"","","","",Xfinity Mobile Arena,PA,Philadelphia,N,"","",FALSE,1610612755,76ers,Philadelphia,PHI,sixers,6,4,108,0,1610612765,Pistons,Detroit,DET,pistons,8,2,111,0,2025-26,00,2,Regular Season
2025-11-09,0022500196,20251109/INDGSW,3,Final,6,2025-11-09T00:00:00Z,1900-01-01T20:30:00Z,2025-11-09T20:30:00Z,2025-11-09T05:00:00Z,1900-01-01T01:30:00Z,2025-11-10T01:30:00Z,2025-11-09T20:30:00Z,2025-11-09T17:30:00Z,Sun,11,3,Week 3,false,"","","","",Chase Center,CA,San Francisco,N,"","",FALSE,1610612744,Warriors,Golden State,GSW,warriors,6,5,114,0,1610612754,Pacers,Indiana,IND,pacers,1,9,83,0,2025-26,00,2,Regular Season
2025-11-09,0022500197,20251109/MINSAC,3,Final,7,2025-11-09T00:00:00Z,1900-01-01T21:00:00Z,2025-11-09T21:00:00Z,2025-11-09T05:00:00Z,1900-01-01T02:00:00Z,2025-11-10T02:00:00Z,2025-11-09T20:00:00Z,2025-11-09T18:00:00Z,Sun,11,3,Week 3,false,"","","","",Golden 1 Center,CA,Sacramento,N,"","",FALSE,1610612758,Kings,Sacramento,SAC,kings,3,7,117,0,1610612750,Timberwolves,Minnesota,MIN,timberwolves,6,4,144,0,2025-26,00,2,Regular Season
2025-11-10,0022500198,20251110/LALCHA,3,Final,1,2025-11-10T00:00:00Z,1900-01-01T19:00:00Z,2025-11-10T19:00:00Z,2025-11-10T05:00:00Z,1900-01-01T00:00:00Z,2025-11-11T00:00:00Z,2025-11-10T16:00:00Z,2025-11-10T19:00:00Z,Mon,11,4,Week 4,false,"","","","",Spectrum Center,NC,Charlotte,N,"","",FALSE,1610612766,Hornets,Charlotte,CHA,hornets,3,7,111,0,1610612747,Lakers,Los Angeles,LAL,lakers,8,3,121,0,2025-26,00,2,Regular Season
2025-11-10,0022500199,20251110/WASDET,3,Final/OT,2,2025-11-10T00:00:00Z,1900-01-01T19:00:00Z,2025-11-10T19:00:00Z,2025-11-10T05:00:00Z,1900-01-01T00:00:00Z,2025-11-11T00:00:00Z,2025-11-10T19:00:00Z,2025-11-10T19:00:00Z,Mon,11,4,Week 4,false,"","","","",Little Caesars Arena,MI,Detroit,N,"","",FALSE,1610612765,Pistons,Detroit,DET,pistons,9,2,137,0,1610612764,Wizards,Washington,WAS,wizards,1,10,135,0,2025-26,00,2,Regular Season
2025-11-10,0022500200,20251110/PORORL,3,Final,3,2025-11-10T00:00:00Z,1900-01-01T19:00:00Z,2025-11-10T19:00:00Z,2025-11-10T05:00:00Z,1900-01-01T00:00:00Z,2025-11-11T00:00:00Z,2025-11-10T16:00:00Z,2025-11-10T19:00:00Z,Mon,11,4,Week 4,false,"","","","",Kia Center,FL,Orlando,N,"","",FALSE,1610612753,Magic,Orlando,ORL,magic,5,6,115,0,1610612757,Trail Blazers,Portland,POR,blazers,5,5,112,0,2025-26,00,2,Regular Season
2025-11-10,0022500201,20251110/CLEMIA,3,Final/OT,4,2025-11-10T00:00:00Z,1900-01-01T19:30:00Z,2025-11-10T19:30:00Z,2025-11-10T05:00:00Z,1900-01-01T00:30:00Z,2025-11-11T00:30:00Z,2025-11-10T19:30:00Z,2025-11-10T19:30:00Z,Mon,11,4,Week 4,false,"","","","",Kaseya Center,FL,Miami,N,"","",FALSE,1610612748,Heat,Miami,MIA,heat,7,4,140,0,1610612739,Cavaliers,Cleveland,CLE,cavaliers,7,4,138,0,2025-26,00,2,Regular Season
2025-11-10,0022500202,20251110/SASCHI,3,Final,5,2025-11-10T00:00:00Z,1900-01-01T20:00:00Z,2025-11-10T20:00:00Z,2025-11-10T05:00:00Z,1900-01-01T01:00:00Z,2025-11-11T01:00:00Z,2025-11-10T19:00:00Z,2025-11-10T19:00:00Z,Mon,11,4,Week 4,false,"","","","",United Center,IL,Chicago,N,"","",FALSE,1610612741,Bulls,Chicago,CHI,bulls,6,4,117,0,1610612759,Spurs,San Antonio,SAS,spurs,8,2,121,0,2025-26,00,2,Regular Season
2025-11-10,0022500203,20251110/MILDAL,3,Final,6,2025-11-10T00:00:00Z,1900-01-01T20:30:00Z,2025-11-10T20:30:00Z,2025-11-10T05:00:00Z,1900-01-01T01:30:00Z,2025-11-11T01:30:00Z,2025-11-10T19:30:00Z,2025-11-10T19:30:00Z,Mon,11,4,Week 4,false,"","","","",American Airlines Center,TX,Dallas,N,"","",FALSE,1610612742,Mavericks,Dallas,DAL,mavericks,3,8,114,0,1610612749,Bucks,Milwaukee,MIL,bucks,7,4,116,0,2025-26,00,2,Regular Season
2025-11-10,0022500204,20251110/NOPPHX,3,Final,7,2025-11-10T00:00:00Z,1900-01-01T21:00:00Z,2025-11-10T21:00:00Z,2025-11-10T05:00:00Z,1900-01-01T02:00:00Z,2025-11-11T02:00:00Z,2025-11-10T20:00:00Z,2025-11-10T19:00:00Z,Mon,11,4,Week 4,false,"","","","",Mortgage Matchup Center,AZ,Phoenix,N,"","",FALSE,1610612756,Suns,Phoenix,PHX,suns,6,5,121,0,1610612740,Pelicans,New Orleans,NOP,pelicans,2,8,98,0,2025-26,00,2,Regular Season
2025-11-10,0022500205,20251110/MINUTA,3,Final,8,2025-11-10T00:00:00Z,1900-01-01T21:00:00Z,2025-11-10T21:00:00Z,2025-11-10T05:00:00Z,1900-01-01T02:00:00Z,2025-11-11T02:00:00Z,2025-11-10T20:00:00Z,2025-11-10T19:00:00Z,Mon,11,4,Week 4,false,"","","","",Delta Center,UT,Salt Lake City,N,"","",FALSE,1610612762,Jazz,Utah,UTA,jazz,3,7,113,0,1610612750,Timberwolves,Minnesota,MIN,timberwolves,7,4,120,0,2025-26,00,2,Regular Season
2025-11-10,0022500206,20251110/ATLLAC,3,Final,9,2025-11-10T00:00:00Z,1900-01-01T22:30:00Z,2025-11-10T22:30:00Z,2025-11-10T05:00:00Z,1900-01-01T03:30:00Z,2025-11-11T03:30:00Z,2025-11-10T22:30:00Z,2025-11-10T19:30:00Z,Mon,11,4,Week 4,false,"","","","",Intuit Dome,CA,Inglewood,N,"","",FALSE,1610612746,Clippers,LA,LAC,clippers,3,7,102,0,1610612737,Hawks,Atlanta,ATL,hawks,6,5,105,0,2025-26,00,2,Regular Season
2025-11-11,0022500207,20251111/TORBKN,3,Final,1,2025-11-11T00:00:00Z,1900-01-01T19:30:00Z,2025-11-11T19:30:00Z,2025-11-11T05:00:00Z,1900-01-01T00:30:00Z,2025-11-12T00:30:00Z,2025-11-11T19:30:00Z,2025-11-11T19:30:00Z,Tue,11,4,Week 4,false,"","","","",Barclays Center,NY,Brooklyn,N,"","",FALSE,1610612751,Nets,Brooklyn,BKN,nets,1,10,109,0,1610612761,Raptors,Toronto,TOR,raptors,6,5,119,0,2025-26,00,2,Regular Season
2025-11-11,0022500208,20251111/MEMNYK,3,Final,2,2025-11-11T00:00:00Z,1900-01-01T19:30:00Z,2025-11-11T19:30:00Z,2025-11-11T05:00:00Z,1900-01-01T00:30:00Z,2025-11-12T00:30:00Z,2025-11-11T18:30:00Z,2025-11-11T19:30:00Z,Tue,11,4,Week 4,false,"","","","",Madison Square Garden,NY,New York,N,"","",FALSE,1610612752,Knicks,New York,NYK,knicks,7,3,133,0,1610612763,Grizzlies,Memphis,MEM,grizzlies,4,8,120,0,2025-26,00,2,Regular Season
2025-11-11,0022500209,20251111/BOSPHI,3,Final,3,2025-11-11T00:00:00Z,1900-01-01T20:00:00Z,2025-11-11T20:00:00Z,2025-11-11T05:00:00Z,1900-01-01T01:00:00Z,2025-11-12T01:00:00Z,2025-11-11T20:00:00Z,2025-11-11T20:00:00Z,Tue,11,4,Week 4,false,"","","","",Xfinity Mobile Arena,PA,Philadelphia,N,"","",FALSE,1610612755,76ers,Philadelphia,PHI,sixers,7,4,102,0,1610612738,Celtics,Boston,BOS,celtics,5,7,100,0,2025-26,00,2,Regular Season
2025-11-11,0022500210,20251111/GSWOKC,3,Final,4,2025-11-11T00:00:00Z,1900-01-01T20:00:00Z,2025-11-11T20:00:00Z,2025-11-11T05:00:00Z,1900-01-01T01:00:00Z,2025-11-12T01:00:00Z,2025-11-11T17:00:00Z,2025-11-11T19:00:00Z,Tue,11,4,Week 4,false,"","","","",Paycom Center,OK,Oklahoma City,N,"","",FALSE,1610612760,Thunder,Oklahoma City,OKC,thunder,11,1,126,0,1610612744,Warriors,Golden State,GSW,warriors,6,6,102,0,2025-26,00,2,Regular Season
2025-11-11,0022500211,20251111/INDUTA,3,Final,5,2025-11-11T00:00:00Z,1900-01-01T21:00:00Z,2025-11-11T21:00:00Z,2025-11-11T05:00:00Z,1900-01-01T02:00:00Z,2025-11-12T02:00:00Z,2025-11-11T21:00:00Z,2025-11-11T19:00:00Z,Tue,11,4,Week 4,false,"","","","",Delta Center,UT,Salt Lake City,N,"","",FALSE,1610612762,Jazz,Utah,UTA,jazz,4,7,152,0,1610612754,Pacers,Indiana,IND,pacers,1,10,128,0,2025-26,00,2,Regular Season
2025-11-11,0022500212,20251111/DENSAC,3,Final,6,2025-11-11T00:00:00Z,1900-01-01T23:00:00Z,2025-11-11T23:00:00Z,2025-11-11T05:00:00Z,1900-01-01T04:00:00Z,2025-11-12T04:00:00Z,2025-11-11T21:00:00Z,2025-11-11T20:00:00Z,Tue,11,4,Week 4,false,"","","","",Golden 1 Center,CA,Sacramento,N,"","",FALSE,1610612758,Kings,Sacramento,SAC,kings,3,8,108,0,1610612743,Nuggets,Denver,DEN,nuggets,8,2,122,0,2025-26,00,2,Regular Season
2025-11-12,0022500213,20251112/MILCHA,3,Final,1,2025-11-12T00:00:00Z,1900-01-01T19:00:00Z,2025-11-12T19:00:00Z,2025-11-12T05:00:00Z,1900-01-01T00:00:00Z,2025-11-13T00:00:00Z,2025-11-12T18:00:00Z,2025-11-12T19:00:00Z,Wed,11,4,Week 4,false,"","","","",Spectrum Center,NC,Charlotte,N,"","",FALSE,1610612766,Hornets,Charlotte,CHA,hornets,4,7,111,0,1610612749,Bucks,Milwaukee,MIL,bucks,7,5,100,0,2025-26,00,2,Regular Season
2025-11-12,0022500214,20251112/CHIDET,3,Final,2,2025-11-12T00:00:00Z,1900-01-01T19:00:00Z,2025-11-12T19:00:00Z,2025-11-12T05:00:00Z,1900-01-01T00:00:00Z,2025-11-13T00:00:00Z,2025-11-12T18:00:00Z,2025-11-12T19:00:00Z,Wed,11,4,Week 4,false,"","","","",Little Caesars Arena,MI,Detroit,N,"","",FALSE,1610612765,Pistons,Detroit,DET,pistons,10,2,124,0,1610612741,Bulls,Chicago,CHI,bulls,6,5,113,0,2025-26,00,2,Regular Season
2025-11-12,0022500215,20251112/ORLNYK,3,Final,3,2025-11-12T00:00:00Z,1900-01-01T19:00:00Z,2025-11-12T19:00:00Z,2025-11-12T05:00:00Z,1900-01-01T00:00:00Z,2025-11-13T00:00:00Z,2025-11-12T19:00:00Z,2025-11-12T19:00:00Z,Wed,11,4,Week 4,false,"","","","",Madison Square Garden,NY,New York,N,"","",FALSE,1610612752,Knicks,New York,NYK,knicks,7,4,107,0,1610612753,Magic,Orlando,ORL,magic,6,6,124,0,2025-26,00,2,Regular Season
2025-11-12,0022500216,20251112/MEMBOS,3,Final,4,2025-11-12T00:00:00Z,1900-01-01T19:30:00Z,2025-11-12T19:30:00Z,2025-11-12T05:00:00Z,1900-01-01T00:30:00Z,2025-11-13T00:30:00Z,2025-11-12T18:30:00Z,2025-11-12T19:30:00Z,Wed,11,4,Week 4,false,"","","","",TD Garden,MA,Boston,N,"","",FALSE,1610612738,Celtics,Boston,BOS,celtics,6,7,131,0,1610612763,Grizzlies,Memphis,MEM,grizzlies,4,9,95,0,2025-26,00,2,Regular Season
2025-11-12,0022500217,20251112/CLEMIA,3,Final,5,2025-11-12T00:00:00Z,1900-01-01T19:30:00Z,2025-11-12T19:30:00Z,2025-11-12T05:00:00Z,1900-01-01T00:30:00Z,2025-11-13T00:30:00Z,2025-11-12T19:30:00Z,2025-11-12T19:30:00Z,Wed,11,4,Week 4,false,"","","","",Kaseya Center,FL,Miami,N,"","",FALSE,1610612748,Heat,Miami,MIA,heat,7,5,116,0,1610612739,Cavaliers,Cleveland,CLE,cavaliers,8,4,130,0,2025-26,00,2,Regular Season
2025-11-12,0022500218,20251112/WASHOU,3,Final,6,2025-11-12T00:00:00Z,1900-01-01T20:00:00Z,2025-11-12T20:00:00Z,2025-11-12T05:00:00Z,1900-01-01T01:00:00Z,2025-11-13T01:00:00Z,2025-11-12T20:00:00Z,2025-11-12T19:00:00Z,Wed,11,4,Week 4,false,"","","","",Toyota Center,TX,Houston,N,"","",FALSE,1610612745,Rockets,Houston,HOU,rockets,7,3,135,0,1610612764,Wizards,Washington,WAS,wizards,1,11,112,0,2025-26,00,2,Regular Season
2025-11-12,0022500219,20251112/PORNOP,3,Final,7,2025-11-12T00:00:00Z,1900-01-01T20:00:00Z,2025-11-12T20:00:00Z,2025-11-12T05:00:00Z,1900-01-01T01:00:00Z,2025-11-13T01:00:00Z,2025-11-12T17:00:00Z,2025-11-12T19:00:00Z,Wed,11,4,Week 4,false,"","","","",Smoothie King Center,LA,New Orleans,N,"","",FALSE,1610612740,Pelicans,New Orleans,NOP,pelicans,2,9,117,0,1610612757,Trail Blazers,Portland,POR,blazers,6,5,125,0,2025-26,00,2,Regular Season
2025-11-12,0022500220,20251112/GSWSAS,3,Final,8,2025-11-12T00:00:00Z,1900-01-01T20:00:00Z,2025-11-12T20:00:00Z,2025-11-12T05:00:00Z,1900-01-01T01:00:00Z,2025-11-13T01:00:00Z,2025-11-12T17:00:00Z,2025-11-12T19:00:00Z,Wed,11,4,Week 4,false,"","","","",Frost Bank Center,TX,San Antonio,N,"","",FALSE,1610612759,Spurs,San Antonio,SAS,spurs,8,3,120,0,1610612744,Warriors,Golden State,GSW,warriors,7,6,125,0,2025-26,00,2,Regular Season
2025-11-12,0022500221,20251112/PHXDAL,3,Final,9,2025-11-12T00:00:00Z,1900-01-01T20:30:00Z,2025-11-12T20:30:00Z,2025-11-12T05:00:00Z,1900-01-01T01:30:00Z,2025-11-13T01:30:00Z,2025-11-12T18:30:00Z,2025-11-12T19:30:00Z,Wed,11,4,Week 4,false,"","","","",American Airlines Center,TX,Dallas,N,"","",FALSE,1610612742,Mavericks,Dallas,DAL,mavericks,3,9,114,0,1610612756,Suns,Phoenix,PHX,suns,7,5,123,0,2025-26,00,2,Regular Season
2025-11-12,0022500222,20251112/LALOKC,3,Final,10,2025-11-12T00:00:00Z,1900-01-01T21:30:00Z,2025-11-12T21:30:00Z,2025-11-12T05:00:00Z,1900-01-01T02:30:00Z,2025-11-13T02:30:00Z,2025-11-12T18:30:00Z,2025-11-12T20:30:00Z,Wed,11,4,Week 4,false,"","","","",Paycom Center,OK,Oklahoma City,N,"","",FALSE,1610612760,Thunder,Oklahoma City,OKC,thunder,12,1,121,0,1610612747,Lakers,Los Angeles,LAL,lakers,8,4,92,0,2025-26,00,2,Regular Season
2025-11-12,0022500223,20251112/ATLSAC,3,Final,11,2025-11-12T00:00:00Z,1900-01-01T22:00:00Z,2025-11-12T22:00:00Z,2025-11-12T05:00:00Z,1900-01-01T03:00:00Z,2025-11-13T03:00:00Z,2025-11-12T22:00:00Z,2025-11-12T19:00:00Z,Wed,11,4,Week 4,false,"","","","",Golden 1 Center,CA,Sacramento,N,"","",FALSE,1610612758,Kings,Sacramento,SAC,kings,3,9,100,0,1610612737,Hawks,Atlanta,ATL,hawks,7,5,133,0,2025-26,00,2,Regular Season
2025-11-12,0022500224,20251112/DENLAC,3,Final,12,2025-11-12T00:00:00Z,1900-01-01T22:30:00Z,2025-11-12T22:30:00Z,2025-11-12T05:00:00Z,1900-01-01T03:30:00Z,2025-11-13T03:30:00Z,2025-11-12T20:30:00Z,2025-11-12T19:30:00Z,Wed,11,4,Week 4,false,"","","","",Intuit Dome,CA,Inglewood,N,"","",FALSE,1610612746,Clippers,LA,LAC,clippers,3,8,116,0,1610612743,Nuggets,Denver,DEN,nuggets,9,2,130,0,2025-26,00,2,Regular Season
2025-11-13,0022500225,20251113/TORCLE,3,Final,1,2025-11-13T00:00:00Z,1900-01-01T19:00:00Z,2025-11-13T19:00:00Z,2025-11-13T05:00:00Z,1900-01-01T00:00:00Z,2025-11-14T00:00:00Z,2025-11-13T19:00:00Z,2025-11-13T19:00:00Z,Thu,11,4,Week 4,false,"","","","",Rocket Arena,OH,Cleveland,N,"","",FALSE,1610612739,Cavaliers,Cleveland,CLE,cavaliers,8,5,113,0,1610612761,Raptors,Toronto,TOR,raptors,7,5,126,0,2025-26,00,2,Regular Season
2025-11-13,0022500226,20251113/INDPHX,3,Final,2,2025-11-13T00:00:00Z,1900-01-01T21:00:00Z,2025-11-13T21:00:00Z,2025-11-13T05:00:00Z,1900-01-01T02:00:00Z,2025-11-14T02:00:00Z,2025-11-13T21:00:00Z,2025-11-13T19:00:00Z,Thu,11,4,Week 4,false,"","","","",Mortgage Matchup Center,AZ,Phoenix,N,"","",FALSE,1610612756,Suns,Phoenix,PHX,suns,8,5,133,0,1610612754,Pacers,Indiana,IND,pacers,1,11,98,0,2025-26,00,2,Regular Season
2025-11-13,0022500227,20251113/ATLUTA,3,Final,3,2025-11-13T00:00:00Z,1900-01-01T21:00:00Z,2025-11-13T21:00:00Z,2025-11-13T05:00:00Z,1900-01-01T02:00:00Z,2025-11-14T02:00:00Z,2025-11-13T21:00:00Z,2025-11-13T19:00:00Z,Thu,11,4,Week 4,false,"","","","",Delta Center,UT,Salt Lake City,N,"","",FALSE,1610612762,Jazz,Utah,UTA,jazz,4,8,122,0,1610612737,Hawks,Atlanta,ATL,hawks,8,5,132,0,2025-26,00,2,Regular Season
2025-11-14,0022500039,20251114/MIANYK,3,Final,1,2025-11-14T00:00:00Z,1900-01-01T19:00:00Z,2025-11-14T19:00:00Z,2025-11-14T05:00:00Z,1900-01-01T00:00:00Z,2025-11-15T00:00:00Z,2025-11-14T19:00:00Z,2025-11-14T19:00:00Z,Fri,11,4,Week 4,false,"",Emirates NBA Cup,East Group C,"",Madison Square Garden,NY,New York,N,"",in-season,FALSE,1610612752,Knicks,New York,NYK,knicks,8,4,140,0,1610612748,Heat,Miami,MIA,heat,7,6,132,0,2025-26,00,2,Regular Season
2025-11-14,0022500040,20251114/BKNORL,3,Final,2,2025-11-14T00:00:00Z,1900-01-01T19:00:00Z,2025-11-14T19:00:00Z,2025-11-14T05:00:00Z,1900-01-01T00:00:00Z,2025-11-15T00:00:00Z,2025-11-14T19:00:00Z,2025-11-14T19:00:00Z,Fri,11,4,Week 4,false,"",Emirates NBA Cup,East Group B,"",Kia Center,FL,Orlando,N,"",in-season,FALSE,1610612753,Magic,Orlando,ORL,magic,7,6,105,0,1610612751,Nets,Brooklyn,BKN,nets,1,11,98,0,2025-26,00,2,Regular Season
2025-11-14,0022500041,20251114/PHIDET,3,Final,3,2025-11-14T00:00:00Z,1900-01-01T19:30:00Z,2025-11-14T19:30:00Z,2025-11-14T05:00:00Z,1900-01-01T00:30:00Z,2025-11-15T00:30:00Z,2025-11-14T19:30:00Z,2025-11-14T19:30:00Z,Fri,11,4,Week 4,false,"",Emirates NBA Cup,East Group B,"",Little Caesars Arena,MI,Detroit,N,"",in-season,FALSE,1610612765,Pistons,Detroit,DET,pistons,11,2,114,0,1610612755,76ers,Philadelphia,PHI,sixers,7,5,105,0,2025-26,00,2,Regular Season
2025-11-14,0022500042,20251114/PORHOU,3,Final,4,2025-11-14T00:00:00Z,1900-01-01T20:00:00Z,2025-11-14T20:00:00Z,2025-11-14T05:00:00Z,1900-01-01T01:00:00Z,2025-11-15T01:00:00Z,2025-11-14T17:00:00Z,2025-11-14T19:00:00Z,Fri,11,4,Week 4,false,"",Emirates NBA Cup,West Group C,"",Toyota Center,TX,Houston,N,"",in-season,FALSE,1610612745,Rockets,Houston,HOU,rockets,8,3,140,0,1610612757,Trail Blazers,Portland,POR,blazers,6,6,116,0,2025-26,00,2,Regular Season
2025-11-14,0022500043,20251114/CHAMIL,3,Final/OT,5,2025-11-14T00:00:00Z,1900-01-01T20:00:00Z,2025-11-14T20:00:00Z,2025-11-14T05:00:00Z,1900-01-01T01:00:00Z,2025-11-15T01:00:00Z,2025-11-14T20:00:00Z,2025-11-14T19:00:00Z,Fri,11,4,Week 4,false,"",Emirates NBA Cup,East Group C,"",Fiserv Forum,WI,Milwaukee,N,"",in-season,FALSE,1610612749,Bucks,Milwaukee,MIL,bucks,8,5,147,0,1610612766,Hornets,Charlotte,CHA,hornets,4,8,134,0,2025-26,00,2,Regular Season
2025-11-14,0022500044,20251114/SACMIN,3,Final,6,2025-11-14T00:00:00Z,1900-01-01T20:00:00Z,2025-11-14T20:00:00Z,2025-11-14T05:00:00Z,1900-01-01T01:00:00Z,2025-11-15T01:00:00Z,2025-11-14T17:00:00Z,2025-11-14T19:00:00Z,Fri,11,4,Week 4,false,"",Emirates NBA Cup,West Group A,"",Target Center,MN,Minneapolis,N,"",in-season,FALSE,1610612750,Timberwolves,Minnesota,MIN,timberwolves,8,4,124,0,1610612758,Kings,Sacramento,SAC,kings,3,10,110,0,2025-26,00,2,Regular Season
2025-11-14,0022500045,20251114/LALNOP,3,Final,7,2025-11-14T00:00:00Z,1900-01-01T20:00:00Z,2025-11-14T20:00:00Z,2025-11-14T05:00:00Z,1900-01-01T01:00:00Z,2025-11-15T01:00:00Z,2025-11-14T17:00:00Z,2025-11-14T19:00:00Z,Fri,11,4,Week 4,false,"",Emirates NBA Cup,West Group B,"",Smoothie King Center,LA,New Orleans,N,"",in-season,FALSE,1610612740,Pelicans,New Orleans,NOP,pelicans,2,10,104,0,1610612747,Lakers,Los Angeles,LAL,lakers,9,4,118,0,2025-26,00,2,Regular Season
2025-11-14,0022500046,20251114/LACDAL,3,Final/OT2,8,2025-11-14T00:00:00Z,1900-01-01T20:30:00Z,2025-11-14T20:30:00Z,2025-11-14T05:00:00Z,1900-01-01T01:30:00Z,2025-11-15T01:30:00Z,2025-11-14T17:30:00Z,2025-11-14T19:30:00Z,Fri,11,4,Week 4,false,"",Emirates NBA Cup,West Group B,"",American Airlines Center,TX,Dallas,N,"",in-season,FALSE,1610612742,Mavericks,Dallas,DAL,mavericks,3,10,127,0,1610612746,Clippers,LA,LAC,clippers,4,8,133,0,2025-26,00,2,Regular Season
2025-11-14,0022500047,20251114/GSWSAS,3,Final,9,2025-11-14T00:00:00Z,1900-01-01T21:30:00Z,2025-11-14T21:30:00Z,2025-11-14T05:00:00Z,1900-01-01T02:30:00Z,2025-11-15T02:30:00Z,2025-11-14T18:30:00Z,2025-11-14T20:30:00Z,Fri,11,4,Week 4,false,"",Emirates NBA Cup,West Group C,"",Frost Bank Center,TX,San Antonio,N,"",in-season,FALSE,1610612759,Spurs,San Antonio,SAS,spurs,8,4,108,0,1610612744,Warriors,Golden State,GSW,warriors,8,6,109,0,2025-26,00,2,Regular Season
2025-11-15,0022500228,20251115/MEMCLE,3,Final,1,2025-11-15T00:00:00Z,1900-01-01T17:00:00Z,2025-11-15T17:00:00Z,2025-11-15T05:00:00Z,1900-01-01T22:00:00Z,2025-11-15T22:00:00Z,2025-11-15T16:00:00Z,2025-11-15T17:00:00Z,Sat,11,4,Week 4,false,"","","","",Rocket Arena,OH,Cleveland,N,"","",FALSE,1610612739,Cavaliers,Cleveland,CLE,cavaliers,9,5,108,0,1610612763,Grizzlies,Memphis,MEM,grizzlies,4,10,100,0,2025-26,00,2,Regular Season
2025-11-15,0022500229,20251115/OKCCHA,3,Final,2,2025-11-15T00:00:00Z,1900-01-01T19:00:00Z,2025-11-15T19:00:00Z,2025-11-15T05:00:00Z,1900-01-01T00:00:00Z,2025-11-16T00:00:00Z,2025-11-15T18:00:00Z,2025-11-15T19:00:00Z,Sat,11,4,Week 4,false,"","","","",Spectrum Center,NC,Charlotte,N,"","",FALSE,1610612766,Hornets,Charlotte,CHA,hornets,4,9,96,0,1610612760,Thunder,Oklahoma City,OKC,thunder,13,1,109,0,2025-26,00,2,Regular Season
2025-11-15,0022500230,20251115/TORIND,3,Final,3,2025-11-15T00:00:00Z,1900-01-01T19:00:00Z,2025-11-15T19:00:00Z,2025-11-15T05:00:00Z,1900-01-01T00:00:00Z,2025-11-16T00:00:00Z,2025-11-15T19:00:00Z,2025-11-15T19:00:00Z,Sat,11,4,Week 4,false,"","","","",Gainbridge Fieldhouse,IN,Indianapolis,N,"","",FALSE,1610612754,Pacers,Indiana,IND,pacers,1,12,111,0,1610612761,Raptors,Toronto,TOR,raptors,8,5,129,0,2025-26,00,2,Regular Season
2025-11-15,0022500231,20251115/LALMIL,3,Final,4,2025-11-15T00:00:00Z,1900-01-01T20:00:00Z,2025-11-15T20:00:00Z,2025-11-15T05:00:00Z,1900-01-01T01:00:00Z,2025-11-16T01:00:00Z,2025-11-15T17:00:00Z,2025-11-15T19:00:00Z,Sat,11,4,Week 4,false,"","","","",Fiserv Forum,WI,Milwaukee,N,"","",FALSE,1610612749,Bucks,Milwaukee,MIL,bucks,8,6,95,0,1610612747,Lakers,Los Angeles,LAL,lakers,10,4,119,0,2025-26,00,2,Regular Season
2025-11-15,0022500232,20251115/DENMIN,3,Final,5,2025-11-15T00:00:00Z,1900-01-01T20:00:00Z,2025-11-15T20:00:00Z,2025-11-15T05:00:00Z,1900-01-01T01:00:00Z,2025-11-16T01:00:00Z,2025-11-15T18:00:00Z,2025-11-15T19:00:00Z,Sat,11,4,Week 4,false,"","","","",Target Center,MN,Minneapolis,N,"","",FALSE,1610612750,Timberwolves,Minnesota,MIN,timberwolves,8,5,112,0,1610612743,Nuggets,Denver,DEN,nuggets,10,2,123,0,2025-26,00,2,Regular Season
2025-11-16,0022500233,20251116/LACBOS,3,Final,1,2025-11-16T00:00:00Z,1900-01-01T15:30:00Z,2025-11-16T15:30:00Z,2025-11-16T05:00:00Z,1900-01-01T20:30:00Z,2025-11-16T20:30:00Z,2025-11-16T12:30:00Z,2025-11-16T15:30:00Z,Sun,11,4,Week 4,false,"","","","",TD Garden,MA,Boston,N,"","",FALSE,1610612738,Celtics,Boston,BOS,celtics,7,7,121,0,1610612746,Clippers,LA,LAC,clippers,4,9,118,0,2025-26,00,2,Regular Season
2025-11-16,0022500234,20251116/SACSAS,3,Final,2,2025-11-16T00:00:00Z,1900-01-01T16:00:00Z,2025-11-16T16:00:00Z,2025-11-16T05:00:00Z,1900-01-01T21:00:00Z,2025-11-16T21:00:00Z,2025-11-16T13:00:00Z,2025-11-16T15:00:00Z,Sun,11,4,Week 4,false,"","","","",Frost Bank Center,TX,San Antonio,N,"","",FALSE,1610612759,Spurs,San Antonio,SAS,spurs,9,4,123,0,1610612758,Kings,Sacramento,SAC,kings,3,11,110,0,2025-26,00,2,Regular Season
2025-11-16,0022500235,20251116/BKNWAS,3,Final,3,2025-11-16T00:00:00Z,1900-01-01T18:00:00Z,2025-11-16T18:00:00Z,2025-11-16T05:00:00Z,1900-01-01T23:00:00Z,2025-11-16T23:00:00Z,2025-11-16T18:00:00Z,2025-11-16T18:00:00Z,Sun,11,4,Week 4,false,"","","","",Capital One Arena,DC,Washington,N,"","",FALSE,1610612764,Wizards,Washington,WAS,wizards,1,12,106,0,1610612751,Nets,Brooklyn,BKN,nets,2,11,129,0,2025-26,00,2,Regular Season
2025-11-16,0022500236,20251116/ORLHOU,3,Final/OT,4,2025-11-16T00:00:00Z,1900-01-01T19:00:00Z,2025-11-16T19:00:00Z,2025-11-16T05:00:00Z,1900-01-01T00:00:00Z,2025-11-17T00:00:00Z,2025-11-16T19:00:00Z,2025-11-16T18:00:00Z,Sun,11,4,Week 4,false,"","","","",Toyota Center,TX,Houston,N,"","",FALSE,1610612745,Rockets,Houston,HOU,rockets,9,3,117,0,1610612753,Magic,Orlando,ORL,magic,7,7,113,0,2025-26,00,2,Regular Season
2025-11-16,0022500237,20251116/GSWNOP,3,Final,5,2025-11-16T00:00:00Z,1900-01-01T19:00:00Z,2025-11-16T19:00:00Z,2025-11-16T05:00:00Z,1900-01-01T00:00:00Z,2025-11-17T00:00:00Z,2025-11-16T16:00:00Z,2025-11-16T18:00:00Z,Sun,11,4,Week 4,false,"","","","",Smoothie King Center,LA,New Orleans,N,"","",FALSE,1610612740,Pelicans,New Orleans,NOP,pelicans,2,11,106,0,1610612744,Warriors,Golden State,GSW,warriors,9,6,124,0,2025-26,00,2,Regular Season
2025-11-16,0022500238,20251116/PORDAL,3,Final/OT,6,2025-11-16T00:00:00Z,1900-01-01T19:30:00Z,2025-11-16T19:30:00Z,2025-11-16T05:00:00Z,1900-01-01T00:30:00Z,2025-11-17T00:30:00Z,2025-11-16T16:30:00Z,2025-11-16T18:30:00Z,Sun,11,4,Week 4,false,"","","","",American Airlines Center,TX,Dallas,N,"","",FALSE,1610612742,Mavericks,Dallas,DAL,mavericks,4,10,138,0,1610612757,Trail Blazers,Portland,POR,blazers,6,7,133,0,2025-26,00,2,Regular Season
2025-11-16,0022500239,20251116/ATLPHX,3,Final,7,2025-11-16T00:00:00Z,1900-01-01T20:00:00Z,2025-11-16T20:00:00Z,2025-11-16T05:00:00Z,1900-01-01T01:00:00Z,2025-11-17T01:00:00Z,2025-11-16T20:00:00Z,2025-11-16T18:00:00Z,Sun,11,4,Week 4,false,"","","","",Mortgage Matchup Center,AZ,Phoenix,N,"","",FALSE,1610612756,Suns,Phoenix,PHX,suns,8,6,122,0,1610612737,Hawks,Atlanta,ATL,hawks,9,5,124,0,2025-26,00,2,Regular Season
2025-11-16,0022500240,20251116/CHIUTA,3,Final/OT2,8,2025-11-16T00:00:00Z,1900-01-01T20:00:00Z,2025-11-16T20:00:00Z,2025-11-16T05:00:00Z,1900-01-01T01:00:00Z,2025-11-17T01:00:00Z,2025-11-16T19:00:00Z,2025-11-16T18:00:00Z,Sun,11,4,Week 4,false,"","","","",Delta Center,UT,Salt Lake City,N,"","",FALSE,1610612762,Jazz,Utah,UTA,jazz,5,8,150,0,1610612741,Bulls,Chicago,CHI,bulls,6,6,147,0,2025-26,00,2,Regular Season
2025-11-17,0022500241,20251117/MILCLE,3,Final,1,2025-11-17T00:00:00Z,1900-01-01T19:00:00Z,2025-11-17T19:00:00Z,2025-11-17T05:00:00Z,1900-01-01T00:00:00Z,2025-11-18T00:00:00Z,2025-11-17T18:00:00Z,2025-11-17T19:00:00Z,Mon,11,5,Week 5,false,"","","","",Rocket Arena,OH,Cleveland,N,"","",FALSE,1610612739,Cavaliers,Cleveland,CLE,cavaliers,10,5,118,0,1610612749,Bucks,Milwaukee,MIL,bucks,8,7,106,0,2025-26,00,2,Regular Season
2025-11-17,0022500242,20251117/INDDET,3,Final,2,2025-11-17T00:00:00Z,1900-01-01T19:00:00Z,2025-11-17T19:00:00Z,2025-11-17T05:00:00Z,1900-01-01T00:00:00Z,2025-11-18T00:00:00Z,2025-11-17T19:00:00Z,2025-11-17T19:00:00Z,Mon,11,5,Week 5,false,"","","","",Little Caesars Arena,MI,Detroit,N,"","",FALSE,1610612765,Pistons,Detroit,DET,pistons,12,2,127,0,1610612754,Pacers,Indiana,IND,pacers,1,13,112,0,2025-26,00,2,Regular Season
2025-11-17,0022500243,20251117/LACPHI,3,Final,3,2025-11-17T00:00:00Z,1900-01-01T19:00:00Z,2025-11-17T19:00:00Z,2025-11-17T05:00:00Z,1900-01-01T00:00:00Z,2025-11-18T00:00:00Z,2025-11-17T16:00:00Z,2025-11-17T19:00:00Z,Mon,11,5,Week 5,false,"","","","",Xfinity Mobile Arena,PA,Philadelphia,N,"","",FALSE,1610612755,76ers,Philadelphia,PHI,sixers,8,5,110,0,1610612746,Clippers,LA,LAC,clippers,4,10,108,0,2025-26,00,2,Regular Season
2025-11-17,0022500244,20251117/NYKMIA,3,Final,4,2025-11-17T00:00:00Z,1900-01-01T19:30:00Z,2025-11-17T19:30:00Z,2025-11-17T05:00:00Z,1900-01-01T00:30:00Z,2025-11-18T00:30:00Z,2025-11-17T19:30:00Z,2025-11-17T19:30:00Z,Mon,11,5,Week 5,false,"","","","",Kaseya Center,FL,Miami,N,"","",FALSE,1610612748,Heat,Miami,MIA,heat,8,6,115,0,1610612752,Knicks,New York,NYK,knicks,8,5,113,0,2025-26,00,2,Regular Season
2025-11-17,0022500245,20251117/CHATOR,3,Final,5,2025-11-17T00:00:00Z,1900-01-01T19:30:00Z,2025-11-17T19:30:00Z,2025-11-17T05:00:00Z,1900-01-01T00:30:00Z,2025-11-18T00:30:00Z,2025-11-17T19:30:00Z,2025-11-17T19:30:00Z,Mon,11,5,Week 5,false,"","","","",Scotiabank Arena,ON,Toronto,N,"","",FALSE,1610612761,Raptors,Toronto,TOR,raptors,9,5,110,0,1610612766,Hornets,Charlotte,CHA,hornets,4,10,108,0,2025-26,00,2,Regular Season
2025-11-17,0022500246,20251117/DALMIN,3,Final,6,2025-11-17T00:00:00Z,1900-01-01T20:00:00Z,2025-11-17T20:00:00Z,2025-11-17T05:00:00Z,1900-01-01T01:00:00Z,2025-11-18T01:00:00Z,2025-11-17T19:00:00Z,2025-11-17T19:00:00Z,Mon,11,5,Week 5,false,"","","","",Target Center,MN,Minneapolis,N,"","",FALSE,1610612750,Timberwolves,Minnesota,MIN,timberwolves,9,5,120,0,1610612742,Mavericks,Dallas,DAL,mavericks,4,11,96,0,2025-26,00,2,Regular Season
2025-11-17,0022500247,20251117/OKCNOP,3,Final,7,2025-11-17T00:00:00Z,1900-01-01T20:00:00Z,2025-11-17T20:00:00Z,2025-11-17T05:00:00Z,1900-01-01T01:00:00Z,2025-11-18T01:00:00Z,2025-11-17T19:00:00Z,2025-11-17T19:00:00Z,Mon,11,5,Week 5,false,"","","","",Smoothie King Center,LA,New Orleans,N,"","",FALSE,1610612740,Pelicans,New Orleans,NOP,pelicans,2,12,109,0,1610612760,Thunder,Oklahoma City,OKC,thunder,14,1,126,0,2025-26,00,2,Regular Season
2025-11-17,0022500248,20251117/CHIDEN,3,Final,8,2025-11-17T00:00:00Z,1900-01-01T21:00:00Z,2025-11-17T21:00:00Z,2025-11-17T05:00:00Z,1900-01-01T02:00:00Z,2025-11-18T02:00:00Z,2025-11-17T20:00:00Z,2025-11-17T19:00:00Z,Mon,11,5,Week 5,false,"","","","",Ball Arena,CO,Denver,N,"","",FALSE,1610612743,Nuggets,Denver,DEN,nuggets,10,3,127,0,1610612741,Bulls,Chicago,CHI,bulls,7,6,130,0,2025-26,00,2,Regular Season
2025-11-18,0022500249,20251118/GSWORL,3,Final,1,2025-11-18T00:00:00Z,1900-01-01T19:00:00Z,2025-11-18T19:00:00Z,2025-11-18T05:00:00Z,1900-01-01T00:00:00Z,2025-11-19T00:00:00Z,2025-11-18T16:00:00Z,2025-11-18T19:00:00Z,Tue,11,5,Week 5,false,"","","","",Kia Center,FL,Orlando,N,"","",FALSE,1610612753,Magic,Orlando,ORL,magic,8,7,121,0,1610612744,Warriors,Golden State,GSW,warriors,9,7,113,0,2025-26,00,2,Regular Season
2025-11-18,0022500250,20251118/BOSBKN,3,Final,2,2025-11-18T00:00:00Z,1900-01-01T19:30:00Z,2025-11-18T19:30:00Z,2025-11-18T05:00:00Z,1900-01-01T00:30:00Z,2025-11-19T00:30:00Z,2025-11-18T19:30:00Z,2025-11-18T19:30:00Z,Tue,11,5,Week 5,false,"","","","",Barclays Center,NY,Brooklyn,N,"","",FALSE,1610612751,Nets,Brooklyn,BKN,nets,2,12,99,0,1610612738,Celtics,Boston,BOS,celtics,8,7,113,0,2025-26,00,2,Regular Season
2025-11-18,0022500251,20251118/DETATL,3,Final,3,2025-11-18T00:00:00Z,1900-01-01T19:30:00Z,2025-11-18T19:30:00Z,2025-11-18T05:00:00Z,1900-01-01T00:30:00Z,2025-11-19T00:30:00Z,2025-11-18T19:30:00Z,2025-11-18T19:30:00Z,Tue,11,5,Week 5,false,"","","","",State Farm Arena,GA,Atlanta,N,"","",FALSE,1610612737,Hawks,Atlanta,ATL,hawks,9,6,112,0,1610612765,Pistons,Detroit,DET,pistons,13,2,120,0,2025-26,00,2,Regular Season
2025-11-18,0022500252,20251118/MEMSAS,3,Final,4,2025-11-18T00:00:00Z,1900-01-01T20:00:00Z,2025-11-18T20:00:00Z,2025-11-18T05:00:00Z,1900-01-01T01:00:00Z,2025-11-19T01:00:00Z,2025-11-18T19:00:00Z,2025-11-18T19:00:00Z,Tue,11,5,Week 5,false,"","","","",Frost Bank Center,TX,San Antonio,N,"","",FALSE,1610612759,Spurs,San Antonio,SAS,spurs,10,4,111,0,1610612763,Grizzlies,Memphis,MEM,grizzlies,4,11,101,0,2025-26,00,2,Regular Season
2025-11-18,0022500253,20251118/UTALAL,3,Final,5,2025-11-18T00:00:00Z,1900-01-01T22:30:00Z,2025-11-18T22:30:00Z,2025-11-18T05:00:00Z,1900-01-01T03:30:00Z,2025-11-19T03:30:00Z,2025-11-18T20:30:00Z,2025-11-18T19:30:00Z,Tue,11,5,Week 5,false,"","","","",Crypto.com Arena,CA,Los Angeles,N,"","",FALSE,1610612747,Lakers,Los Angeles,LAL,lakers,11,4,140,0,1610612762,Jazz,Utah,UTA,jazz,5,9,126,0,2025-26,00,2,Regular Season
2025-11-18,0022500254,20251118/PHXPOR,3,Final,6,2025-11-18T00:00:00Z,1900-01-01T23:00:00Z,2025-11-18T23:00:00Z,2025-11-18T05:00:00Z,1900-01-01T04:00:00Z,2025-11-19T04:00:00Z,2025-11-18T21:00:00Z,2025-11-18T20:00:00Z,Tue,11,5,Week 5,false,"","","","",Moda Center,OR,Portland,N,"","",FALSE,1610612757,Trail Blazers,Portland,POR,blazers,6,8,110,0,1610612756,Suns,Phoenix,PHX,suns,9,6,127,0,2025-26,00,2,Regular Season
2025-11-19,0022500255,20251119/HOUCLE,3,Final,1,2025-11-19T00:00:00Z,1900-01-01T19:00:00Z,2025-11-19T19:00:00Z,2025-11-19T05:00:00Z,1900-01-01T00:00:00Z,2025-11-20T00:00:00Z,2025-11-19T18:00:00Z,2025-11-19T19:00:00Z,Wed,11,5,Week 5,false,"","","","",Rocket Arena,OH,Cleveland,N,"","",FALSE,1610612739,Cavaliers,Cleveland,CLE,cavaliers,10,6,104,0,1610612745,Rockets,Houston,HOU,rockets,10,3,114,0,2025-26,00,2,Regular Season
2025-11-19,0022500256,20251119/CHAIND,3,Final,2,2025-11-19T00:00:00Z,1900-01-01T19:00:00Z,2025-11-19T19:00:00Z,2025-11-19T05:00:00Z,1900-01-01T00:00:00Z,2025-11-20T00:00:00Z,2025-11-19T19:00:00Z,2025-11-19T19:00:00Z,Wed,11,5,Week 5,false,"","","","",Gainbridge Fieldhouse,IN,Indianapolis,N,"","",FALSE,1610612754,Pacers,Indiana,IND,pacers,2,13,127,0,1610612766,Hornets,Charlotte,CHA,hornets,4,11,118,0,2025-26,00,2,Regular Season
2025-11-19,0022500257,20251119/GSWMIA,3,Final,4,2025-11-19T00:00:00Z,1900-01-01T19:30:00Z,2025-11-19T19:30:00Z,2025-11-19T05:00:00Z,1900-01-01T00:30:00Z,2025-11-20T00:30:00Z,2025-11-19T16:30:00Z,2025-11-19T19:30:00Z,Wed,11,5,Week 5,false,"","","","",Kaseya Center,FL,Miami,N,"","",FALSE,1610612748,Heat,Miami,MIA,heat,9,6,110,0,1610612744,Warriors,Golden State,GSW,warriors,9,8,96,0,2025-26,00,2,Regular Season
2025-11-19,0022500258,20251119/TORPHI,3,Final,3,2025-11-19T00:00:00Z,1900-01-01T19:00:00Z,2025-11-19T19:00:00Z,2025-11-19T05:00:00Z,1900-01-01T00:00:00Z,2025-11-20T00:00:00Z,2025-11-19T19:00:00Z,2025-11-19T19:00:00Z,Wed,11,5,Week 5,false,"","","","",Xfinity Mobile Arena,PA,Philadelphia,N,"","",FALSE,1610612755,76ers,Philadelphia,PHI,sixers,8,6,112,0,1610612761,Raptors,Toronto,TOR,raptors,10,5,121,0,2025-26,00,2,Regular Season
2025-11-19,0022500259,20251119/WASMIN,3,Final,5,2025-11-19T00:00:00Z,1900-01-01T20:00:00Z,2025-11-19T20:00:00Z,2025-11-19T05:00:00Z,1900-01-01T01:00:00Z,2025-11-20T01:00:00Z,2025-11-19T20:00:00Z,2025-11-19T19:00:00Z,Wed,11,5,Week 5,false,"","","","",Target Center,MN,Minneapolis,N,"","",FALSE,1610612750,Timberwolves,Minnesota,MIN,timberwolves,10,5,120,0,1610612764,Wizards,Washington,WAS,wizards,1,13,109,0,2025-26,00,2,Regular Season
2025-11-19,0022500260,20251119/DENNOP,3,Final,6,2025-11-19T00:00:00Z,1900-01-01T20:00:00Z,2025-11-19T20:00:00Z,2025-11-19T05:00:00Z,1900-01-01T01:00:00Z,2025-11-20T01:00:00Z,2025-11-19T18:00:00Z,2025-11-19T19:00:00Z,Wed,11,5,Week 5,false,"","","","",Smoothie King Center,LA,New Orleans,N,"","",FALSE,1610612740,Pelicans,New Orleans,NOP,pelicans,2,13,118,0,1610612743,Nuggets,Denver,DEN,nuggets,11,3,125,0,2025-26,00,2,Regular Season
2025-11-19,0022500261,20251119/SACOKC,3,Final,7,2025-11-19T00:00:00Z,1900-01-01T20:00:00Z,2025-11-19T20:00:00Z,2025-11-19T05:00:00Z,1900-01-01T01:00:00Z,2025-11-20T01:00:00Z,2025-11-19T17:00:00Z,2025-11-19T19:00:00Z,Wed,11,5,Week 5,false,"","","","",Paycom Center,OK,Oklahoma City,N,"","",FALSE,1610612760,Thunder,Oklahoma City,OKC,thunder,15,1,113,0,1610612758,Kings,Sacramento,SAC,kings,3,12,99,0,2025-26,00,2,Regular Season
2025-11-19,0022500262,20251119/NYKDAL,3,Final,8,2025-11-19T00:00:00Z,1900-01-01T21:30:00Z,2025-11-19T21:30:00Z,2025-11-19T05:00:00Z,1900-01-01T02:30:00Z,2025-11-20T02:30:00Z,2025-11-19T21:30:00Z,2025-11-19T20:30:00Z,Wed,11,5,Week 5,false,"","","","",American Airlines Center,TX,Dallas,N,"","",FALSE,1610612742,Mavericks,Dallas,DAL,mavericks,4,12,111,0,1610612752,Knicks,New York,NYK,knicks,9,5,113,0,2025-26,00,2,Regular Season
2025-11-19,0022500263,20251119/CHIPOR,3,Final,9,2025-11-19T00:00:00Z,1900-01-01T22:00:00Z,2025-11-19T22:00:00Z,2025-11-19T05:00:00Z,1900-01-01T03:00:00Z,2025-11-20T03:00:00Z,2025-11-19T21:00:00Z,2025-11-19T19:00:00Z,Wed,11,5,Week 5,false,"","","","",Moda Center,OR,Portland,N,"","",FALSE,1610612757,Trail Blazers,Portland,POR,blazers,6,9,121,0,1610612741,Bulls,Chicago,CHI,bulls,8,6,122,0,2025-26,00,2,Regular Season
2025-11-20,0022500264,20251120/LACORL,3,Final,1,2025-11-20T00:00:00Z,1900-01-01T19:00:00Z,2025-11-20T19:00:00Z,2025-11-20T05:00:00Z,1900-01-01T00:00:00Z,2025-11-21T00:00:00Z,2025-11-20T16:00:00Z,2025-11-20T19:00:00Z,Thu,11,5,Week 5,false,"","","","",Kia Center,FL,Orlando,N,"","",FALSE,1610612753,Magic,Orlando,ORL,magic,9,7,129,0,1610612746,Clippers,LA,LAC,clippers,4,11,101,0,2025-26,00,2,Regular Season
2025-11-20,0022500265,20251120/SACMEM,3,Final,2,2025-11-20T00:00:00Z,1900-01-01T20:00:00Z,2025-11-20T20:00:00Z,2025-11-20T05:00:00Z,1900-01-01T01:00:00Z,2025-11-21T01:00:00Z,2025-11-20T17:00:00Z,2025-11-20T19:00:00Z,Thu,11,5,Week 5,false,"","","","",FedExForum,TN,Memphis,N,"","",FALSE,1610612763,Grizzlies,Memphis,MEM,grizzlies,5,11,137,0,1610612758,Kings,Sacramento,SAC,kings,3,13,96,0,2025-26,00,2,Regular Season
2025-11-20,0022500266,20251120/PHIMIL,3,Final/OT,3,2025-11-20T00:00:00Z,1900-01-01T20:00:00Z,2025-11-20T20:00:00Z,2025-11-20T05:00:00Z,1900-01-01T01:00:00Z,2025-11-21T01:00:00Z,2025-11-20T20:00:00Z,2025-11-20T19:00:00Z,Thu,11,5,Week 5,false,"","","","",Fiserv Forum,WI,Milwaukee,N,"","",FALSE,1610612749,Bucks,Milwaukee,MIL,bucks,8,8,114,0,1610612755,76ers,Philadelphia,PHI,sixers,9,6,123,0,2025-26,00,2,Regular Season
2025-11-20,0022500267,20251120/ATLSAS,3,Final,4,2025-11-20T00:00:00Z,1900-01-01T20:00:00Z,2025-11-20T20:00:00Z,2025-11-20T05:00:00Z,1900-01-01T01:00:00Z,2025-11-21T01:00:00Z,2025-11-20T20:00:00Z,2025-11-20T19:00:00Z,Thu,11,5,Week 5,false,"","","","",Frost Bank Center,TX,San Antonio,N,"","",FALSE,1610612759,Spurs,San Antonio,SAS,spurs,11,4,135,0,1610612737,Hawks,Atlanta,ATL,hawks,9,7,126,0,2025-26,00,2,Regular Season
2025-11-21,0022500048,20251121/INDCLE,3,Final,1,2025-11-21T00:00:00Z,1900-01-01T19:00:00Z,2025-11-21T19:00:00Z,2025-11-21T05:00:00Z,1900-01-01T00:00:00Z,2025-11-22T00:00:00Z,2025-11-21T19:00:00Z,2025-11-21T19:00:00Z,Fri,11,5,Week 5,false,"",Emirates NBA Cup,East Group A,"",Rocket Arena,OH,Cleveland,N,"",in-season,FALSE,1610612739,Cavaliers,Cleveland,CLE,cavaliers,11,6,120,0,1610612754,Pacers,Indiana,IND,pacers,2,14,109,0,2025-26,00,2,Regular Season
2025-11-21,0022500049,20251121/BKNBOS,3,Final,2,2025-11-21T00:00:00Z,1900-01-01T19:30:00Z,2025-11-21T19:30:00Z,2025-11-21T05:00:00Z,1900-01-01T00:30:00Z,2025-11-22T00:30:00Z,2025-11-21T19:30:00Z,2025-11-21T19:30:00Z,Fri,11,5,Week 5,false,"",Emirates NBA Cup,East Group B,"",TD Garden,MA,Boston,N,"",in-season,FALSE,1610612738,Celtics,Boston,BOS,celtics,8,8,105,0,1610612751,Nets,Brooklyn,BKN,nets,3,12,113,0,2025-26,00,2,Regular Season
2025-11-21,0022500050,20251121/WASTOR,3,Final,3,2025-11-21T00:00:00Z,1900-01-01T19:30:00Z,2025-11-21T19:30:00Z,2025-11-21T05:00:00Z,1900-01-01T00:30:00Z,2025-11-22T00:30:00Z,2025-11-21T19:30:00Z,2025-11-21T19:30:00Z,Fri,11,5,Week 5,false,"",Emirates NBA Cup,East Group A,"",Scotiabank Arena,ON,Toronto,N,"",in-season,FALSE,1610612761,Raptors,Toronto,TOR,raptors,11,5,140,0,1610612764,Wizards,Washington,WAS,wizards,1,14,110,0,2025-26,00,2,Regular Season
2025-11-21,0022500051,20251121/MIACHI,3,Final,4,2025-11-21T00:00:00Z,1900-01-01T20:00:00Z,2025-11-21T20:00:00Z,2025-11-21T05:00:00Z,1900-01-01T01:00:00Z,2025-11-22T01:00:00Z,2025-11-21T20:00:00Z,2025-11-21T19:00:00Z,Fri,11,5,Week 5,false,"",Emirates NBA Cup,East Group C,"",United Center,IL,Chicago,N,"",in-season,FALSE,1610612741,Bulls,Chicago,CHI,bulls,8,7,107,0,1610612748,Heat,Miami,MIA,heat,10,6,143,0,2025-26,00,2,Regular Season
2025-11-21,0022500052,20251121/NOPDAL,3,Final,5,2025-11-21T00:00:00Z,1900-01-01T20:30:00Z,2025-11-21T20:30:00Z,2025-11-21T05:00:00Z,1900-01-01T01:30:00Z,2025-11-22T01:30:00Z,2025-11-21T19:30:00Z,2025-11-21T19:30:00Z,Fri,11,5,Week 5,false,"",Emirates NBA Cup,West Group B,"",American Airlines Center,TX,Dallas,N,"",in-season,FALSE,1610612742,Mavericks,Dallas,DAL,mavericks,5,12,118,0,1610612740,Pelicans,New Orleans,NOP,pelicans,2,14,115,0,2025-26,00,2,Regular Season
2025-11-21,0022500053,20251121/MINPHX,3,Final,6,2025-11-21T00:00:00Z,1900-01-01T21:00:00Z,2025-11-21T21:00:00Z,2025-11-21T05:00:00Z,1900-01-01T02:00:00Z,2025-11-22T02:00:00Z,2025-11-21T20:00:00Z,2025-11-21T19:00:00Z,Fri,11,5,Week 5,false,"",Emirates NBA Cup,West Group A,"",Mortgage Matchup Center,AZ,Phoenix,N,"",in-season,FALSE,1610612756,Suns,Phoenix,PHX,suns,10,6,114,0,1610612750,Timberwolves,Minnesota,MIN,timberwolves,10,6,113,0,2025-26,00,2,Regular Season
2025-11-21,0022500054,20251121/DENHOU,3,Final,7,2025-11-21T00:00:00Z,1900-01-01T21:30:00Z,2025-11-21T21:30:00Z,2025-11-21T05:00:00Z,1900-01-01T02:30:00Z,2025-11-22T02:30:00Z,2025-11-21T19:30:00Z,2025-11-21T20:30:00Z,Fri,11,5,Week 5,false,"",Emirates NBA Cup,West Group C,"",Toyota Center,TX,Houston,N,"",in-season,FALSE,1610612745,Rockets,Houston,HOU,rockets,10,4,109,0,1610612743,Nuggets,Denver,DEN,nuggets,12,3,112,0,2025-26,00,2,Regular Season
2025-11-21,0022500055,20251121/OKCUTA,3,Final,8,2025-11-21T00:00:00Z,1900-01-01T22:00:00Z,2025-11-21T22:00:00Z,2025-11-21T05:00:00Z,1900-01-01T03:00:00Z,2025-11-22T03:00:00Z,2025-11-21T21:00:00Z,2025-11-21T20:00:00Z,Fri,11,5,Week 5,false,"",Emirates NBA Cup,West Group A,"",Delta Center,UT,Salt Lake City,N,"",in-season,FALSE,1610612762,Jazz,Utah,UTA,jazz,5,10,112,0,1610612760,Thunder,Oklahoma City,OKC,thunder,16,1,144,0,2025-26,00,2,Regular Season
2025-11-21,0022500056,20251121/PORGSW,3,Final,9,2025-11-21T00:00:00Z,1900-01-01T22:00:00Z,2025-11-21T22:00:00Z,2025-11-21T05:00:00Z,1900-01-01T03:00:00Z,2025-11-22T03:00:00Z,2025-11-21T19:00:00Z,2025-11-21T19:00:00Z,Fri,11,5,Week 5,false,"",Emirates NBA Cup,West Group C,"",Chase Center,CA,San Francisco,N,"",in-season,FALSE,1610612744,Warriors,Golden State,GSW,warriors,9,9,123,0,1610612757,Trail Blazers,Portland,POR,blazers,7,9,127,0,2025-26,00,2,Regular Season
2025-11-22,0022500268,20251122/LACCHA,3,Final,1,2025-11-22T00:00:00Z,1900-01-01T13:00:00Z,2025-11-22T13:00:00Z,2025-11-22T05:00:00Z,1900-01-01T18:00:00Z,2025-11-22T18:00:00Z,2025-11-22T10:00:00Z,2025-11-22T13:00:00Z,Sat,11,5,Week 5,false,"","","","",Spectrum Center,NC,Charlotte,N,"","",FALSE,1610612766,Hornets,Charlotte,CHA,hornets,4,12,116,0,1610612746,Clippers,LA,LAC,clippers,5,11,131,0,2025-26,00,2,Regular Season
2025-11-22,0022500269,20251122/NYKORL,3,Final,2,2025-11-22T00:00:00Z,1900-01-01T17:00:00Z,2025-11-22T17:00:00Z,2025-11-22T05:00:00Z,1900-01-01T22:00:00Z,2025-11-22T22:00:00Z,2025-11-22T17:00:00Z,2025-11-22T17:00:00Z,Sat,11,5,Week 5,false,"","","","",Kia Center,FL,Orlando,N,"","",FALSE,1610612753,Magic,Orlando,ORL,magic,10,7,133,0,1610612752,Knicks,New York,NYK,knicks,9,6,121,0,2025-26,00,2,Regular Season
2025-11-22,0022500270,20251122/ATLNOP,3,Final,3,2025-11-22T00:00:00Z,1900-01-01T19:00:00Z,2025-11-22T19:00:00Z,2025-11-22T05:00:00Z,1900-01-01T00:00:00Z,2025-11-23T00:00:00Z,2025-11-22T19:00:00Z,2025-11-22T18:00:00Z,Sat,11,5,Week 5,false,"","","","",Smoothie King Center,LA,New Orleans,N,"","",FALSE,1610612740,Pelicans,New Orleans,NOP,pelicans,2,15,98,0,1610612737,Hawks,Atlanta,ATL,hawks,10,7,115,0,2025-26,00,2,Regular Season
2025-11-22,0022500271,20251122/WASCHI,3,Final,4,2025-11-22T00:00:00Z,1900-01-01T20:00:00Z,2025-11-22T20:00:00Z,2025-11-22T05:00:00Z,1900-01-01T01:00:00Z,2025-11-23T01:00:00Z,2025-11-22T20:00:00Z,2025-11-22T19:00:00Z,Sat,11,5,Week 5,false,"","","","",United Center,IL,Chicago,N,"","",FALSE,1610612741,Bulls,Chicago,CHI,bulls,9,7,121,0,1610612764,Wizards,Washington,WAS,wizards,1,15,120,0,2025-26,00,2,Regular Season
2025-11-22,0022500272,20251122/DETMIL,3,Final,5,2025-11-22T00:00:00Z,1900-01-01T20:00:00Z,2025-11-22T20:00:00Z,2025-11-22T05:00:00Z,1900-01-01T01:00:00Z,2025-11-23T01:00:00Z,2025-11-22T20:00:00Z,2025-11-22T19:00:00Z,Sat,11,5,Week 5,false,"","","","",Fiserv Forum,WI,Milwaukee,N,"","",FALSE,1610612749,Bucks,Milwaukee,MIL,bucks,8,9,116,0,1610612765,Pistons,Detroit,DET,pistons,14,2,129,0,2025-26,00,2,Regular Season
2025-11-22,0022500273,20251122/MEMDAL,3,Final,6,2025-11-22T00:00:00Z,1900-01-01T20:30:00Z,2025-11-22T20:30:00Z,2025-11-22T05:00:00Z,1900-01-01T01:30:00Z,2025-11-23T01:30:00Z,2025-11-22T19:30:00Z,2025-11-22T19:30:00Z,Sat,11,5,Week 5,false,"","","","",American Airlines Center,TX,Dallas,N,"","",FALSE,1610612742,Mavericks,Dallas,DAL,mavericks,5,13,96,0,1610612763,Grizzlies,Memphis,MEM,grizzlies,6,11,102,0,2025-26,00,2,Regular Season
2025-11-22,0022500274,20251122/SACDEN,3,Final,7,2025-11-22T00:00:00Z,1900-01-01T22:00:00Z,2025-11-22T22:00:00Z,2025-11-22T05:00:00Z,1900-01-01T03:00:00Z,2025-11-23T03:00:00Z,2025-11-22T19:00:00Z,2025-11-22T20:00:00Z,Sat,11,5,Week 5,false,"","","","",Ball Arena,CO,Denver,N,"","",FALSE,1610612743,Nuggets,Denver,DEN,nuggets,12,4,123,0,1610612758,Kings,Sacramento,SAC,kings,4,13,128,0,2025-26,00,2,Regular Season
2025-11-23,0022500275,20251123/MIAPHI,3,Final,1,2025-11-23T00:00:00Z,1900-01-01T13:00:00Z,2025-11-23T13:00:00Z,2025-11-23T05:00:00Z,1900-01-01T18:00:00Z,2025-11-23T18:00:00Z,2025-11-23T13:00:00Z,2025-11-23T13:00:00Z,Sun,11,5,Week 5,false,"","","","",Xfinity Mobile Arena,PA,Philadelphia,N,"","",FALSE,1610612755,76ers,Philadelphia,PHI,sixers,9,7,117,0,1610612748,Heat,Miami,MIA,heat,11,6,127,0,2025-26,00,2,Regular Season
2025-11-23,0022500276,20251123/CHAATL,3,Final,2,2025-11-23T00:00:00Z,1900-01-01T18:00:00Z,2025-11-23T18:00:00Z,2025-11-23T05:00:00Z,1900-01-01T23:00:00Z,2025-11-23T23:00:00Z,2025-11-23T18:00:00Z,2025-11-23T18:00:00Z,Sun,11,5,Week 5,false,"","","","",State Farm Arena,GA,Atlanta,N,"","",FALSE,1610612737,Hawks,Atlanta,ATL,hawks,11,7,113,0,1610612766,Hornets,Charlotte,CHA,hornets,4,13,110,0,2025-26,00,2,Regular Season
2025-11-23,0022500277,20251123/ORLBOS,3,Final,3,2025-11-23T00:00:00Z,1900-01-01T18:00:00Z,2025-11-23T18:00:00Z,2025-11-23T05:00:00Z,1900-01-01T23:00:00Z,2025-11-23T23:00:00Z,2025-11-23T18:00:00Z,2025-11-23T18:00:00Z,Sun,11,5,Week 5,false,"","","","",TD Garden,MA,Boston,N,"","",FALSE,1610612738,Celtics,Boston,BOS,celtics,9,8,138,0,1610612753,Magic,Orlando,ORL,magic,10,8,129,0,2025-26,00,2,Regular Season
2025-11-23,0022500278,20251123/LACCLE,3,Final,4,2025-11-23T00:00:00Z,1900-01-01T18:00:00Z,2025-11-23T18:00:00Z,2025-11-23T05:00:00Z,1900-01-01T23:00:00Z,2025-11-23T23:00:00Z,2025-11-23T15:00:00Z,2025-11-23T18:00:00Z,Sun,11,5,Week 5,false,"","","","",Rocket Arena,OH,Cleveland,N,"","",FALSE,1610612739,Cavaliers,Cleveland,CLE,cavaliers,12,6,120,0,1610612746,Clippers,LA,LAC,clippers,5,12,105,0,2025-26,00,2,Regular Season
2025-11-23,0022500279,20251123/BKNTOR,3,Final,5,2025-11-23T00:00:00Z,1900-01-01T18:00:00Z,2025-11-23T18:00:00Z,2025-11-23T05:00:00Z,1900-01-01T23:00:00Z,2025-11-23T23:00:00Z,2025-11-23T18:00:00Z,2025-11-23T18:00:00Z,Sun,11,5,Week 5,false,"","","","",Scotiabank Arena,ON,Toronto,N,"","",FALSE,1610612761,Raptors,Toronto,TOR,raptors,12,5,119,0,1610612751,Nets,Brooklyn,BKN,nets,3,13,109,0,2025-26,00,2,Regular Season
2025-11-23,0022500280,20251123/POROKC,3,Final,6,2025-11-23T00:00:00Z,1900-01-01T19:00:00Z,2025-11-23T19:00:00Z,2025-11-23T05:00:00Z,1900-01-01T00:00:00Z,2025-11-24T00:00:00Z,2025-11-23T16:00:00Z,2025-11-23T18:00:00Z,Sun,11,5,Week 5,false,"","","","",Paycom Center,OK,Oklahoma City,N,"","",FALSE,1610612760,Thunder,Oklahoma City,OKC,thunder,17,1,122,0,1610612757,Trail Blazers,Portland,POR,blazers,7,10,95,0,2025-26,00,2,Regular Season
2025-11-23,0022500281,20251123/SASPHX,3,Final,7,2025-11-23T00:00:00Z,1900-01-01T20:00:00Z,2025-11-23T20:00:00Z,2025-11-23T05:00:00Z,1900-01-01T01:00:00Z,2025-11-24T01:00:00Z,2025-11-23T19:00:00Z,2025-11-23T18:00:00Z,Sun,11,5,Week 5,false,"","","","",Mortgage Matchup Center,AZ,Phoenix,N,"","",FALSE,1610612756,Suns,Phoenix,PHX,suns,11,6,111,0,1610612759,Spurs,San Antonio,SAS,spurs,11,5,102,0,2025-26,00,2,Regular Season
2025-11-23,0022500282,20251123/LALUTA,3,Final,8,2025-11-23T00:00:00Z,1900-01-01T20:00:00Z,2025-11-23T20:00:00Z,2025-11-23T05:00:00Z,1900-01-01T01:00:00Z,2025-11-24T01:00:00Z,2025-11-23T17:00:00Z,2025-11-23T18:00:00Z,Sun,11,5,Week 5,false,"","","","",Delta Center,UT,Salt Lake City,N,"","",FALSE,1610612762,Jazz,Utah,UTA,jazz,5,11,106,0,1610612747,Lakers,Los Angeles,LAL,lakers,12,4,108,0,2025-26,00,2,Regular Season
2025-11-24,0022500283,20251124/DETIND,3,Final,1,2025-11-24T00:00:00Z,1900-01-01T19:00:00Z,2025-11-24T19:00:00Z,2025-11-24T05:00:00Z,1900-01-01T00:00:00Z,2025-11-25T00:00:00Z,2025-11-24T19:00:00Z,2025-11-24T19:00:00Z,Mon,11,6,Week 6,false,"","","","",Gainbridge Fieldhouse,IN,Indianapolis,N,"","",FALSE,1610612754,Pacers,Indiana,IND,pacers,2,15,117,0,1610612765,Pistons,Detroit,DET,pistons,15,2,122,0,2025-26,00,2,Regular Season
2025-11-24,0022500284,20251124/CLETOR,3,Final,2,2025-11-24T00:00:00Z,1900-01-01T19:00:00Z,2025-11-24T19:00:00Z,2025-11-24T05:00:00Z,1900-01-01T00:00:00Z,2025-11-25T00:00:00Z,2025-11-24T19:00:00Z,2025-11-24T19:00:00Z,Mon,11,6,Week 6,false,"","","","",Scotiabank Arena,ON,Toronto,N,"","",FALSE,1610612761,Raptors,Toronto,TOR,raptors,13,5,110,0,1610612739,Cavaliers,Cleveland,CLE,cavaliers,12,7,99,0,2025-26,00,2,Regular Season
2025-11-24,0022500285,20251124/NYKBKN,3,Final,3,2025-11-24T00:00:00Z,1900-01-01T19:30:00Z,2025-11-24T19:30:00Z,2025-11-24T05:00:00Z,1900-01-01T00:30:00Z,2025-11-25T00:30:00Z,2025-11-24T19:30:00Z,2025-11-24T19:30:00Z,Mon,11,6,Week 6,false,"","","","",Barclays Center,NY,Brooklyn,N,"","",FALSE,1610612751,Nets,Brooklyn,BKN,nets,3,14,100,0,1610612752,Knicks,New York,NYK,knicks,10,6,113,0,2025-26,00,2,Regular Season
2025-11-24,0022500286,20251124/DALMIA,3,Final,4,2025-11-24T00:00:00Z,1900-01-01T19:30:00Z,2025-11-24T19:30:00Z,2025-11-24T05:00:00Z,1900-01-01T00:30:00Z,2025-11-25T00:30:00Z,2025-11-24T18:30:00Z,2025-11-24T19:30:00Z,Mon,11,6,Week 6,false,"","","","",Kaseya Center,FL,Miami,N,"","",FALSE,1610612748,Heat,Miami,MIA,heat,12,6,106,0,1610612742,Mavericks,Dallas,DAL,mavericks,5,14,102,0,2025-26,00,2,Regular Season
2025-11-24,0022500287,20251124/DENMEM,3,Final,5,2025-11-24T00:00:00Z,1900-01-01T20:00:00Z,2025-11-24T20:00:00Z,2025-11-24T05:00:00Z,1900-01-01T01:00:00Z,2025-11-25T01:00:00Z,2025-11-24T18:00:00Z,2025-11-24T19:00:00Z,Mon,11,6,Week 6,false,"","","","",FedExForum,TN,Memphis,N,"","",FALSE,1610612763,Grizzlies,Memphis,MEM,grizzlies,6,12,115,0,1610612743,Nuggets,Denver,DEN,nuggets,13,4,125,0,2025-26,00,2,Regular Season
2025-11-24,0022500288,20251124/PORMIL,3,Final,6,2025-11-24T00:00:00Z,1900-01-01T20:00:00Z,2025-11-24T20:00:00Z,2025-11-24T05:00:00Z,1900-01-01T01:00:00Z,2025-11-25T01:00:00Z,2025-11-24T17:00:00Z,2025-11-24T19:00:00Z,Mon,11,6,Week 6,false,"","","","",Fiserv Forum,WI,Milwaukee,N,"","",FALSE,1610612749,Bucks,Milwaukee,MIL,bucks,8,10,103,0,1610612757,Trail Blazers,Portland,POR,blazers,8,10,115,0,2025-26,00,2,Regular Season
2025-11-24,0022500289,20251124/CHINOP,3,Final,7,2025-11-24T00:00:00Z,1900-01-01T20:00:00Z,2025-11-24T20:00:00Z,2025-11-24T05:00:00Z,1900-01-01T01:00:00Z,2025-11-25T01:00:00Z,2025-11-24T19:00:00Z,2025-11-24T19:00:00Z,Mon,11,6,Week 6,false,"","","","",Smoothie King Center,LA,New Orleans,N,"","",FALSE,1610612740,Pelicans,New Orleans,NOP,pelicans,3,15,143,0,1610612741,Bulls,Chicago,CHI,bulls,9,8,130,0,2025-26,00,2,Regular Season
2025-11-24,0022500290,20251124/HOUPHX,3,Final,8,2025-11-24T00:00:00Z,1900-01-01T21:30:00Z,2025-11-24T21:30:00Z,2025-11-24T05:00:00Z,1900-01-01T02:30:00Z,2025-11-25T02:30:00Z,2025-11-24T20:30:00Z,2025-11-24T19:30:00Z,Mon,11,6,Week 6,false,"","","","",Mortgage Matchup Center,AZ,Phoenix,N,"","",FALSE,1610612756,Suns,Phoenix,PHX,suns,11,7,92,0,1610612745,Rockets,Houston,HOU,rockets,11,4,114,0,2025-26,00,2,Regular Season
2025-11-24,0022500291,20251124/UTAGSW,3,Final,9,2025-11-24T00:00:00Z,1900-01-01T22:00:00Z,2025-11-24T22:00:00Z,2025-11-24T05:00:00Z,1900-01-01T03:00:00Z,2025-11-25T03:00:00Z,2025-11-24T20:00:00Z,2025-11-24T19:00:00Z,Mon,11,6,Week 6,false,"","","","",Chase Center,CA,San Francisco,N,"","",FALSE,1610612744,Warriors,Golden State,GSW,warriors,10,9,134,0,1610612762,Jazz,Utah,UTA,jazz,5,12,117,0,2025-26,00,2,Regular Season
2025-11-24,0022500292,20251124/MINSAC,3,Final/OT,10,2025-11-24T00:00:00Z,1900-01-01T22:00:00Z,2025-11-24T22:00:00Z,2025-11-24T05:00:00Z,1900-01-01T03:00:00Z,2025-11-25T03:00:00Z,2025-11-24T21:00:00Z,2025-11-24T19:00:00Z,Mon,11,6,Week 6,false,"","","","",Golden 1 Center,CA,Sacramento,N,"","",FALSE,1610612758,Kings,Sacramento,SAC,kings,5,13,117,0,1610612750,Timberwolves,Minnesota,MIN,timberwolves,10,7,112,0,2025-26,00,2,Regular Season
2025-11-25,0022500057,20251125/ATLWAS,3,Final,1,2025-11-25T00:00:00Z,1900-01-01T19:00:00Z,2025-11-25T19:00:00Z,2025-11-25T05:00:00Z,1900-01-01T00:00:00Z,2025-11-26T00:00:00Z,2025-11-25T19:00:00Z,2025-11-25T19:00:00Z,Tue,11,6,Week 6,false,"",Emirates NBA Cup,East Group A,"",Capital One Arena,DC,Washington,N,"",in-season,FALSE,1610612764,Wizards,Washington,WAS,wizards,2,15,132,0,1610612737,Hawks,Atlanta,ATL,hawks,11,8,113,0,2025-26,00,2,Regular Season
2025-11-25,0022500058,20251125/ORLPHI,3,Final,2,2025-11-25T00:00:00Z,1900-01-01T20:00:00Z,2025-11-25T20:00:00Z,2025-11-25T05:00:00Z,1900-01-01T01:00:00Z,2025-11-26T01:00:00Z,2025-11-25T20:00:00Z,2025-11-25T20:00:00Z,Tue,11,6,Week 6,false,"",Emirates NBA Cup,East Group B,"",Xfinity Mobile Arena,PA,Philadelphia,N,"",in-season,FALSE,1610612755,76ers,Philadelphia,PHI,sixers,9,8,103,0,1610612753,Magic,Orlando,ORL,magic,11,8,144,0,2025-26,00,2,Regular Season
2025-11-25,0022500059,20251125/LACLAL,3,Final,3,2025-11-25T00:00:00Z,1900-01-01T23:00:00Z,2025-11-25T23:00:00Z,2025-11-25T05:00:00Z,1900-01-01T04:00:00Z,2025-11-26T04:00:00Z,2025-11-25T20:00:00Z,2025-11-25T20:00:00Z,Tue,11,6,Week 6,false,"",Emirates NBA Cup,West Group B,"",Crypto.com Arena,CA,Los Angeles,N,"",in-season,FALSE,1610612747,Lakers,Los Angeles,LAL,lakers,13,4,135,0,1610612746,Clippers,LA,LAC,clippers,5,13,118,0,2025-26,00,2,Regular Season
2025-11-26,0022500060,20251126/DETBOS,3,Final,1,2025-11-26T00:00:00Z,1900-01-01T17:00:00Z,2025-11-26T17:00:00Z,2025-11-26T05:00:00Z,1900-01-01T22:00:00Z,2025-11-26T22:00:00Z,2025-11-26T17:00:00Z,2025-11-26T17:00:00Z,Wed,11,6,Week 6,false,"",Emirates NBA Cup,East Group B,"",TD Garden,MA,Boston,N,"",in-season,FALSE,1610612738,Celtics,Boston,BOS,celtics,10,8,117,0,1610612765,Pistons,Detroit,DET,pistons,15,3,114,0,2025-26,00,2,Regular Season
2025-11-26,0022500061,20251126/NYKCHA,3,Final,2,2025-11-26T00:00:00Z,1900-01-01T19:00:00Z,2025-11-26T19:00:00Z,2025-11-26T05:00:00Z,1900-01-01T00:00:00Z,2025-11-27T00:00:00Z,2025-11-26T19:00:00Z,2025-11-26T19:00:00Z,Wed,11,6,Week 6,false,"",Emirates NBA Cup,East Group C,"",Spectrum Center,NC,Charlotte,N,"",in-season,FALSE,1610612766,Hornets,Charlotte,CHA,hornets,4,14,101,0,1610612752,Knicks,New York,NYK,knicks,11,6,129,0,2025-26,00,2,Regular Season
2025-11-26,0022500062,20251126/MILMIA,3,Final,3,2025-11-26T00:00:00Z,1900-01-01T19:30:00Z,2025-11-26T19:30:00Z,2025-11-26T05:00:00Z,1900-01-01T00:30:00Z,2025-11-27T00:30:00Z,2025-11-26T18:30:00Z,2025-11-26T19:30:00Z,Wed,11,6,Week 6,false,"",Emirates NBA Cup,East Group C,"",Kaseya Center,FL,Miami,N,"",in-season,FALSE,1610612748,Heat,Miami,MIA,heat,13,6,106,0,1610612749,Bucks,Milwaukee,MIL,bucks,8,11,103,0,2025-26,00,2,Regular Season
2025-11-26,0022500063,20251126/INDTOR,3,Final,4,2025-11-26T00:00:00Z,1900-01-01T19:30:00Z,2025-11-26T19:30:00Z,2025-11-26T05:00:00Z,1900-01-01T00:30:00Z,2025-11-27T00:30:00Z,2025-11-26T19:30:00Z,2025-11-26T19:30:00Z,Wed,11,6,Week 6,false,"",Emirates NBA Cup,East Group A,"",Scotiabank Arena,ON,Toronto,N,"",in-season,FALSE,1610612761,Raptors,Toronto,TOR,raptors,14,5,97,0,1610612754,Pacers,Indiana,IND,pacers,2,16,95,0,2025-26,00,2,Regular Season
2025-11-26,0022500064,20251126/MINOKC,3,Final,5,2025-11-26T00:00:00Z,1900-01-01T19:30:00Z,2025-11-26T19:30:00Z,2025-11-26T05:00:00Z,1900-01-01T00:30:00Z,2025-11-27T00:30:00Z,2025-11-26T18:30:00Z,2025-11-26T18:30:00Z,Wed,11,6,Week 6,false,"",Emirates NBA Cup,West Group A,"",Paycom Center,OK,Oklahoma City,N,"",in-season,FALSE,1610612760,Thunder,Oklahoma City,OKC,thunder,18,1,113,0,1610612750,Timberwolves,Minnesota,MIN,timberwolves,10,8,105,0,2025-26,00,2,Regular Season
2025-11-26,0022500065,20251126/MEMNOP,3,Final/OT,6,2025-11-26T00:00:00Z,1900-01-01T20:00:00Z,2025-11-26T20:00:00Z,2025-11-26T05:00:00Z,1900-01-01T01:00:00Z,2025-11-27T01:00:00Z,2025-11-26T19:00:00Z,2025-11-26T19:00:00Z,Wed,11,6,Week 6,false,"",Emirates NBA Cup,West Group B,"",Smoothie King Center,LA,New Orleans,N,"",in-season,FALSE,1610612740,Pelicans,New Orleans,NOP,pelicans,3,16,128,0,1610612763,Grizzlies,Memphis,MEM,grizzlies,7,12,133,0,2025-26,00,2,Regular Season
2025-11-26,0022500066,20251126/HOUGSW,3,Final,7,2025-11-26T00:00:00Z,1900-01-01T22:00:00Z,2025-11-26T22:00:00Z,2025-11-26T05:00:00Z,1900-01-01T03:00:00Z,2025-11-27T03:00:00Z,2025-11-26T21:00:00Z,2025-11-26T19:00:00Z,Wed,11,6,Week 6,false,"",Emirates NBA Cup,West Group C,"",Chase Center,CA,San Francisco,N,"",in-season,FALSE,1610612744,Warriors,Golden State,GSW,warriors,10,10,100,0,1610612745,Rockets,Houston,HOU,rockets,12,4,104,0,2025-26,00,2,Regular Season
2025-11-26,0022500067,20251126/SASPOR,3,Final,8,2025-11-26T00:00:00Z,1900-01-01T22:00:00Z,2025-11-26T22:00:00Z,2025-11-26T05:00:00Z,1900-01-01T03:00:00Z,2025-11-27T03:00:00Z,2025-11-26T21:00:00Z,2025-11-26T19:00:00Z,Wed,11,6,Week 6,false,"",Emirates NBA Cup,West Group C,"",Moda Center,OR,Portland,N,"",in-season,FALSE,1610612757,Trail Blazers,Portland,POR,blazers,8,11,102,0,1610612759,Spurs,San Antonio,SAS,spurs,12,5,115,0,2025-26,00,2,Regular Season
2025-11-26,0022500068,20251126/PHXSAC,3,Final,9,2025-11-26T00:00:00Z,1900-01-01T22:00:00Z,2025-11-26T22:00:00Z,2025-11-26T05:00:00Z,1900-01-01T03:00:00Z,2025-11-27T03:00:00Z,2025-11-26T20:00:00Z,2025-11-26T19:00:00Z,Wed,11,6,Week 6,false,"",Emirates NBA Cup,West Group A,"",Golden 1 Center,CA,Sacramento,N,"",in-season,FALSE,1610612758,Kings,Sacramento,SAC,kings,5,14,100,0,1610612756,Suns,Phoenix,PHX,suns,12,7,112,0,2025-26,00,2,Regular Season
2025-11-28,0022500069,20251128/CLEATL,3,Final,1,2025-11-28T00:00:00Z,1900-01-01T19:30:00Z,2025-11-28T19:30:00Z,2025-11-28T05:00:00Z,1900-01-01T00:30:00Z,2025-11-29T00:30:00Z,2025-11-28T19:30:00Z,2025-11-28T19:30:00Z,Fri,11,6,Week 6,false,"",Emirates NBA Cup,East Group A,"",State Farm Arena,GA,Atlanta,N,"",in-season,FALSE,1610612737,Hawks,Atlanta,ATL,hawks,12,8,130,0,1610612739,Cavaliers,Cleveland,CLE,cavaliers,12,8,123,0,2025-26,00,2,Regular Season
2025-11-28,0022500070,20251128/PHIBKN,3,Final,2,2025-11-28T00:00:00Z,1900-01-01T19:30:00Z,2025-11-28T19:30:00Z,2025-11-28T05:00:00Z,1900-01-01T00:30:00Z,2025-11-29T00:30:00Z,2025-11-28T19:30:00Z,2025-11-28T19:30:00Z,Fri,11,6,Week 6,false,"",Emirates NBA Cup,East Group B,"",Barclays Center,NY,Brooklyn,N,"",in-season,FALSE,1610612751,Nets,Brooklyn,BKN,nets,3,15,103,0,1610612755,76ers,Philadelphia,PHI,sixers,10,8,115,0,2025-26,00,2,Regular Season
2025-11-28,0022500071,20251128/CHICHA,3,Final,3,2025-11-28T00:00:00Z,1900-01-01T19:30:00Z,2025-11-28T19:30:00Z,2025-11-28T05:00:00Z,1900-01-01T00:30:00Z,2025-11-29T00:30:00Z,2025-11-28T18:30:00Z,2025-11-28T19:30:00Z,Fri,11,6,Week 6,false,"",Emirates NBA Cup,East Group C,"",Spectrum Center,NC,Charlotte,N,"",in-season,FALSE,1610612766,Hornets,Charlotte,CHA,hornets,5,14,123,0,1610612741,Bulls,Chicago,CHI,bulls,9,9,116,0,2025-26,00,2,Regular Season
2025-11-28,0022500072,20251128/ORLDET,3,Final,4,2025-11-28T00:00:00Z,1900-01-01T19:30:00Z,2025-11-28T19:30:00Z,2025-11-28T05:00:00Z,1900-01-01T00:30:00Z,2025-11-29T00:30:00Z,2025-11-28T19:30:00Z,2025-11-28T19:30:00Z,Fri,11,6,Week 6,false,"",Emirates NBA Cup,East Group B,"",Little Caesars Arena,MI,Detroit,N,"",in-season,FALSE,1610612765,Pistons,Detroit,DET,pistons,15,4,109,0,1610612753,Magic,Orlando,ORL,magic,12,8,112,0,2025-26,00,2,Regular Season
2025-11-28,0022500073,20251128/WASIND,3,Final,5,2025-11-28T00:00:00Z,1900-01-01T19:30:00Z,2025-11-28T19:30:00Z,2025-11-28T05:00:00Z,1900-01-01T00:30:00Z,2025-11-29T00:30:00Z,2025-11-28T19:30:00Z,2025-11-28T19:30:00Z,Fri,11,6,Week 6,false,"",Emirates NBA Cup,East Group A,"",Gainbridge Fieldhouse,IN,Indianapolis,N,"",in-season,FALSE,1610612754,Pacers,Indiana,IND,pacers,3,16,119,0,1610612764,Wizards,Washington,WAS,wizards,2,16,86,0,2025-26,00,2,Regular Season
2025-11-28,0022500074,20251128/MILNYK,3,Final,6,2025-11-28T00:00:00Z,1900-01-01T19:30:00Z,2025-11-28T19:30:00Z,2025-11-28T05:00:00Z,1900-01-01T00:30:00Z,2025-11-29T00:30:00Z,2025-11-28T18:30:00Z,2025-11-28T19:30:00Z,Fri,11,6,Week 6,false,"",Emirates NBA Cup,East Group C,"",Madison Square Garden,NY,New York,N,"",in-season,FALSE,1610612752,Knicks,New York,NYK,knicks,12,6,118,0,1610612749,Bucks,Milwaukee,MIL,bucks,8,12,109,0,2025-26,00,2,Regular Season
2025-11-28,0022500075,20251128/PHXOKC,3,Final,7,2025-11-28T00:00:00Z,1900-01-01T21:30:00Z,2025-11-28T21:30:00Z,2025-11-28T05:00:00Z,1900-01-01T02:30:00Z,2025-11-29T02:30:00Z,2025-11-28T19:30:00Z,2025-11-28T20:30:00Z,Fri,11,6,Week 6,false,"",Emirates NBA Cup,West Group A,"",Paycom Center,OK,Oklahoma City,N,"",in-season,FALSE,1610612760,Thunder,Oklahoma City,OKC,thunder,19,1,123,0,1610612756,Suns,Phoenix,PHX,suns,12,8,119,0,2025-26,00,2,Regular Season
2025-11-28,0022500076,20251128/SASDEN,3,Final,8,2025-11-28T00:00:00Z,1900-01-01T21:30:00Z,2025-11-28T21:30:00Z,2025-11-28T05:00:00Z,1900-01-01T02:30:00Z,2025-11-29T02:30:00Z,2025-11-28T20:30:00Z,2025-11-28T19:30:00Z,Fri,11,6,Week 6,false,"",Emirates NBA Cup,West Group C,"",Ball Arena,CO,Denver,N,"",in-season,FALSE,1610612743,Nuggets,Denver,DEN,nuggets,13,5,136,0,1610612759,Spurs,San Antonio,SAS,spurs,13,5,139,0,2025-26,00,2,Regular Season
2025-11-28,0022500077,20251128/SACUTA,3,Final,9,2025-11-28T00:00:00Z,1900-01-01T21:30:00Z,2025-11-28T21:30:00Z,2025-11-28T05:00:00Z,1900-01-01T02:30:00Z,2025-11-29T02:30:00Z,2025-11-28T18:30:00Z,2025-11-28T19:30:00Z,Fri,11,6,Week 6,false,"",Emirates NBA Cup,West Group A,"",Delta Center,UT,Salt Lake City,N,"",in-season,FALSE,1610612762,Jazz,Utah,UTA,jazz,6,12,128,0,1610612758,Kings,Sacramento,SAC,kings,5,15,119,0,2025-26,00,2,Regular Season
2025-11-28,0022500078,20251128/DALLAL,3,Final,10,2025-11-28T00:00:00Z,1900-01-01T22:00:00Z,2025-11-28T22:00:00Z,2025-11-28T05:00:00Z,1900-01-01T03:00:00Z,2025-11-29T03:00:00Z,2025-11-28T21:00:00Z,2025-11-28T19:00:00Z,Fri,11,6,Week 6,false,"",Emirates NBA Cup,West Group B,"",Crypto.com Arena,CA,Los Angeles,N,"",in-season,FALSE,1610612747,Lakers,Los Angeles,LAL,lakers,14,4,129,0,1610612742,Mavericks,Dallas,DAL,mavericks,5,15,119,0,2025-26,00,2,Regular Season
2025-11-28,0022500079,20251128/MEMLAC,3,Final,11,2025-11-28T00:00:00Z,1900-01-01T22:00:00Z,2025-11-28T22:00:00Z,2025-11-28T05:00:00Z,1900-01-01T03:00:00Z,2025-11-29T03:00:00Z,2025-11-28T21:00:00Z,2025-11-28T19:00:00Z,Fri,11,6,Week 6,false,"",Emirates NBA Cup,West Group B,"",Intuit Dome,CA,Inglewood,N,"",in-season,FALSE,1610612746,Clippers,LA,LAC,clippers,5,14,107,0,1610612763,Grizzlies,Memphis,MEM,grizzlies,8,12,112,0,2025-26,00,2,Regular Season
2025-11-29,0022500293,20251129/BOSMIN,3,Final,1,2025-11-29T00:00:00Z,1900-01-01T17:00:00Z,2025-11-29T17:00:00Z,2025-11-29T05:00:00Z,1900-01-01T22:00:00Z,2025-11-29T22:00:00Z,2025-11-29T17:00:00Z,2025-11-29T16:00:00Z,Sat,11,6,Week 6,false,"","","","",Target Center,MN,Minneapolis,N,"","",FALSE,1610612750,Timberwolves,Minnesota,MIN,timberwolves,11,8,119,0,1610612738,Celtics,Boston,BOS,celtics,10,9,115,0,2025-26,00,2,Regular Season
2025-11-29,0022500294,20251129/TORCHA,3,Final/OT,2,2025-11-29T00:00:00Z,1900-01-01T18:00:00Z,2025-11-29T18:00:00Z,2025-11-29T05:00:00Z,1900-01-01T23:00:00Z,2025-11-29T23:00:00Z,2025-11-29T18:00:00Z,2025-11-29T18:00:00Z,Sat,11,6,Week 6,false,"","","","",Spectrum Center,NC,Charlotte,N,"","",FALSE,1610612766,Hornets,Charlotte,CHA,hornets,6,14,118,0,1610612761,Raptors,Toronto,TOR,raptors,14,6,111,0,2025-26,00,2,Regular Season
2025-11-29,0022500295,20251129/CHIIND,3,Final,3,2025-11-29T00:00:00Z,1900-01-01T19:30:00Z,2025-11-29T19:30:00Z,2025-11-29T05:00:00Z,1900-01-01T00:30:00Z,2025-11-30T00:30:00Z,2025-11-29T18:30:00Z,2025-11-29T19:30:00Z,Sat,11,6,Week 6,false,"","","","",Gainbridge Fieldhouse,IN,Indianapolis,N,"","",FALSE,1610612754,Pacers,Indiana,IND,pacers,4,16,103,0,1610612741,Bulls,Chicago,CHI,bulls,9,10,101,0,2025-26,00,2,Regular Season
2025-11-29,0022500296,20251129/DETMIA,3,Final,4,2025-11-29T00:00:00Z,1900-01-01T20:00:00Z,2025-11-29T20:00:00Z,2025-11-29T05:00:00Z,1900-01-01T01:00:00Z,2025-11-30T01:00:00Z,2025-11-29T20:00:00Z,2025-11-29T20:00:00Z,Sat,11,6,Week 6,false,"","","","",Kaseya Center,FL,Miami,N,"","",FALSE,1610612748,Heat,Miami,MIA,heat,13,7,135,0,1610612765,Pistons,Detroit,DET,pistons,16,4,138,0,2025-26,00,2,Regular Season
2025-11-29,0022500297,20251129/BKNMIL,3,Final,5,2025-11-29T00:00:00Z,1900-01-01T20:00:00Z,2025-11-29T20:00:00Z,2025-11-29T05:00:00Z,1900-01-01T01:00:00Z,2025-11-30T01:00:00Z,2025-11-29T20:00:00Z,2025-11-29T19:00:00Z,Sat,11,6,Week 6,false,"","","","",Fiserv Forum,WI,Milwaukee,N,"","",FALSE,1610612749,Bucks,Milwaukee,MIL,bucks,9,12,116,0,1610612751,Nets,Brooklyn,BKN,nets,3,16,99,0,2025-26,00,2,Regular Season
2025-11-29,0022500298,20251129/NOPGSW,3,Final,6,2025-11-29T00:00:00Z,1900-01-01T20:30:00Z,2025-11-29T20:30:00Z,2025-11-29T05:00:00Z,1900-01-01T01:30:00Z,2025-11-30T01:30:00Z,2025-11-29T19:30:00Z,2025-11-29T17:30:00Z,Sat,11,6,Week 6,false,"","","","",Chase Center,CA,San Francisco,N,"","",FALSE,1610612744,Warriors,Golden State,GSW,warriors,11,10,104,0,1610612740,Pelicans,New Orleans,NOP,pelicans,3,17,96,0,2025-26,00,2,Regular Season
2025-11-29,0022500299,20251129/DENPHX,3,Final,7,2025-11-29T00:00:00Z,1900-01-01T21:00:00Z,2025-11-29T21:00:00Z,2025-11-29T05:00:00Z,1900-01-01T02:00:00Z,2025-11-30T02:00:00Z,2025-11-29T19:00:00Z,2025-11-29T19:00:00Z,Sat,11,6,Week 6,false,"","","","",Mortgage Matchup Center,AZ,Phoenix,N,"","",FALSE,1610612756,Suns,Phoenix,PHX,suns,12,9,112,0,1610612743,Nuggets,Denver,DEN,nuggets,14,5,130,0,2025-26,00,2,Regular Season
2025-11-29,0022500300,20251129/DALLAC,3,Final,8,2025-11-29T00:00:00Z,1900-01-01T22:00:00Z,2025-11-29T22:00:00Z,2025-11-29T05:00:00Z,1900-01-01T03:00:00Z,2025-11-30T03:00:00Z,2025-11-29T21:00:00Z,2025-11-29T19:00:00Z,Sat,11,6,Week 6,false,"","","","",Intuit Dome,CA,Inglewood,N,"","",FALSE,1610612746,Clippers,LA,LAC,clippers,5,15,110,0,1610612742,Mavericks,Dallas,DAL,mavericks,6,15,114,0,2025-26,00,2,Regular Season
2025-11-30,0022500301,20251130/HOUUTA,3,Final,1,2025-11-30T00:00:00Z,1900-01-01T15:00:00Z,2025-11-30T15:00:00Z,2025-11-30T05:00:00Z,1900-01-01T20:00:00Z,2025-11-30T20:00:00Z,2025-11-30T14:00:00Z,2025-11-30T13:00:00Z,Sun,11,6,Week 6,false,"","","","",Delta Center,UT,Salt Lake City,N,"","",FALSE,1610612762,Jazz,Utah,UTA,jazz,6,13,101,0,1610612745,Rockets,Houston,HOU,rockets,13,4,129,0,2025-26,00,2,Regular Season
2025-11-30,0022500302,20251130/BOSCLE,3,Final,2,2025-11-30T00:00:00Z,1900-01-01T18:00:00Z,2025-11-30T18:00:00Z,2025-11-30T05:00:00Z,1900-01-01T23:00:00Z,2025-11-30T23:00:00Z,2025-11-30T18:00:00Z,2025-11-30T18:00:00Z,Sun,11,6,Week 6,false,"","","","",Rocket Arena,OH,Cleveland,N,"","",FALSE,1610612739,Cavaliers,Cleveland,CLE,cavaliers,12,9,115,0,1610612738,Celtics,Boston,BOS,celtics,11,9,117,0,2025-26,00,2,Regular Season
2025-11-30,0022500303,20251130/TORNYK,3,Final,3,2025-11-30T00:00:00Z,1900-01-01T18:00:00Z,2025-11-30T18:00:00Z,2025-11-30T05:00:00Z,1900-01-01T23:00:00Z,2025-11-30T23:00:00Z,2025-11-30T18:00:00Z,2025-11-30T18:00:00Z,Sun,11,6,Week 6,false,"","","","",Madison Square Garden,NY,New York,N,"","",FALSE,1610612752,Knicks,New York,NYK,knicks,13,6,116,0,1610612761,Raptors,Toronto,TOR,raptors,14,7,94,0,2025-26,00,2,Regular Season
2025-11-30,0022500304,20251130/ATLPHI,3,Final/OT2,4,2025-11-30T00:00:00Z,1900-01-01T18:00:00Z,2025-11-30T18:00:00Z,2025-11-30T05:00:00Z,1900-01-01T23:00:00Z,2025-11-30T23:00:00Z,2025-11-30T18:00:00Z,2025-11-30T18:00:00Z,Sun,11,6,Week 6,false,"","","","",Xfinity Mobile Arena,PA,Philadelphia,N,"","",FALSE,1610612755,76ers,Philadelphia,PHI,sixers,10,9,134,0,1610612737,Hawks,Atlanta,ATL,hawks,13,8,142,0,2025-26,00,2,Regular Season
2025-11-30,0022500305,20251130/OKCPOR,3,Final,5,2025-11-30T00:00:00Z,1900-01-01T18:00:00Z,2025-11-30T18:00:00Z,2025-11-30T05:00:00Z,1900-01-01T23:00:00Z,2025-11-30T23:00:00Z,2025-11-30T17:00:00Z,2025-11-30T15:00:00Z,Sun,11,6,Week 6,false,"","","","",Moda Center,OR,Portland,N,"","",FALSE,1610612757,Trail Blazers,Portland,POR,blazers,8,12,115,0,1610612760,Thunder,Oklahoma City,OKC,thunder,20,1,123,0,2025-26,00,2,Regular Season
2025-11-30,0022500306,20251130/SASMIN,3,Final,6,2025-11-30T00:00:00Z,1900-01-01T19:00:00Z,2025-11-30T19:00:00Z,2025-11-30T05:00:00Z,1900-01-01T00:00:00Z,2025-12-01T00:00:00Z,2025-11-30T18:00:00Z,2025-11-30T18:00:00Z,Sun,11,6,Week 6,false,"","","","",Target Center,MN,Minneapolis,N,"","",FALSE,1610612750,Timberwolves,Minnesota,MIN,timberwolves,12,8,125,0,1610612759,Spurs,San Antonio,SAS,spurs,13,6,112,0,2025-26,00,2,Regular Season
2025-11-30,0022500307,20251130/MEMSAC,3,Final,7,2025-11-30T00:00:00Z,1900-01-01T21:00:00Z,2025-11-30T21:00:00Z,2025-11-30T05:00:00Z,1900-01-01T02:00:00Z,2025-12-01T02:00:00Z,2025-11-30T20:00:00Z,2025-11-30T18:00:00Z,Sun,11,6,Week 6,false,"","","","",Golden 1 Center,CA,Sacramento,N,"","",FALSE,1610612758,Kings,Sacramento,SAC,kings,5,16,107,0,1610612763,Grizzlies,Memphis,MEM,grizzlies,9,12,115,0,2025-26,00,2,Regular Season
2025-11-30,0022500308,20251130/NOPLAL,3,Final,8,2025-11-30T00:00:00Z,1900-01-01T21:30:00Z,2025-11-30T21:30:00Z,2025-11-30T05:00:00Z,1900-01-01T02:30:00Z,2025-12-01T02:30:00Z,2025-11-30T20:30:00Z,2025-11-30T18:30:00Z,Sun,11,6,Week 6,false,"","","","",Crypto.com Arena,CA,Los Angeles,N,"","",FALSE,1610612747,Lakers,Los Angeles,LAL,lakers,15,4,133,0,1610612740,Pelicans,New Orleans,NOP,pelicans,3,18,121,0,2025-26,00,2,Regular Season
2025-12-01,0022500309,20251201/ATLDET,3,Final,1,2025-12-01T00:00:00Z,1900-01-01T19:00:00Z,2025-12-01T19:00:00Z,2025-12-01T05:00:00Z,1900-01-01T00:00:00Z,2025-12-02T00:00:00Z,2025-12-01T19:00:00Z,2025-12-01T19:00:00Z,Mon,12,7,Week 7,false,"","","","",Little Caesars Arena,MI,Detroit,N,"","",FALSE,1610612765,Pistons,Detroit,DET,pistons,17,4,99,0,1610612737,Hawks,Atlanta,ATL,hawks,13,9,98,0,2025-26,00,2,Regular Season
2025-12-01,0022500310,20251201/CLEIND,3,Final,2,2025-12-01T00:00:00Z,1900-01-01T19:00:00Z,2025-12-01T19:00:00Z,2025-12-01T05:00:00Z,1900-01-01T00:00:00Z,2025-12-02T00:00:00Z,2025-12-01T19:00:00Z,2025-12-01T19:00:00Z,Mon,12,7,Week 7,false,"","","","",Gainbridge Fieldhouse,IN,Indianapolis,N,"","",FALSE,1610612754,Pacers,Indiana,IND,pacers,4,17,119,0,1610612739,Cavaliers,Cleveland,CLE,cavaliers,13,9,135,0,2025-26,00,2,Regular Season
2025-12-01,0022500311,20251201/MILWAS,3,Final,3,2025-12-01T00:00:00Z,1900-01-01T19:00:00Z,2025-12-01T19:00:00Z,2025-12-01T05:00:00Z,1900-01-01T00:00:00Z,2025-12-02T00:00:00Z,2025-12-01T18:00:00Z,2025-12-01T19:00:00Z,Mon,12,7,Week 7,false,"","","","",Capital One Arena,DC,Washington,N,"","",FALSE,1610612764,Wizards,Washington,WAS,wizards,3,16,129,0,1610612749,Bucks,Milwaukee,MIL,bucks,9,13,126,0,2025-26,00,2,Regular Season
2025-12-01,0022500312,20251201/CHABKN,3,Final,4,2025-12-01T00:00:00Z,1900-01-01T19:30:00Z,2025-12-01T19:30:00Z,2025-12-01T05:00:00Z,1900-01-01T00:30:00Z,2025-12-02T00:30:00Z,2025-12-01T19:30:00Z,2025-12-01T19:30:00Z,Mon,12,7,Week 7,false,"","","","",Barclays Center,NY,Brooklyn,N,"","",FALSE,1610612751,Nets,Brooklyn,BKN,nets,4,16,116,0,1610612766,Hornets,Charlotte,CHA,hornets,6,15,103,0,2025-26,00,2,Regular Season
2025-12-01,0022500313,20251201/LACMIA,3,Final,5,2025-12-01T00:00:00Z,1900-01-01T19:30:00Z,2025-12-01T19:30:00Z,2025-12-01T05:00:00Z,1900-01-01T00:30:00Z,2025-12-02T00:30:00Z,2025-12-01T16:30:00Z,2025-12-01T19:30:00Z,Mon,12,7,Week 7,false,"","","","",Kaseya Center,FL,Miami,N,"","",FALSE,1610612748,Heat,Miami,MIA,heat,14,7,140,0,1610612746,Clippers,LA,LAC,clippers,5,16,123,0,2025-26,00,2,Regular Season
2025-12-01,0022500314,20251201/CHIORL,3,Final,6,2025-12-01T00:00:00Z,1900-01-01T19:30:00Z,2025-12-01T19:30:00Z,2025-12-01T05:00:00Z,1900-01-01T00:30:00Z,2025-12-02T00:30:00Z,2025-12-01T18:30:00Z,2025-12-01T19:30:00Z,Mon,12,7,Week 7,false,"","","","",Kia Center,FL,Orlando,N,"","",FALSE,1610612753,Magic,Orlando,ORL,magic,13,8,125,0,1610612741,Bulls,Chicago,CHI,bulls,9,11,120,0,2025-26,00,2,Regular Season
2025-12-01,0022500315,20251201/DALDEN,3,Final,7,2025-12-01T00:00:00Z,1900-01-01T21:00:00Z,2025-12-01T21:00:00Z,2025-12-01T05:00:00Z,1900-01-01T02:00:00Z,2025-12-02T02:00:00Z,2025-12-01T20:00:00Z,2025-12-01T19:00:00Z,Mon,12,7,Week 7,false,"","","","",Ball Arena,CO,Denver,N,"","",FALSE,1610612743,Nuggets,Denver,DEN,nuggets,14,6,121,0,1610612742,Mavericks,Dallas,DAL,mavericks,7,15,131,0,2025-26,00,2,Regular Season
2025-12-01,0022500316,20251201/HOUUTA,3,Final,8,2025-12-01T00:00:00Z,1900-01-01T21:00:00Z,2025-12-01T21:00:00Z,2025-12-01T05:00:00Z,1900-01-01T02:00:00Z,2025-12-02T02:00:00Z,2025-12-01T20:00:00Z,2025-12-01T19:00:00Z,Mon,12,7,Week 7,false,"","","","",Delta Center,UT,Salt Lake City,N,"","",FALSE,1610612762,Jazz,Utah,UTA,jazz,7,13,133,0,1610612745,Rockets,Houston,HOU,rockets,13,5,125,0,2025-26,00,2,Regular Season
2025-12-01,0022500317,20251201/PHXLAL,3,Final,9,2025-12-01T00:00:00Z,1900-01-01T22:00:00Z,2025-12-01T22:00:00Z,2025-12-01T05:00:00Z,1900-01-01T03:00:00Z,2025-12-02T03:00:00Z,2025-12-01T20:00:00Z,2025-12-01T19:00:00Z,Mon,12,7,Week 7,false,"","","","",Crypto.com Arena,CA,Los Angeles,N,"","",FALSE,1610612747,Lakers,Los Angeles,LAL,lakers,15,5,108,0,1610612756,Suns,Phoenix,PHX,suns,13,9,125,0,2025-26,00,2,Regular Season
2025-12-02,0022500318,20251202/WASPHI,3,Final,1,2025-12-02T00:00:00Z,1900-01-01T19:00:00Z,2025-12-02T19:00:00Z,2025-12-02T05:00:00Z,1900-01-01T00:00:00Z,2025-12-03T00:00:00Z,2025-12-02T19:00:00Z,2025-12-02T19:00:00Z,Tue,12,7,Week 7,false,"","","","",Xfinity Mobile Arena,PA,Philadelphia,N,"","",FALSE,1610612755,76ers,Philadelphia,PHI,sixers,11,9,121,0,1610612764,Wizards,Washington,WAS,wizards,3,17,102,0,2025-26,00,2,Regular Season
2025-12-02,0022500319,20251202/PORTOR,3,Final,2,2025-12-02T00:00:00Z,1900-01-01T19:30:00Z,2025-12-02T19:30:00Z,2025-12-02T05:00:00Z,1900-01-01T00:30:00Z,2025-12-03T00:30:00Z,2025-12-02T16:30:00Z,2025-12-02T19:30:00Z,Tue,12,7,Week 7,false,"","","","",Scotiabank Arena,ON,Toronto,N,"","",FALSE,1610612761,Raptors,Toronto,TOR,raptors,15,7,121,0,1610612757,Trail Blazers,Portland,POR,blazers,8,13,118,0,2025-26,00,2,Regular Season
2025-12-02,0022500320,20251202/NYKBOS,3,Final,3,2025-12-02T00:00:00Z,1900-01-01T20:00:00Z,2025-12-02T20:00:00Z,2025-12-02T05:00:00Z,1900-01-01T01:00:00Z,2025-12-03T01:00:00Z,2025-12-02T20:00:00Z,2025-12-02T20:00:00Z,Tue,12,7,Week 7,false,"","","","",TD Garden,MA,Boston,N,"","",FALSE,1610612738,Celtics,Boston,BOS,celtics,12,9,123,0,1610612752,Knicks,New York,NYK,knicks,13,7,117,0,2025-26,00,2,Regular Season
2025-12-02,0022500321,20251202/MINNOP,3,Final/OT,4,2025-12-02T00:00:00Z,1900-01-01T20:00:00Z,2025-12-02T20:00:00Z,2025-12-02T05:00:00Z,1900-01-01T01:00:00Z,2025-12-03T01:00:00Z,2025-12-02T19:00:00Z,2025-12-02T19:00:00Z,Tue,12,7,Week 7,false,"","","","",Smoothie King Center,LA,New Orleans,N,"","",FALSE,1610612740,Pelicans,New Orleans,NOP,pelicans,3,19,142,0,1610612750,Timberwolves,Minnesota,MIN,timberwolves,13,8,149,0,2025-26,00,2,Regular Season
2025-12-02,0022500322,20251202/MEMSAS,3,Final,5,2025-12-02T00:00:00Z,1900-01-01T20:00:00Z,2025-12-02T20:00:00Z,2025-12-02T05:00:00Z,1900-01-01T01:00:00Z,2025-12-03T01:00:00Z,2025-12-02T19:00:00Z,2025-12-02T19:00:00Z,Tue,12,7,Week 7,false,"","","","",Frost Bank Center,TX,San Antonio,N,"","",FALSE,1610612759,Spurs,San Antonio,SAS,spurs,14,6,126,0,1610612763,Grizzlies,Memphis,MEM,grizzlies,9,13,119,0,2025-26,00,2,Regular Season
2025-12-02,0022500323,20251202/OKCGSW,3,Final,6,2025-12-02T00:00:00Z,1900-01-01T23:00:00Z,2025-12-02T23:00:00Z,2025-12-02T05:00:00Z,1900-01-01T04:00:00Z,2025-12-03T04:00:00Z,2025-12-02T22:00:00Z,2025-12-02T20:00:00Z,Tue,12,7,Week 7,false,"","","","",Chase Center,CA,San Francisco,N,"","",FALSE,1610612744,Warriors,Golden State,GSW,warriors,11,11,112,0,1610612760,Thunder,Oklahoma City,OKC,thunder,21,1,124,0,2025-26,00,2,Regular Season
2025-12-03,0022500324,20251203/PORCLE,3,Final,1,2025-12-03T00:00:00Z,1900-01-01T19:00:00Z,2025-12-03T19:00:00Z,2025-12-03T05:00:00Z,1900-01-01T00:00:00Z,2025-12-04T00:00:00Z,2025-12-03T16:00:00Z,2025-12-03T19:00:00Z,Wed,12,7,Week 7,false,"","","","",Rocket Arena,OH,Cleveland,N,"","",FALSE,1610612739,Cavaliers,Cleveland,CLE,cavaliers,13,10,110,0,1610612757,Trail Blazers,Portland,POR,blazers,9,13,122,0,2025-26,00,2,Regular Season
2025-12-03,0022500325,20251203/DENIND,3,Final,2,2025-12-03T00:00:00Z,1900-01-01T19:00:00Z,2025-12-03T19:00:00Z,2025-12-03T05:00:00Z,1900-01-01T00:00:00Z,2025-12-04T00:00:00Z,2025-12-03T17:00:00Z,2025-12-03T19:00:00Z,Wed,12,7,Week 7,false,"","","","",Gainbridge Fieldhouse,IN,Indianapolis,N,"","",FALSE,1610612754,Pacers,Indiana,IND,pacers,4,18,120,0,1610612743,Nuggets,Denver,DEN,nuggets,15,6,135,0,2025-26,00,2,Regular Season
2025-12-03,0022500326,20251203/SASORL,3,Final,3,2025-12-03T00:00:00Z,1900-01-01T19:00:00Z,2025-12-03T19:00:00Z,2025-12-03T05:00:00Z,1900-01-01T00:00:00Z,2025-12-04T00:00:00Z,2025-12-03T18:00:00Z,2025-12-03T19:00:00Z,Wed,12,7,Week 7,false,"","","","",Kia Center,FL,Orlando,N,"","",FALSE,1610612753,Magic,Orlando,ORL,magic,13,9,112,0,1610612759,Spurs,San Antonio,SAS,spurs,15,6,114,0,2025-26,00,2,Regular Season
2025-12-03,0022500327,20251203/LACATL,3,Final,4,2025-12-03T00:00:00Z,1900-01-01T19:30:00Z,2025-12-03T19:30:00Z,2025-12-03T05:00:00Z,1900-01-01T00:30:00Z,2025-12-04T00:30:00Z,2025-12-03T16:30:00Z,2025-12-03T19:30:00Z,Wed,12,7,Week 7,false,"","","","",State Farm Arena,GA,Atlanta,N,"","",FALSE,1610612737,Hawks,Atlanta,ATL,hawks,13,10,92,0,1610612746,Clippers,LA,LAC,clippers,6,16,115,0,2025-26,00,2,Regular Season
2025-12-03,0022500328,20251203/CHANYK,3,Final,5,2025-12-03T00:00:00Z,1900-01-01T19:30:00Z,2025-12-03T19:30:00Z,2025-12-03T05:00:00Z,1900-01-01T00:30:00Z,2025-12-04T00:30:00Z,2025-12-03T19:30:00Z,2025-12-03T19:30:00Z,Wed,12,7,Week 7,false,"","","","",Madison Square Garden,NY,New York,N,"","",FALSE,1610612752,Knicks,New York,NYK,knicks,14,7,119,0,1610612766,Hornets,Charlotte,CHA,hornets,6,16,104,0,2025-26,00,2,Regular Season
2025-12-03,0022500329,20251203/BKNCHI,3,Final,6,2025-12-03T00:00:00Z,1900-01-01T20:00:00Z,2025-12-03T20:00:00Z,2025-12-03T05:00:00Z,1900-01-01T01:00:00Z,2025-12-04T01:00:00Z,2025-12-03T20:00:00Z,2025-12-03T19:00:00Z,Wed,12,7,Week 7,false,"","","","",United Center,IL,Chicago,N,"","",FALSE,1610612741,Bulls,Chicago,CHI,bulls,9,12,103,0,1610612751,Nets,Brooklyn,BKN,nets,5,16,113,0,2025-26,00,2,Regular Season
2025-12-03,0022500330,20251203/SACHOU,3,Final,7,2025-12-03T00:00:00Z,1900-01-01T20:00:00Z,2025-12-03T20:00:00Z,2025-12-03T05:00:00Z,1900-01-01T01:00:00Z,2025-12-04T01:00:00Z,2025-12-03T17:00:00Z,2025-12-03T19:00:00Z,Wed,12,7,Week 7,false,"","","","",Toyota Center,TX,Houston,N,"","",FALSE,1610612745,Rockets,Houston,HOU,rockets,14,5,121,0,1610612758,Kings,Sacramento,SAC,kings,5,17,95,0,2025-26,00,2,Regular Season
2025-12-03,0022500331,20251203/DETMIL,3,Final,8,2025-12-03T00:00:00Z,1900-01-01T20:00:00Z,2025-12-03T20:00:00Z,2025-12-03T05:00:00Z,1900-01-01T01:00:00Z,2025-12-04T01:00:00Z,2025-12-03T20:00:00Z,2025-12-03T19:00:00Z,Wed,12,7,Week 7,false,"","","","",Fiserv Forum,WI,Milwaukee,N,"","",FALSE,1610612749,Bucks,Milwaukee,MIL,bucks,10,13,113,0,1610612765,Pistons,Detroit,DET,pistons,17,5,109,0,2025-26,00,2,Regular Season
2025-12-03,0022500332,20251203/MIADAL,3,Final,9,2025-12-03T00:00:00Z,1900-01-01T20:30:00Z,2025-12-03T20:30:00Z,2025-12-03T05:00:00Z,1900-01-01T01:30:00Z,2025-12-04T01:30:00Z,2025-12-03T20:30:00Z,2025-12-03T19:30:00Z,Wed,12,7,Week 7,false,"","","","",American Airlines Center,TX,Dallas,N,"","",FALSE,1610612742,Mavericks,Dallas,DAL,mavericks,8,15,118,0,1610612748,Heat,Miami,MIA,heat,14,8,108,0,2025-26,00,2,Regular Season
2025-12-04,0022500333,20251204/GSWPHI,3,Final,1,2025-12-04T00:00:00Z,1900-01-01T19:00:00Z,2025-12-04T19:00:00Z,2025-12-04T05:00:00Z,1900-01-01T00:00:00Z,2025-12-05T00:00:00Z,2025-12-04T16:00:00Z,2025-12-04T19:00:00Z,Thu,12,7,Week 7,false,"","","","",Xfinity Mobile Arena,PA,Philadelphia,N,"","",FALSE,1610612755,76ers,Philadelphia,PHI,sixers,12,9,99,0,1610612744,Warriors,Golden State,GSW,warriors,11,12,98,0,2025-26,00,2,Regular Season
2025-12-04,0022500334,20251204/BOSWAS,3,Final,2,2025-12-04T00:00:00Z,1900-01-01T19:00:00Z,2025-12-04T19:00:00Z,2025-12-04T05:00:00Z,1900-01-01T00:00:00Z,2025-12-05T00:00:00Z,2025-12-04T19:00:00Z,2025-12-04T19:00:00Z,Thu,12,7,Week 7,false,"","","","",Capital One Arena,DC,Washington,N,"","",FALSE,1610612764,Wizards,Washington,WAS,wizards,3,18,101,0,1610612738,Celtics,Boston,BOS,celtics,13,9,146,0,2025-26,00,2,Regular Season
2025-12-04,0022500335,20251204/UTABKN,3,Final,3,2025-12-04T00:00:00Z,1900-01-01T19:30:00Z,2025-12-04T19:30:00Z,2025-12-04T05:00:00Z,1900-01-01T00:30:00Z,2025-12-05T00:30:00Z,2025-12-04T17:30:00Z,2025-12-04T19:30:00Z,Thu,12,7,Week 7,false,"","","","",Barclays Center,NY,Brooklyn,N,"","",FALSE,1610612751,Nets,Brooklyn,BKN,nets,5,17,110,0,1610612762,Jazz,Utah,UTA,jazz,8,13,123,0,2025-26,00,2,Regular Season
2025-12-04,0022500336,20251204/LALTOR,3,Final,4,2025-12-04T00:00:00Z,1900-01-01T19:30:00Z,2025-12-04T19:30:00Z,2025-12-04T05:00:00Z,1900-01-01T00:30:00Z,2025-12-05T00:30:00Z,2025-12-04T16:30:00Z,2025-12-04T19:30:00Z,Thu,12,7,Week 7,false,"","","","",Scotiabank Arena,ON,Toronto,N,"","",FALSE,1610612761,Raptors,Toronto,TOR,raptors,15,8,120,0,1610612747,Lakers,Los Angeles,LAL,lakers,16,5,123,0,2025-26,00,2,Regular Season
2025-12-04,0022500337,20251204/MINNOP,3,Final,5,2025-12-04T00:00:00Z,1900-01-01T20:00:00Z,2025-12-04T20:00:00Z,2025-12-04T05:00:00Z,1900-01-01T01:00:00Z,2025-12-05T01:00:00Z,2025-12-04T19:00:00Z,2025-12-04T19:00:00Z,Thu,12,7,Week 7,false,"","","","",Smoothie King Center,LA,New Orleans,N,"","",FALSE,1610612740,Pelicans,New Orleans,NOP,pelicans,3,20,116,0,1610612750,Timberwolves,Minnesota,MIN,timberwolves,14,8,125,0,2025-26,00,2,Regular Season
2025-12-05,0022500338,20251205/LALBOS,3,Final,1,2025-12-05T00:00:00Z,1900-01-01T19:00:00Z,2025-12-05T19:00:00Z,2025-12-05T05:00:00Z,1900-01-01T00:00:00Z,2025-12-06T00:00:00Z,2025-12-05T16:00:00Z,2025-12-05T19:00:00Z,Fri,12,7,Week 7,false,"","","","",TD Garden,MA,Boston,N,"","",FALSE,1610612738,Celtics,Boston,BOS,celtics,14,9,126,0,1610612747,Lakers,Los Angeles,LAL,lakers,16,6,105,0,2025-26,00,2,Regular Season
2025-12-05,0022500339,20251205/MIAORL,3,Final,2,2025-12-05T00:00:00Z,1900-01-01T19:00:00Z,2025-12-05T19:00:00Z,2025-12-05T05:00:00Z,1900-01-01T00:00:00Z,2025-12-06T00:00:00Z,2025-12-05T19:00:00Z,2025-12-05T19:00:00Z,Fri,12,7,Week 7,false,"","","","",Kia Center,FL,Orlando,N,"","",FALSE,1610612753,Magic,Orlando,ORL,magic,14,9,106,0,1610612748,Heat,Miami,MIA,heat,14,9,105,0,2025-26,00,2,Regular Season
2025-12-05,0022500340,20251205/DENATL,3,Final,3,2025-12-05T00:00:00Z,1900-01-01T19:30:00Z,2025-12-05T19:30:00Z,2025-12-05T05:00:00Z,1900-01-01T00:30:00Z,2025-12-06T00:30:00Z,2025-12-05T17:30:00Z,2025-12-05T19:30:00Z,Fri,12,7,Week 7,false,"","","","",State Farm Arena,GA,Atlanta,N,"","",FALSE,1610612737,Hawks,Atlanta,ATL,hawks,13,11,133,0,1610612743,Nuggets,Denver,DEN,nuggets,16,6,134,0,2025-26,00,2,Regular Season
2025-12-05,0022500341,20251205/SASCLE,3,Final,4,2025-12-05T00:00:00Z,1900-01-01T19:30:00Z,2025-12-05T19:30:00Z,2025-12-05T05:00:00Z,1900-01-01T00:30:00Z,2025-12-06T00:30:00Z,2025-12-05T18:30:00Z,2025-12-05T19:30:00Z,Fri,12,7,Week 7,false,"","","","",Rocket Arena,OH,Cleveland,N,"","",FALSE,1610612739,Cavaliers,Cleveland,CLE,cavaliers,14,10,130,0,1610612759,Spurs,San Antonio,SAS,spurs,15,7,117,0,2025-26,00,2,Regular Season
2025-12-05,0022500342,20251205/PORDET,3,Final,5,2025-12-05T00:00:00Z,1900-01-01T19:30:00Z,2025-12-05T19:30:00Z,2025-12-05T05:00:00Z,1900-01-01T00:30:00Z,2025-12-06T00:30:00Z,2025-12-05T16:30:00Z,2025-12-05T19:30:00Z,Fri,12,7,Week 7,false,"","","","",Little Caesars Arena,MI,Detroit,N,"","",FALSE,1610612765,Pistons,Detroit,DET,pistons,18,5,122,0,1610612757,Trail Blazers,Portland,POR,blazers,9,14,116,0,2025-26,00,2,Regular Season
2025-12-05,0022500343,20251205/UTANYK,3,Final,6,2025-12-05T00:00:00Z,1900-01-01T19:30:00Z,2025-12-05T19:30:00Z,2025-12-05T05:00:00Z,1900-01-01T00:30:00Z,2025-12-06T00:30:00Z,2025-12-05T17:30:00Z,2025-12-05T19:30:00Z,Fri,12,7,Week 7,false,"","","","",Madison Square Garden,NY,New York,N,"","",FALSE,1610612752,Knicks,New York,NYK,knicks,15,7,146,0,1610612762,Jazz,Utah,UTA,jazz,8,14,112,0,2025-26,00,2,Regular Season
2025-12-05,0022500344,20251205/CHATOR,3,Final,7,2025-12-05T00:00:00Z,1900-01-01T19:30:00Z,2025-12-05T19:30:00Z,2025-12-05T05:00:00Z,1900-01-01T00:30:00Z,2025-12-06T00:30:00Z,2025-12-05T19:30:00Z,2025-12-05T19:30:00Z,Fri,12,7,Week 7,false,"","","","",Scotiabank Arena,ON,Toronto,N,"","",FALSE,1610612761,Raptors,Toronto,TOR,raptors,15,9,86,0,1610612766,Hornets,Charlotte,CHA,hornets,7,16,111,0,2025-26,00,2,Regular Season
2025-12-05,0022500345,20251205/INDCHI,3,Final,8,2025-12-05T00:00:00Z,1900-01-01T20:00:00Z,2025-12-05T20:00:00Z,2025-12-05T05:00:00Z,1900-01-01T01:00:00Z,2025-12-06T01:00:00Z,2025-12-05T20:00:00Z,2025-12-05T19:00:00Z,Fri,12,7,Week 7,false,"","","","",United Center,IL,Chicago,N,"","",FALSE,1610612741,Bulls,Chicago,CHI,bulls,9,13,105,0,1610612754,Pacers,Indiana,IND,pacers,5,18,120,0,2025-26,00,2,Regular Season
2025-12-05,0022500346,20251205/PHXHOU,3,Final,9,2025-12-05T00:00:00Z,1900-01-01T20:00:00Z,2025-12-05T20:00:00Z,2025-12-05T05:00:00Z,1900-01-01T01:00:00Z,2025-12-06T01:00:00Z,2025-12-05T18:00:00Z,2025-12-05T19:00:00Z,Fri,12,7,Week 7,false,"","","","",Toyota Center,TX,Houston,N,"","",FALSE,1610612745,Rockets,Houston,HOU,rockets,15,5,117,0,1610612756,Suns,Phoenix,PHX,suns,13,10,98,0,2025-26,00,2,Regular Season
2025-12-05,0022500347,20251205/LACMEM,3,Final,10,2025-12-05T00:00:00Z,1900-01-01T20:00:00Z,2025-12-05T20:00:00Z,2025-12-05T05:00:00Z,1900-01-01T01:00:00Z,2025-12-06T01:00:00Z,2025-12-05T17:00:00Z,2025-12-05T19:00:00Z,Fri,12,7,Week 7,false,"","","","",FedExForum,TN,Memphis,N,"","",FALSE,1610612763,Grizzlies,Memphis,MEM,grizzlies,10,13,107,0,1610612746,Clippers,LA,LAC,clippers,6,17,98,0,2025-26,00,2,Regular Season
2025-12-05,0022500348,20251205/PHIMIL,3,Final,11,2025-12-05T00:00:00Z,1900-01-01T20:00:00Z,2025-12-05T20:00:00Z,2025-12-05T05:00:00Z,1900-01-01T01:00:00Z,2025-12-06T01:00:00Z,2025-12-05T20:00:00Z,2025-12-05T19:00:00Z,Fri,12,7,Week 7,false,"","","","",Fiserv Forum,WI,Milwaukee,N,"","",FALSE,1610612749,Bucks,Milwaukee,MIL,bucks,10,14,101,0,1610612755,76ers,Philadelphia,PHI,sixers,13,9,116,0,2025-26,00,2,Regular Season
2025-12-05,0022500349,20251205/DALOKC,3,Final,12,2025-12-05T00:00:00Z,1900-01-01T21:30:00Z,2025-12-05T21:30:00Z,2025-12-05T05:00:00Z,1900-01-01T02:30:00Z,2025-12-06T02:30:00Z,2025-12-05T20:30:00Z,2025-12-05T20:30:00Z,Fri,12,7,Week 7,false,"","","","",Paycom Center,OK,Oklahoma City,N,"","",FALSE,1610612760,Thunder,Oklahoma City,OKC,thunder,22,1,132,0,1610612742,Mavericks,Dallas,DAL,mavericks,8,16,111,0,2025-26,00,2,Regular Season
2025-12-06,0022500350,20251206/NOPBKN,3,Final,1,2025-12-06T00:00:00Z,1900-01-01T17:00:00Z,2025-12-06T17:00:00Z,2025-12-06T05:00:00Z,1900-01-01T22:00:00Z,2025-12-06T22:00:00Z,2025-12-06T16:00:00Z,2025-12-06T17:00:00Z,Sat,12,7,Week 7,false,"","","","",Barclays Center,NY,Brooklyn,N,"","",FALSE,1610612751,Nets,Brooklyn,BKN,nets,6,17,119,0,1610612740,Pelicans,New Orleans,NOP,pelicans,3,21,101,0,2025-26,00,2,Regular Season
2025-12-06,0022500351,20251206/ATLWAS,3,Final,2,2025-12-06T00:00:00Z,1900-01-01T19:00:00Z,2025-12-06T19:00:00Z,2025-12-06T05:00:00Z,1900-01-01T00:00:00Z,2025-12-07T00:00:00Z,2025-12-06T19:00:00Z,2025-12-06T19:00:00Z,Sat,12,7,Week 7,false,"","","","",Capital One Arena,DC,Washington,N,"","",FALSE,1610612764,Wizards,Washington,WAS,wizards,3,19,116,0,1610612737,Hawks,Atlanta,ATL,hawks,14,11,131,0,2025-26,00,2,Regular Season
2025-12-06,0022500352,20251206/GSWCLE,3,Final,3,2025-12-06T00:00:00Z,1900-01-01T19:30:00Z,2025-12-06T19:30:00Z,2025-12-06T05:00:00Z,1900-01-01T00:30:00Z,2025-12-07T00:30:00Z,2025-12-06T16:30:00Z,2025-12-06T19:30:00Z,Sat,12,7,Week 7,false,"","","","",Rocket Arena,OH,Cleveland,N,"","",FALSE,1610612739,Cavaliers,Cleveland,CLE,cavaliers,14,11,94,0,1610612744,Warriors,Golden State,GSW,warriors,12,12,99,0,2025-26,00,2,Regular Season
2025-12-06,0022500353,20251206/MILDET,3,Final,4,2025-12-06T00:00:00Z,1900-01-01T19:30:00Z,2025-12-06T19:30:00Z,2025-12-06T05:00:00Z,1900-01-01T00:30:00Z,2025-12-07T00:30:00Z,2025-12-06T18:30:00Z,2025-12-06T19:30:00Z,Sat,12,7,Week 7,false,"","","","",Little Caesars Arena,MI,Detroit,N,"","",FALSE,1610612765,Pistons,Detroit,DET,pistons,19,5,124,0,1610612749,Bucks,Milwaukee,MIL,bucks,10,15,112,0,2025-26,00,2,Regular Season
2025-12-06,0022500354,20251206/SACMIA,3,Final,5,2025-12-06T00:00:00Z,1900-01-01T20:00:00Z,2025-12-06T20:00:00Z,2025-12-06T05:00:00Z,1900-01-01T01:00:00Z,2025-12-07T01:00:00Z,2025-12-06T17:00:00Z,2025-12-06T20:00:00Z,Sat,12,7,Week 7,false,"","","","",Kaseya Center,FL,Miami,N,"","",FALSE,1610612748,Heat,Miami,MIA,heat,14,10,111,0,1610612758,Kings,Sacramento,SAC,kings,6,17,127,0,2025-26,00,2,Regular Season
2025-12-06,0022500355,20251206/LACMIN,3,Final,6,2025-12-06T00:00:00Z,1900-01-01T20:00:00Z,2025-12-06T20:00:00Z,2025-12-06T05:00:00Z,1900-01-01T01:00:00Z,2025-12-07T01:00:00Z,2025-12-06T17:00:00Z,2025-12-06T19:00:00Z,Sat,12,7,Week 7,false,"","","","",Target Center,MN,Minneapolis,N,"","",FALSE,1610612750,Timberwolves,Minnesota,MIN,timberwolves,15,8,109,0,1610612746,Clippers,LA,LAC,clippers,6,18,106,0,2025-26,00,2,Regular Season
2025-12-06,0022500356,20251206/HOUDAL,3,Final,7,2025-12-06T00:00:00Z,1900-01-01T20:30:00Z,2025-12-06T20:30:00Z,2025-12-06T05:00:00Z,1900-01-01T01:30:00Z,2025-12-07T01:30:00Z,2025-12-06T19:30:00Z,2025-12-06T19:30:00Z,Sat,12,7,Week 7,false,"","","","",American Airlines Center,TX,Dallas,N,"","",FALSE,1610612742,Mavericks,Dallas,DAL,mavericks,9,16,122,0,1610612745,Rockets,Houston,HOU,rockets,15,6,109,0,2025-26,00,2,Regular Season
2025-12-07,0022500357,20251207/ORLNYK,3,Final,1,2025-12-07T00:00:00Z,1900-01-01T12:00:00Z,2025-12-07T12:00:00Z,2025-12-07T05:00:00Z,1900-01-01T17:00:00Z,2025-12-07T17:00:00Z,2025-12-07T12:00:00Z,2025-12-07T12:00:00Z,Sun,12,7,Week 7,false,"","","","",Madison Square Garden,NY,New York,N,"","",FALSE,1610612752,Knicks,New York,NYK,knicks,16,7,106,0,1610612753,Magic,Orlando,ORL,magic,14,10,100,0,2025-26,00,2,Regular Season
2025-12-07,0022500358,20251207/BOSTOR,3,Final,2,2025-12-07T00:00:00Z,1900-01-01T15:30:00Z,2025-12-07T15:30:00Z,2025-12-07T05:00:00Z,1900-01-01T20:30:00Z,2025-12-07T20:30:00Z,2025-12-07T15:30:00Z,2025-12-07T15:30:00Z,Sun,12,7,Week 7,false,"","","","",Scotiabank Arena,ON,Toronto,N,"","",FALSE,1610612761,Raptors,Toronto,TOR,raptors,15,10,113,0,1610612738,Celtics,Boston,BOS,celtics,15,9,121,0,2025-26,00,2,Regular Season
2025-12-07,0022500359,20251207/DENCHA,3,Final,3,2025-12-07T00:00:00Z,1900-01-01T18:00:00Z,2025-12-07T18:00:00Z,2025-12-07T05:00:00Z,1900-01-01T23:00:00Z,2025-12-07T23:00:00Z,2025-12-07T16:00:00Z,2025-12-07T18:00:00Z,Sun,12,7,Week 7,false,"","","","",Spectrum Center,NC,Charlotte,N,"","",FALSE,1610612766,Hornets,Charlotte,CHA,hornets,7,17,106,0,1610612743,Nuggets,Denver,DEN,nuggets,17,6,115,0,2025-26,00,2,Regular Season
2025-12-07,0022500360,20251207/PORMEM,3,Final,4,2025-12-07T00:00:00Z,1900-01-01T18:00:00Z,2025-12-07T18:00:00Z,2025-12-07T05:00:00Z,1900-01-01T23:00:00Z,2025-12-07T23:00:00Z,2025-12-07T15:00:00Z,2025-12-07T17:00:00Z,Sun,12,7,Week 7,false,"","","","",FedExForum,TN,Memphis,N,"","",FALSE,1610612763,Grizzlies,Memphis,MEM,grizzlies,11,13,119,0,1610612757,Trail Blazers,Portland,POR,blazers,9,15,96,0,2025-26,00,2,Regular Season
2025-12-07,0022500361,20251207/GSWCHI,3,Final,5,2025-12-07T00:00:00Z,1900-01-01T19:00:00Z,2025-12-07T19:00:00Z,2025-12-07T05:00:00Z,1900-01-01T00:00:00Z,2025-12-08T00:00:00Z,2025-12-07T16:00:00Z,2025-12-07T18:00:00Z,Sun,12,7,Week 7,false,"","","","",United Center,IL,Chicago,N,"","",FALSE,1610612741,Bulls,Chicago,CHI,bulls,9,14,91,0,1610612744,Warriors,Golden State,GSW,warriors,13,12,123,0,2025-26,00,2,Regular Season
2025-12-07,0022500362,20251207/LALPHI,3,Final,6,2025-12-07T00:00:00Z,1900-01-01T19:30:00Z,2025-12-07T19:30:00Z,2025-12-07T05:00:00Z,1900-01-01T00:30:00Z,2025-12-08T00:30:00Z,2025-12-07T16:30:00Z,2025-12-07T19:30:00Z,Sun,12,7,Week 7,false,"","","","",Xfinity Mobile Arena,PA,Philadelphia,N,"","",FALSE,1610612755,76ers,Philadelphia,PHI,sixers,13,10,108,0,1610612747,Lakers,Los Angeles,LAL,lakers,17,6,112,0,2025-26,00,2,Regular Season
2025-12-07,0022500363,20251207/OKCUTA,3,Final,7,2025-12-07T00:00:00Z,1900-01-01T20:00:00Z,2025-12-07T20:00:00Z,2025-12-07T05:00:00Z,1900-01-01T01:00:00Z,2025-12-08T01:00:00Z,2025-12-07T19:00:00Z,2025-12-07T18:00:00Z,Sun,12,7,Week 7,false,"","","","",Delta Center,UT,Salt Lake City,N,"","",FALSE,1610612762,Jazz,Utah,UTA,jazz,8,15,101,0,1610612760,Thunder,Oklahoma City,OKC,thunder,23,1,131,0,2025-26,00,2,Regular Season
2025-12-08,0022500364,20251208/SACIND,3,Final,1,2025-12-08T00:00:00Z,1900-01-01T19:00:00Z,2025-12-08T19:00:00Z,2025-12-08T05:00:00Z,1900-01-01T00:00:00Z,2025-12-09T00:00:00Z,2025-12-08T16:00:00Z,2025-12-08T19:00:00Z,Mon,12,8,Week 8,false,"","","","",Gainbridge Fieldhouse,IN,Indianapolis,N,"","",FALSE,1610612754,Pacers,Indiana,IND,pacers,6,18,116,0,1610612758,Kings,Sacramento,SAC,kings,6,18,105,0,2025-26,00,2,Regular Season
2025-12-08,0022500365,20251208/PHXMIN,3,Final,2,2025-12-08T00:00:00Z,1900-01-01T19:30:00Z,2025-12-08T19:30:00Z,2025-12-08T05:00:00Z,1900-01-01T00:30:00Z,2025-12-09T00:30:00Z,2025-12-08T17:30:00Z,2025-12-08T18:30:00Z,Mon,12,8,Week 8,false,"","","","",Target Center,MN,Minneapolis,N,"","",FALSE,1610612750,Timberwolves,Minnesota,MIN,timberwolves,15,9,105,0,1610612756,Suns,Phoenix,PHX,suns,14,10,108,0,2025-26,00,2,Regular Season
2025-12-08,0022500366,20251208/SASNOP,3,Final,3,2025-12-08T00:00:00Z,1900-01-01T20:00:00Z,2025-12-08T20:00:00Z,2025-12-08T05:00:00Z,1900-01-01T01:00:00Z,2025-12-09T01:00:00Z,2025-12-08T19:00:00Z,2025-12-08T19:00:00Z,Mon,12,8,Week 8,false,"","","","",Smoothie King Center,LA,New Orleans,N,"","",FALSE,1610612740,Pelicans,New Orleans,NOP,pelicans,3,22,132,0,1610612759,Spurs,San Antonio,SAS,spurs,16,7,135,0,2025-26,00,2,Regular Season
2025-12-09,0022501201,20251209/MIAORL,3,Final,1,2025-12-09T00:00:00Z,1900-01-01T18:00:00Z,2025-12-09T18:00:00Z,2025-12-09T05:00:00Z,1900-01-01T23:00:00Z,2025-12-09T23:00:00Z,2025-12-09T18:00:00Z,2025-12-09T18:00:00Z,Tue,12,8,Week 8,false,"",Emirates NBA Cup,East Quarterfinal,"",Kia Center,FL,Orlando,N,"",in-season-knockout,FALSE,1610612753,Magic,Orlando,ORL,magic,15,10,117,1,1610612748,Heat,Miami,MIA,heat,14,11,108,4,2025-26,00,2,Regular Season
2025-12-09,0022501202,20251209/NYKTOR,3,Final,2,2025-12-09T00:00:00Z,1900-01-01T20:30:00Z,2025-12-09T20:30:00Z,2025-12-09T05:00:00Z,1900-01-01T01:30:00Z,2025-12-10T01:30:00Z,2025-12-09T20:30:00Z,2025-12-09T20:30:00Z,Tue,12,8,Week 8,false,"",Emirates NBA Cup,East Quarterfinal,"",Scotiabank Arena,ON,Toronto,N,"",in-season-knockout,FALSE,1610612761,Raptors,Toronto,TOR,raptors,15,11,101,2,1610612752,Knicks,New York,NYK,knicks,17,7,117,3,2025-26,00,2,Regular Season
2025-12-10,0022501203,20251210/PHXOKC,3,Final,1,2025-12-10T00:00:00Z,1900-01-01T19:30:00Z,2025-12-10T19:30:00Z,2025-12-10T05:00:00Z,1900-01-01T00:30:00Z,2025-12-11T00:30:00Z,2025-12-10T17:30:00Z,2025-12-10T18:30:00Z,Wed,12,8,Week 8,false,"",Emirates NBA Cup,West Quarterfinal,"",Paycom Center,OK,Oklahoma City,N,"",in-season-knockout,FALSE,1610612760,Thunder,Oklahoma City,OKC,thunder,24,1,138,1,1610612756,Suns,Phoenix,PHX,suns,14,11,89,4,2025-26,00,2,Regular Season
2025-12-10,0022501204,20251210/SASLAL,3,Final,2,2025-12-10T00:00:00Z,1900-01-01T22:00:00Z,2025-12-10T22:00:00Z,2025-12-10T05:00:00Z,1900-01-01T03:00:00Z,2025-12-11T03:00:00Z,2025-12-10T21:00:00Z,2025-12-10T19:00:00Z,Wed,12,8,Week 8,false,"",Emirates NBA Cup,West Quarterfinal,"",Crypto.com Arena,CA,Los Angeles,N,"",in-season-knockout,FALSE,1610612747,Lakers,Los Angeles,LAL,lakers,17,7,119,2,1610612759,Spurs,San Antonio,SAS,spurs,17,7,132,3,2025-26,00,2,Regular Season
2025-12-11,0022501205,20251211/LACHOU,3,Final,1,2025-12-11T00:00:00Z,1900-01-01T20:00:00Z,2025-12-11T20:00:00Z,2025-12-11T05:00:00Z,1900-01-01T01:00:00Z,2025-12-12T01:00:00Z,2025-12-11T17:00:00Z,2025-12-11T19:00:00Z,Thu,12,8,Week 8,false,"","","","",Toyota Center,TX,Houston,N,"","",FALSE,1610612745,Rockets,Houston,HOU,rockets,16,6,115,0,1610612746,Clippers,LA,LAC,clippers,6,19,113,0,2025-26,00,2,Regular Season
2025-12-11,0022501206,20251211/BOSMIL,3,Final,2,2025-12-11T00:00:00Z,1900-01-01T20:00:00Z,2025-12-11T20:00:00Z,2025-12-11T05:00:00Z,1900-01-01T01:00:00Z,2025-12-12T01:00:00Z,2025-12-11T20:00:00Z,2025-12-11T19:00:00Z,Thu,12,8,Week 8,false,"","","","",Fiserv Forum,WI,Milwaukee,N,"","",FALSE,1610612749,Bucks,Milwaukee,MIL,bucks,11,15,116,0,1610612738,Celtics,Boston,BOS,celtics,15,10,101,0,2025-26,00,2,Regular Season
2025-12-11,0022501207,20251211/PORNOP,3,Final,3,2025-12-11T00:00:00Z,1900-01-01T20:00:00Z,2025-12-11T20:00:00Z,2025-12-11T05:00:00Z,1900-01-01T01:00:00Z,2025-12-12T01:00:00Z,2025-12-11T17:00:00Z,2025-12-11T19:00:00Z,Thu,12,8,Week 8,false,"","","","",Smoothie King Center,LA,New Orleans,N,"","",FALSE,1610612740,Pelicans,New Orleans,NOP,pelicans,4,22,143,0,1610612757,Trail Blazers,Portland,POR,blazers,9,16,120,0,2025-26,00,2,Regular Season
2025-12-11,0022501208,20251211/DENSAC,3,Final,4,2025-12-11T00:00:00Z,1900-01-01T22:00:00Z,2025-12-11T22:00:00Z,2025-12-11T05:00:00Z,1900-01-01T03:00:00Z,2025-12-12T03:00:00Z,2025-12-11T20:00:00Z,2025-12-11T19:00:00Z,Thu,12,8,Week 8,false,"","","","",Golden 1 Center,CA,Sacramento,N,"","",FALSE,1610612758,Kings,Sacramento,SAC,kings,6,19,105,0,1610612743,Nuggets,Denver,DEN,nuggets,18,6,136,0,2025-26,00,2,Regular Season
2025-12-12,0022501209,20251212/CHICHA,3,Final,1,2025-12-12T00:00:00Z,1900-01-01T19:00:00Z,2025-12-12T19:00:00Z,2025-12-12T05:00:00Z,1900-01-01T00:00:00Z,2025-12-13T00:00:00Z,2025-12-12T18:00:00Z,2025-12-12T19:00:00Z,Fri,12,8,Week 8,false,"","","","",Spectrum Center,NC,Charlotte,N,"","",FALSE,1610612766,Hornets,Charlotte,CHA,hornets,7,18,126,0,1610612741,Bulls,Chicago,CHI,bulls,10,14,129,0,2025-26,00,2,Regular Season
2025-12-12,0022501210,20251212/ATLDET,3,Final,2,2025-12-12T00:00:00Z,1900-01-01T19:00:00Z,2025-12-12T19:00:00Z,2025-12-12T05:00:00Z,1900-01-01T00:00:00Z,2025-12-13T00:00:00Z,2025-12-12T19:00:00Z,2025-12-12T19:00:00Z,Fri,12,8,Week 8,false,"","","","",Little Caesars Arena,MI,Detroit,N,"","",FALSE,1610612765,Pistons,Detroit,DET,pistons,20,5,142,0,1610612737,Hawks,Atlanta,ATL,hawks,14,12,115,0,2025-26,00,2,Regular Season
2025-12-12,0022501211,20251212/INDPHI,3,Final,3,2025-12-12T00:00:00Z,1900-01-01T19:00:00Z,2025-12-12T19:00:00Z,2025-12-12T05:00:00Z,1900-01-01T00:00:00Z,2025-12-13T00:00:00Z,2025-12-12T19:00:00Z,2025-12-12T19:00:00Z,Fri,12,8,Week 8,false,"","","","",Xfinity Mobile Arena,PA,Philadelphia,N,"","",FALSE,1610612755,76ers,Philadelphia,PHI,sixers,14,10,115,0,1610612754,Pacers,Indiana,IND,pacers,6,19,105,0,2025-26,00,2,Regular Season
2025-12-12,0022501212,20251212/CLEWAS,3,Final,4,2025-12-12T00:00:00Z,1900-01-01T19:00:00Z,2025-12-12T19:00:00Z,2025-12-12T05:00:00Z,1900-01-01T00:00:00Z,2025-12-13T00:00:00Z,2025-12-12T19:00:00Z,2025-12-12T19:00:00Z,Fri,12,8,Week 8,false,"","","","",Capital One Arena,DC,Washington,N,"","",FALSE,1610612764,Wizards,Washington,WAS,wizards,3,20,126,0,1610612739,Cavaliers,Cleveland,CLE,cavaliers,15,11,130,0,2025-26,00,2,Regular Season
2025-12-12,0022501213,20251212/UTAMEM,3,Final,5,2025-12-12T00:00:00Z,1900-01-01T20:00:00Z,2025-12-12T20:00:00Z,2025-12-12T05:00:00Z,1900-01-01T01:00:00Z,2025-12-13T01:00:00Z,2025-12-12T18:00:00Z,2025-12-12T19:00:00Z,Fri,12,8,Week 8,false,"","","","",FedExForum,TN,Memphis,N,"","",FALSE,1610612763,Grizzlies,Memphis,MEM,grizzlies,11,14,126,0,1610612762,Jazz,Utah,UTA,jazz,9,15,130,0,2025-26,00,2,Regular Season
2025-12-12,0022501214,20251212/BKNDAL,3,Final,6,2025-12-12T00:00:00Z,1900-01-01T20:30:00Z,2025-12-12T20:30:00Z,2025-12-12T05:00:00Z,1900-01-01T01:30:00Z,2025-12-13T01:30:00Z,2025-12-12T20:30:00Z,2025-12-12T19:30:00Z,Fri,12,8,Week 8,false,"","","","",American Airlines Center,TX,Dallas,N,"","",FALSE,1610612742,Mavericks,Dallas,DAL,mavericks,10,16,119,0,1610612751,Nets,Brooklyn,BKN,nets,6,18,111,0,2025-26,00,2,Regular Season
2025-12-12,0022501215,20251212/MINGSW,3,Final,7,2025-12-12T00:00:00Z,1900-01-01T22:00:00Z,2025-12-12T22:00:00Z,2025-12-12T05:00:00Z,1900-01-01T03:00:00Z,2025-12-13T03:00:00Z,2025-12-12T21:00:00Z,2025-12-12T19:00:00Z,Fri,12,8,Week 8,false,"","","","",Chase Center,CA,San Francisco,N,"","",FALSE,1610612744,Warriors,Golden State,GSW,warriors,13,13,120,0,1610612750,Timberwolves,Minnesota,MIN,timberwolves,16,9,127,0,2025-26,00,2,Regular Season
2025-12-13,0022501229,20251213/NYKORL,3,Final,1,2025-12-13T00:00:00Z,1900-01-01T17:30:00Z,2025-12-13T17:30:00Z,2025-12-13T05:00:00Z,1900-01-01T22:30:00Z,2025-12-13T22:30:00Z,2025-12-13T17:30:00Z,2025-12-13T17:30:00Z,Sat,12,8,Week 8,false,"",Emirates NBA Cup,East Semifinal,Neutral Site,T-Mobile Arena,NV,Las Vegas,N,"",in-season-knockout,TRUE,1610612753,Magic,Orlando,ORL,magic,15,11,120,1,1610612752,Knicks,New York,NYK,knicks,18,7,132,3,2025-26,00,2,Regular Season
2025-12-13,0022501230,20251213/SASOKC,3,Final,2,2025-12-13T00:00:00Z,1900-01-01T21:00:00Z,2025-12-13T21:00:00Z,2025-12-13T05:00:00Z,1900-01-01T02:00:00Z,2025-12-14T02:00:00Z,2025-12-13T20:00:00Z,2025-12-13T20:00:00Z,Sat,12,8,Week 8,false,"",Emirates NBA Cup,West Semifinal,Neutral Site,T-Mobile Arena,NV,Las Vegas,N,"",in-season-knockout,TRUE,1610612760,Thunder,Oklahoma City,OKC,thunder,24,2,109,1,1610612759,Spurs,San Antonio,SAS,spurs,18,7,111,3,2025-26,00,2,Regular Season
2025-12-14,0022501216,20251214/WASIND,3,Final,1,2025-12-14T00:00:00Z,1900-01-01T15:00:00Z,2025-12-14T15:00:00Z,2025-12-14T05:00:00Z,1900-01-01T20:00:00Z,2025-12-14T20:00:00Z,2025-12-14T15:00:00Z,2025-12-14T15:00:00Z,Sun,12,8,Week 8,false,"","","","",Gainbridge Fieldhouse,IN,Indianapolis,N,"","",FALSE,1610612754,Pacers,Indiana,IND,pacers,6,20,89,0,1610612764,Wizards,Washington,WAS,wizards,4,20,108,0,2025-26,00,2,Regular Season
2025-12-14,0022501217,20251214/PHIATL,3,Final,3,2025-12-14T00:00:00Z,1900-01-01T18:00:00Z,2025-12-14T18:00:00Z,2025-12-14T05:00:00Z,1900-01-01T23:00:00Z,2025-12-14T23:00:00Z,2025-12-14T18:00:00Z,2025-12-14T18:00:00Z,Sun,12,8,Week 8,false,"","","","",State Farm Arena,GA,Atlanta,N,"","",FALSE,1610612737,Hawks,Atlanta,ATL,hawks,15,12,120,0,1610612755,76ers,Philadelphia,PHI,sixers,14,11,117,0,2025-26,00,2,Regular Season
2025-12-14,0022501218,20251214/CHACLE,3,Final/OT,2,2025-12-14T00:00:00Z,1900-01-01T15:30:00Z,2025-12-14T15:30:00Z,2025-12-14T05:00:00Z,1900-01-01T20:30:00Z,2025-12-14T20:30:00Z,2025-12-14T15:30:00Z,2025-12-14T15:30:00Z,Sun,12,8,Week 8,false,"","","","",Rocket Arena,OH,Cleveland,N,"","",FALSE,1610612739,Cavaliers,Cleveland,CLE,cavaliers,15,12,111,0,1610612766,Hornets,Charlotte,CHA,hornets,8,18,119,0,2025-26,00,2,Regular Season
2025-12-14,0022501219,20251214/MILBKN,3,Final,4,2025-12-14T00:00:00Z,1900-01-01T18:00:00Z,2025-12-14T18:00:00Z,2025-12-14T05:00:00Z,1900-01-01T23:00:00Z,2025-12-14T23:00:00Z,2025-12-14T17:00:00Z,2025-12-14T18:00:00Z,Sun,12,8,Week 8,false,"","","","",Barclays Center,NY,Brooklyn,N,"","",FALSE,1610612751,Nets,Brooklyn,BKN,nets,7,18,127,0,1610612749,Bucks,Milwaukee,MIL,bucks,11,16,82,0,2025-26,00,2,Regular Season
2025-12-14,0022501220,20251214/SACMIN,3,Final,5,2025-12-14T00:00:00Z,1900-01-01T19:00:00Z,2025-12-14T19:00:00Z,2025-12-14T05:00:00Z,1900-01-01T00:00:00Z,2025-12-15T00:00:00Z,2025-12-14T16:00:00Z,2025-12-14T18:00:00Z,Sun,12,8,Week 8,false,"","","","",Target Center,MN,Minneapolis,N,"","",FALSE,1610612750,Timberwolves,Minnesota,MIN,timberwolves,17,9,117,0,1610612758,Kings,Sacramento,SAC,kings,6,20,103,0,2025-26,00,2,Regular Season
2025-12-14,0022501221,20251214/GSWPOR,3,Final,8,2025-12-14T00:00:00Z,1900-01-01T21:00:00Z,2025-12-14T21:00:00Z,2025-12-14T05:00:00Z,1900-01-01T02:00:00Z,2025-12-15T02:00:00Z,2025-12-14T18:00:00Z,2025-12-14T18:00:00Z,Sun,12,8,Week 8,false,"","","","",Moda Center,OR,Portland,N,"","",FALSE,1610612757,Trail Blazers,Portland,POR,blazers,10,16,136,0,1610612744,Warriors,Golden State,GSW,warriors,13,14,131,0,2025-26,00,2,Regular Season
2025-12-14,0022501223,20251214/NOPCHI,3,Final,6,2025-12-14T00:00:00Z,1900-01-01T19:00:00Z,2025-12-14T19:00:00Z,2025-12-14T05:00:00Z,1900-01-01T00:00:00Z,2025-12-15T00:00:00Z,2025-12-14T18:00:00Z,2025-12-14T18:00:00Z,Sun,12,8,Week 8,false,"","","","",United Center,IL,Chicago,N,"","",FALSE,1610612741,Bulls,Chicago,CHI,bulls,10,15,104,0,1610612740,Pelicans,New Orleans,NOP,pelicans,5,22,114,0,2025-26,00,2,Regular Season
2025-12-14,0022501228,20251214/LALPHX,3,Final,7,2025-12-14T00:00:00Z,1900-01-01T20:00:00Z,2025-12-14T20:00:00Z,2025-12-14T05:00:00Z,1900-01-01T01:00:00Z,2025-12-15T01:00:00Z,2025-12-14T17:00:00Z,2025-12-14T18:00:00Z,Sun,12,8,Week 8,false,"","","","",Mortgage Matchup Center,AZ,Phoenix,N,"","",FALSE,1610612756,Suns,Phoenix,PHX,suns,14,12,114,0,1610612747,Lakers,Los Angeles,LAL,lakers,18,7,116,0,2025-26,00,2,Regular Season
2025-12-15,0022501222,20251215/DETBOS,3,Final,1,2025-12-15T00:00:00Z,1900-01-01T19:00:00Z,2025-12-15T19:00:00Z,2025-12-15T05:00:00Z,1900-01-01T00:00:00Z,2025-12-16T00:00:00Z,2025-12-15T19:00:00Z,2025-12-15T19:00:00Z,Mon,12,9,Week 9,false,"","","","",TD Garden,MA,Boston,N,"","",FALSE,1610612738,Celtics,Boston,BOS,celtics,15,11,105,0,1610612765,Pistons,Detroit,DET,pistons,21,5,112,0,2025-26,00,2,Regular Season
2025-12-15,0022501224,20251215/DALUTA,3,Final/OT,3,2025-12-15T00:00:00Z,1900-01-01T21:00:00Z,2025-12-15T21:00:00Z,2025-12-15T05:00:00Z,1900-01-01T02:00:00Z,2025-12-16T02:00:00Z,2025-12-15T20:00:00Z,2025-12-15T19:00:00Z,Mon,12,9,Week 9,false,"","","","",Delta Center,UT,Salt Lake City,N,"","",FALSE,1610612762,Jazz,Utah,UTA,jazz,10,15,140,0,1610612742,Mavericks,Dallas,DAL,mavericks,10,17,133,0,2025-26,00,2,Regular Season
2025-12-15,0022501225,20251215/HOUDEN,3,Final/OT,4,2025-12-15T00:00:00Z,1900-01-01T21:30:00Z,2025-12-15T21:30:00Z,2025-12-15T05:00:00Z,1900-01-01T02:30:00Z,2025-12-16T02:30:00Z,2025-12-15T20:30:00Z,2025-12-15T19:30:00Z,Mon,12,9,Week 9,false,"","","","",Ball Arena,CO,Denver,N,"","",FALSE,1610612743,Nuggets,Denver,DEN,nuggets,19,6,128,0,1610612745,Rockets,Houston,HOU,rockets,16,7,125,0,2025-26,00,2,Regular Season
2025-12-15,0022501226,20251215/MEMLAC,3,Final,5,2025-12-15T00:00:00Z,1900-01-01T22:30:00Z,2025-12-15T22:30:00Z,2025-12-15T05:00:00Z,1900-01-01T03:30:00Z,2025-12-16T03:30:00Z,2025-12-15T21:30:00Z,2025-12-15T19:30:00Z,Mon,12,9,Week 9,false,"","","","",Intuit Dome,CA,Inglewood,N,"","",FALSE,1610612746,Clippers,LA,LAC,clippers,6,20,103,0,1610612763,Grizzlies,Memphis,MEM,grizzlies,12,14,121,0,2025-26,00,2,Regular Season
2025-12-15,0022501227,20251215/TORMIA,3,Final,2,2025-12-15T00:00:00Z,1900-01-01T19:30:00Z,2025-12-15T19:30:00Z,2025-12-15T05:00:00Z,1900-01-01T00:30:00Z,2025-12-16T00:30:00Z,2025-12-15T19:30:00Z,2025-12-15T19:30:00Z,Mon,12,9,Week 9,false,"","","","",Kaseya Center,FL,Miami,N,"","",FALSE,1610612748,Heat,Miami,MIA,heat,14,12,96,0,1610612761,Raptors,Toronto,TOR,raptors,16,11,106,0,2025-26,00,2,Regular Season
2025-12-16,0062500001,20251216/SASNYK,3,Final,1,2025-12-16T00:00:00Z,1900-01-01T20:30:00Z,2025-12-16T20:30:00Z,2025-12-16T05:00:00Z,1900-01-01T01:30:00Z,2025-12-17T01:30:00Z,2025-12-16T19:30:00Z,2025-12-16T20:30:00Z,Tue,12,9,Week 9,false,"",Emirates NBA Cup,Championship,Neutral Site,T-Mobile Arena,NV,Las Vegas,N,"",in-season-knockout,TRUE,1610612752,Knicks,New York,NYK,knicks,1,0,124,3,1610612759,Spurs,San Antonio,SAS,spurs,0,1,113,3,2025-26,00,6,
2025-12-17,0022500367,20251217/CLECHI,3,Final,1,2025-12-17T00:00:00Z,1900-01-01T20:00:00Z,2025-12-17T20:00:00Z,2025-12-17T05:00:00Z,1900-01-01T01:00:00Z,2025-12-18T01:00:00Z,2025-12-17T20:00:00Z,2025-12-17T19:00:00Z,Wed,12,9,Week 9,false,"","","","",United Center,IL,Chicago,N,"","",FALSE,1610612741,Bulls,Chicago,CHI,bulls,11,15,127,0,1610612739,Cavaliers,Cleveland,CLE,cavaliers,15,13,111,0,2025-26,00,2,Regular Season
2025-12-17,0022500368,20251217/MEMMIN,3,Final,2,2025-12-17T00:00:00Z,1900-01-01T20:00:00Z,2025-12-17T20:00:00Z,2025-12-17T05:00:00Z,1900-01-01T01:00:00Z,2025-12-18T01:00:00Z,2025-12-17T19:00:00Z,2025-12-17T19:00:00Z,Wed,12,9,Week 9,false,"","","","",Target Center,MN,Minneapolis,N,"","",FALSE,1610612750,Timberwolves,Minnesota,MIN,timberwolves,17,10,110,0,1610612763,Grizzlies,Memphis,MEM,grizzlies,13,14,116,0,2025-26,00,2,Regular Season
2025-12-18,0022500369,20251218/LACOKC,3,Final,4,2025-12-18T00:00:00Z,1900-01-01T20:00:00Z,2025-12-18T20:00:00Z,2025-12-18T05:00:00Z,1900-01-01T01:00:00Z,2025-12-19T01:00:00Z,2025-12-18T17:00:00Z,2025-12-18T19:00:00Z,Thu,12,9,Week 9,false,"","","","",Paycom Center,OK,Oklahoma City,N,"","",FALSE,1610612760,Thunder,Oklahoma City,OKC,thunder,25,2,122,0,1610612746,Clippers,LA,LAC,clippers,6,21,101,0,2025-26,00,2,Regular Season
2025-12-18,0022500370,20251218/WASSAS,3,Final,5,2025-12-18T00:00:00Z,1900-01-01T20:00:00Z,2025-12-18T20:00:00Z,2025-12-18T05:00:00Z,1900-01-01T01:00:00Z,2025-12-19T01:00:00Z,2025-12-18T20:00:00Z,2025-12-18T19:00:00Z,Thu,12,9,Week 9,false,"","","","",Frost Bank Center,TX,San Antonio,N,"","",FALSE,1610612759,Spurs,San Antonio,SAS,spurs,19,7,119,0,1610612764,Wizards,Washington,WAS,wizards,4,21,94,0,2025-26,00,2,Regular Season
2025-12-18,0022500371,20251218/ATLCHA,3,Final,1,2025-12-18T00:00:00Z,1900-01-01T19:00:00Z,2025-12-18T19:00:00Z,2025-12-18T05:00:00Z,1900-01-01T00:00:00Z,2025-12-19T00:00:00Z,2025-12-18T19:00:00Z,2025-12-18T19:00:00Z,Thu,12,9,Week 9,false,"","","","",Spectrum Center,NC,Charlotte,N,"","",FALSE,1610612766,Hornets,Charlotte,CHA,hornets,9,18,133,0,1610612737,Hawks,Atlanta,ATL,hawks,15,13,126,0,2025-26,00,2,Regular Season
2025-12-18,0022500372,20251218/NYKIND,3,Final,2,2025-12-18T00:00:00Z,1900-01-01T19:00:00Z,2025-12-18T19:00:00Z,2025-12-18T05:00:00Z,1900-01-01T00:00:00Z,2025-12-19T00:00:00Z,2025-12-18T19:00:00Z,2025-12-18T19:00:00Z,Thu,12,9,Week 9,false,"","","","",Gainbridge Fieldhouse,IN,Indianapolis,N,"","",FALSE,1610612754,Pacers,Indiana,IND,pacers,6,21,113,0,1610612752,Knicks,New York,NYK,knicks,19,7,114,0,2025-26,00,2,Regular Season
2025-12-18,0022500373,20251218/MIABKN,3,Final,3,2025-12-18T00:00:00Z,1900-01-01T19:30:00Z,2025-12-18T19:30:00Z,2025-12-18T05:00:00Z,1900-01-01T00:30:00Z,2025-12-19T00:30:00Z,2025-12-18T19:30:00Z,2025-12-18T19:30:00Z,Thu,12,9,Week 9,false,"","","","",Barclays Center,NY,Brooklyn,N,"","",FALSE,1610612751,Nets,Brooklyn,BKN,nets,7,19,95,0,1610612748,Heat,Miami,MIA,heat,15,12,106,0,2025-26,00,2,Regular Season
2025-12-18,0022500374,20251218/TORMIL,3,Final,6,2025-12-18T00:00:00Z,1900-01-01T20:00:00Z,2025-12-18T20:00:00Z,2025-12-18T05:00:00Z,1900-01-01T01:00:00Z,2025-12-19T01:00:00Z,2025-12-18T20:00:00Z,2025-12-18T19:00:00Z,Thu,12,9,Week 9,false,"","","","",Fiserv Forum,WI,Milwaukee,N,"","",FALSE,1610612749,Bucks,Milwaukee,MIL,bucks,11,17,105,0,1610612761,Raptors,Toronto,TOR,raptors,17,11,111,0,2025-26,00,2,Regular Season
2025-12-18,0022500375,20251218/HOUNOP,3,Final/OT,7,2025-12-18T00:00:00Z,1900-01-01T20:00:00Z,2025-12-18T20:00:00Z,2025-12-18T05:00:00Z,1900-01-01T01:00:00Z,2025-12-19T01:00:00Z,2025-12-18T19:00:00Z,2025-12-18T19:00:00Z,Thu,12,9,Week 9,false,"","","","",Smoothie King Center,LA,New Orleans,N,"","",FALSE,1610612740,Pelicans,New Orleans,NOP,pelicans,6,22,133,0,1610612745,Rockets,Houston,HOU,rockets,16,8,128,0,2025-26,00,2,Regular Season
2025-12-18,0022500376,20251218/DETDAL,3,Final/OT,8,2025-12-18T00:00:00Z,1900-01-01T20:30:00Z,2025-12-18T20:30:00Z,2025-12-18T05:00:00Z,1900-01-01T01:30:00Z,2025-12-19T01:30:00Z,2025-12-18T20:30:00Z,2025-12-18T19:30:00Z,Thu,12,9,Week 9,false,"","","","",American Airlines Center,TX,Dallas,N,"","",FALSE,1610612742,Mavericks,Dallas,DAL,mavericks,11,17,116,0,1610612765,Pistons,Detroit,DET,pistons,21,6,114,0,2025-26,00,2,Regular Season
2025-12-18,0022500377,20251218/ORLDEN,3,Final,9,2025-12-18T00:00:00Z,1900-01-01T21:00:00Z,2025-12-18T21:00:00Z,2025-12-18T05:00:00Z,1900-01-01T02:00:00Z,2025-12-19T02:00:00Z,2025-12-18T21:00:00Z,2025-12-18T19:00:00Z,Thu,12,9,Week 9,false,"","","","",Ball Arena,CO,Denver,N,"","",FALSE,1610612743,Nuggets,Denver,DEN,nuggets,20,6,126,0,1610612753,Magic,Orlando,ORL,magic,15,12,115,0,2025-26,00,2,Regular Season
2025-12-18,0022500378,20251218/GSWPHX,3,Final,10,2025-12-18T00:00:00Z,1900-01-01T21:00:00Z,2025-12-18T21:00:00Z,2025-12-18T05:00:00Z,1900-01-01T02:00:00Z,2025-12-19T02:00:00Z,2025-12-18T18:00:00Z,2025-12-18T19:00:00Z,Thu,12,9,Week 9,false,"","","","",Mortgage Matchup Center,AZ,Phoenix,N,"","",FALSE,1610612756,Suns,Phoenix,PHX,suns,15,12,99,0,1610612744,Warriors,Golden State,GSW,warriors,13,15,98,0,2025-26,00,2,Regular Season
2025-12-18,0022500379,20251218/LALUTA,3,Final,11,2025-12-18T00:00:00Z,1900-01-01T21:00:00Z,2025-12-18T21:00:00Z,2025-12-18T05:00:00Z,1900-01-01T02:00:00Z,2025-12-19T02:00:00Z,2025-12-18T18:00:00Z,2025-12-18T19:00:00Z,Thu,12,9,Week 9,false,"","","","",Delta Center,UT,Salt Lake City,N,"","",FALSE,1610612762,Jazz,Utah,UTA,jazz,10,16,135,0,1610612747,Lakers,Los Angeles,LAL,lakers,19,7,143,0,2025-26,00,2,Regular Season
2025-12-18,0022500380,20251218/SACPOR,3,Final/OT,12,2025-12-18T00:00:00Z,1900-01-01T22:00:00Z,2025-12-18T22:00:00Z,2025-12-18T05:00:00Z,1900-01-01T03:00:00Z,2025-12-19T03:00:00Z,2025-12-18T19:00:00Z,2025-12-18T19:00:00Z,Thu,12,9,Week 9,false,"","","","",Moda Center,OR,Portland,N,"","",FALSE,1610612757,Trail Blazers,Portland,POR,blazers,11,16,134,0,1610612758,Kings,Sacramento,SAC,kings,6,21,133,0,2025-26,00,2,Regular Season
2025-12-19,0022500381,20251219/MIABOS,3,Final,1,2025-12-19T00:00:00Z,1900-01-01T19:00:00Z,2025-12-19T19:00:00Z,2025-12-19T05:00:00Z,1900-01-01T00:00:00Z,2025-12-20T00:00:00Z,2025-12-19T19:00:00Z,2025-12-19T19:00:00Z,Fri,12,9,Week 9,false,"","","","",TD Garden,MA,Boston,N,"","",FALSE,1610612738,Celtics,Boston,BOS,celtics,16,11,129,0,1610612748,Heat,Miami,MIA,heat,15,13,116,0,2025-26,00,2,Regular Season
2025-12-19,0022500382,20251219/PHINYK,3,Final,2,2025-12-19T00:00:00Z,1900-01-01T19:00:00Z,2025-12-19T19:00:00Z,2025-12-19T05:00:00Z,1900-01-01T00:00:00Z,2025-12-20T00:00:00Z,2025-12-19T19:00:00Z,2025-12-19T19:00:00Z,Fri,12,9,Week 9,false,"","","","",Madison Square Garden,NY,New York,N,"","",FALSE,1610612752,Knicks,New York,NYK,knicks,19,8,107,0,1610612755,76ers,Philadelphia,PHI,sixers,15,11,116,0,2025-26,00,2,Regular Season
2025-12-19,0022500383,20251219/SASATL,3,Final,3,2025-12-19T00:00:00Z,1900-01-01T19:30:00Z,2025-12-19T19:30:00Z,2025-12-19T05:00:00Z,1900-01-01T00:30:00Z,2025-12-20T00:30:00Z,2025-12-19T18:30:00Z,2025-12-19T19:30:00Z,Fri,12,9,Week 9,false,"","","","",State Farm Arena,GA,Atlanta,N,"","",FALSE,1610612737,Hawks,Atlanta,ATL,hawks,15,14,98,0,1610612759,Spurs,San Antonio,SAS,spurs,20,7,126,0,2025-26,00,2,Regular Season
2025-12-19,0022500384,20251219/CHICLE,3,Final,4,2025-12-19T00:00:00Z,1900-01-01T19:30:00Z,2025-12-19T19:30:00Z,2025-12-19T05:00:00Z,1900-01-01T00:30:00Z,2025-12-20T00:30:00Z,2025-12-19T18:30:00Z,2025-12-19T19:30:00Z,Fri,12,9,Week 9,false,"","","","",Rocket Arena,OH,Cleveland,N,"","",FALSE,1610612739,Cavaliers,Cleveland,CLE,cavaliers,15,14,125,0,1610612741,Bulls,Chicago,CHI,bulls,12,15,136,0,2025-26,00,2,Regular Season
2025-12-19,0022500385,20251219/OKCMIN,3,Final,5,2025-12-19T00:00:00Z,1900-01-01T21:30:00Z,2025-12-19T21:30:00Z,2025-12-19T05:00:00Z,1900-01-01T02:30:00Z,2025-12-20T02:30:00Z,2025-12-19T20:30:00Z,2025-12-19T20:30:00Z,Fri,12,9,Week 9,false,"","","","",Target Center,MN,Minneapolis,N,"","",FALSE,1610612750,Timberwolves,Minnesota,MIN,timberwolves,18,10,112,0,1610612760,Thunder,Oklahoma City,OKC,thunder,25,3,107,0,2025-26,00,2,Regular Season
2025-12-20,0022500386,20251220/HOUDEN,3,Final,1,2025-12-20T00:00:00Z,1900-01-01T17:00:00Z,2025-12-20T17:00:00Z,2025-12-20T05:00:00Z,1900-01-01T22:00:00Z,2025-12-20T22:00:00Z,2025-12-20T16:00:00Z,2025-12-20T15:00:00Z,Sat,12,9,Week 9,false,"","","","",Ball Arena,CO,Denver,N,"","",FALSE,1610612743,Nuggets,Denver,DEN,nuggets,20,7,101,0,1610612745,Rockets,Houston,HOU,rockets,17,8,115,0,2025-26,00,2,Regular Season
2025-12-20,0022500387,20251220/DALPHI,3,Final,2,2025-12-20T00:00:00Z,1900-01-01T19:00:00Z,2025-12-20T19:00:00Z,2025-12-20T05:00:00Z,1900-01-01T00:00:00Z,2025-12-21T00:00:00Z,2025-12-20T18:00:00Z,2025-12-20T19:00:00Z,Sat,12,9,Week 9,false,"","","","",Xfinity Mobile Arena,PA,Philadelphia,N,"","",FALSE,1610612755,76ers,Philadelphia,PHI,sixers,16,11,121,0,1610612742,Mavericks,Dallas,DAL,mavericks,11,18,114,0,2025-26,00,2,Regular Season
2025-12-20,0022500388,20251220/BOSTOR,3,Final,3,2025-12-20T00:00:00Z,1900-01-01T19:00:00Z,2025-12-20T19:00:00Z,2025-12-20T05:00:00Z,1900-01-01T00:00:00Z,2025-12-21T00:00:00Z,2025-12-20T19:00:00Z,2025-12-20T19:00:00Z,Sat,12,9,Week 9,false,"","","","",Scotiabank Arena,ON,Toronto,N,"","",FALSE,1610612761,Raptors,Toronto,TOR,raptors,17,12,96,0,1610612738,Celtics,Boston,BOS,celtics,17,11,112,0,2025-26,00,2,Regular Season
2025-12-20,0022500389,20251220/INDNOP,3,Final,4,2025-12-20T00:00:00Z,1900-01-01T19:00:00Z,2025-12-20T19:00:00Z,2025-12-20T05:00:00Z,1900-01-01T00:00:00Z,2025-12-21T00:00:00Z,2025-12-20T19:00:00Z,2025-12-20T18:00:00Z,Sat,12,9,Week 9,false,"","","","",Smoothie King Center,LA,New Orleans,N,"","",FALSE,1610612740,Pelicans,New Orleans,NOP,pelicans,7,22,128,0,1610612754,Pacers,Indiana,IND,pacers,6,22,109,0,2025-26,00,2,Regular Season
2025-12-20,0022500390,20251220/CHADET,3,Final,5,2025-12-20T00:00:00Z,1900-01-01T19:30:00Z,2025-12-20T19:30:00Z,2025-12-20T05:00:00Z,1900-01-01T00:30:00Z,2025-12-21T00:30:00Z,2025-12-20T19:30:00Z,2025-12-20T19:30:00Z,Sat,12,9,Week 9,false,"","","","",Little Caesars Arena,MI,Detroit,N,"","",FALSE,1610612765,Pistons,Detroit,DET,pistons,22,6,112,0,1610612766,Hornets,Charlotte,CHA,hornets,9,19,86,0,2025-26,00,2,Regular Season
2025-12-20,0022500391,20251220/WASMEM,3,Final,6,2025-12-20T00:00:00Z,1900-01-01T20:00:00Z,2025-12-20T20:00:00Z,2025-12-20T05:00:00Z,1900-01-01T01:00:00Z,2025-12-21T01:00:00Z,2025-12-20T20:00:00Z,2025-12-20T19:00:00Z,Sat,12,9,Week 9,false,"","","","",FedExForum,TN,Memphis,N,"","",FALSE,1610612763,Grizzlies,Memphis,MEM,grizzlies,13,15,122,0,1610612764,Wizards,Washington,WAS,wizards,5,21,130,0,2025-26,00,2,Regular Season
2025-12-20,0022500392,20251220/PHXGSW,3,Final,7,2025-12-20T00:00:00Z,1900-01-01T20:30:00Z,2025-12-20T20:30:00Z,2025-12-20T05:00:00Z,1900-01-01T01:30:00Z,2025-12-21T01:30:00Z,2025-12-20T18:30:00Z,2025-12-20T17:30:00Z,Sat,12,9,Week 9,false,"","","","",Chase Center,CA,San Francisco,N,"","",FALSE,1610612744,Warriors,Golden State,GSW,warriors,14,15,119,0,1610612756,Suns,Phoenix,PHX,suns,15,13,116,0,2025-26,00,2,Regular Season
2025-12-20,0022500393,20251220/ORLUTA,3,Final/OT,8,2025-12-20T00:00:00Z,1900-01-01T21:30:00Z,2025-12-20T21:30:00Z,2025-12-20T05:00:00Z,1900-01-01T02:30:00Z,2025-12-21T02:30:00Z,2025-12-20T21:30:00Z,2025-12-20T19:30:00Z,Sat,12,9,Week 9,false,"","","","",Delta Center,UT,Salt Lake City,N,"","",FALSE,1610612762,Jazz,Utah,UTA,jazz,10,17,127,0,1610612753,Magic,Orlando,ORL,magic,16,12,128,0,2025-26,00,2,Regular Season
2025-12-20,0022500394,20251220/PORSAC,3,Final,9,2025-12-20T00:00:00Z,1900-01-01T22:00:00Z,2025-12-20T22:00:00Z,2025-12-20T05:00:00Z,1900-01-01T03:00:00Z,2025-12-21T03:00:00Z,2025-12-20T19:00:00Z,2025-12-20T19:00:00Z,Sat,12,9,Week 9,false,"","","","",Golden 1 Center,CA,Sacramento,N,"","",FALSE,1610612758,Kings,Sacramento,SAC,kings,6,22,93,0,1610612757,Trail Blazers,Portland,POR,blazers,12,16,98,0,2025-26,00,2,Regular Season
2025-12-20,0022500395,20251220/LALLAC,3,Final,10,2025-12-20T00:00:00Z,1900-01-01T22:30:00Z,2025-12-20T22:30:00Z,2025-12-20T05:00:00Z,1900-01-01T03:30:00Z,2025-12-21T03:30:00Z,2025-12-20T19:30:00Z,2025-12-20T19:30:00Z,Sat,12,9,Week 9,false,"","","","",Intuit Dome,CA,Inglewood,N,"","",FALSE,1610612746,Clippers,LA,LAC,clippers,7,21,103,0,1610612747,Lakers,Los Angeles,LAL,lakers,19,8,88,0,2025-26,00,2,Regular Season
2025-12-21,0022500396,20251221/CHIATL,3,Final,1,2025-12-21T00:00:00Z,1900-01-01T15:30:00Z,2025-12-21T15:30:00Z,2025-12-21T05:00:00Z,1900-01-01T20:30:00Z,2025-12-21T20:30:00Z,2025-12-21T14:30:00Z,2025-12-21T15:30:00Z,Sun,12,9,Week 9,false,"","","","",State Farm Arena,GA,Atlanta,N,"","",FALSE,1610612737,Hawks,Atlanta,ATL,hawks,15,15,150,0,1610612741,Bulls,Chicago,CHI,bulls,13,15,152,0,2025-26,00,2,Regular Season
2025-12-21,0022500397,20251221/TORBKN,3,Final,2,2025-12-21T00:00:00Z,1900-01-01T18:00:00Z,2025-12-21T18:00:00Z,2025-12-21T05:00:00Z,1900-01-01T23:00:00Z,2025-12-21T23:00:00Z,2025-12-21T18:00:00Z,2025-12-21T18:00:00Z,Sun,12,9,Week 9,false,"","","","",Barclays Center,NY,Brooklyn,N,"","",FALSE,1610612751,Nets,Brooklyn,BKN,nets,8,19,96,0,1610612761,Raptors,Toronto,TOR,raptors,17,13,81,0,2025-26,00,2,Regular Season
2025-12-21,0022500398,20251221/MIANYK,3,Final,3,2025-12-21T00:00:00Z,1900-01-01T18:00:00Z,2025-12-21T18:00:00Z,2025-12-21T05:00:00Z,1900-01-01T23:00:00Z,2025-12-21T23:00:00Z,2025-12-21T18:00:00Z,2025-12-21T18:00:00Z,Sun,12,9,Week 9,false,"","","","",Madison Square Garden,NY,New York,N,"","",FALSE,1610612752,Knicks,New York,NYK,knicks,20,8,132,0,1610612748,Heat,Miami,MIA,heat,15,14,125,0,2025-26,00,2,Regular Season
2025-12-21,0022500399,20251221/SASWAS,3,Final,4,2025-12-21T00:00:00Z,1900-01-01T19:00:00Z,2025-12-21T19:00:00Z,2025-12-21T05:00:00Z,1900-01-01T00:00:00Z,2025-12-22T00:00:00Z,2025-12-21T18:00:00Z,2025-12-21T19:00:00Z,Sun,12,9,Week 9,false,"","","","",Capital One Arena,DC,Washington,N,"","",FALSE,1610612764,Wizards,Washington,WAS,wizards,5,22,113,0,1610612759,Spurs,San Antonio,SAS,spurs,21,7,124,0,2025-26,00,2,Regular Season
2025-12-21,0022500400,20251221/MILMIN,3,Final,5,2025-12-21T00:00:00Z,1900-01-01T19:00:00Z,2025-12-21T19:00:00Z,2025-12-21T05:00:00Z,1900-01-01T00:00:00Z,2025-12-22T00:00:00Z,2025-12-21T18:00:00Z,2025-12-21T18:00:00Z,Sun,12,9,Week 9,false,"","","","",Target Center,MN,Minneapolis,N,"","",FALSE,1610612750,Timberwolves,Minnesota,MIN,timberwolves,19,10,103,0,1610612749,Bucks,Milwaukee,MIL,bucks,11,18,100,0,2025-26,00,2,Regular Season
2025-12-21,0022500401,20251221/HOUSAC,3,Final/OT,6,2025-12-21T00:00:00Z,1900-01-01T22:00:00Z,2025-12-21T22:00:00Z,2025-12-21T05:00:00Z,1900-01-01T03:00:00Z,2025-12-22T03:00:00Z,2025-12-21T21:00:00Z,2025-12-21T19:00:00Z,Sun,12,9,Week 9,false,"","","","",Golden 1 Center,CA,Sacramento,N,"","",FALSE,1610612758,Kings,Sacramento,SAC,kings,7,22,125,0,1610612745,Rockets,Houston,HOU,rockets,17,9,124,0,2025-26,00,2,Regular Season
2025-12-22,0022500402,20251222/CHACLE,3,Final,1,2025-12-22T00:00:00Z,1900-01-01T19:00:00Z,2025-12-22T19:00:00Z,2025-12-22T05:00:00Z,1900-01-01T00:00:00Z,2025-12-23T00:00:00Z,2025-12-22T19:00:00Z,2025-12-22T19:00:00Z,Mon,12,10,Week 10,false,"","","","",Rocket Arena,OH,Cleveland,N,"","",FALSE,1610612739,Cavaliers,Cleveland,CLE,cavaliers,16,14,139,0,1610612766,Hornets,Charlotte,CHA,hornets,9,20,132,0,2025-26,00,2,Regular Season
2025-12-22,0022500403,20251222/INDBOS,3,Final,2,2025-12-22T00:00:00Z,1900-01-01T19:30:00Z,2025-12-22T19:30:00Z,2025-12-22T05:00:00Z,1900-01-01T00:30:00Z,2025-12-23T00:30:00Z,2025-12-22T19:30:00Z,2025-12-22T19:30:00Z,Mon,12,10,Week 10,false,"","","","",TD Garden,MA,Boston,N,"","",FALSE,1610612738,Celtics,Boston,BOS,celtics,18,11,103,0,1610612754,Pacers,Indiana,IND,pacers,6,23,95,0,2025-26,00,2,Regular Season
2025-12-22,0022500404,20251222/DALNOP,3,Final,3,2025-12-22T00:00:00Z,1900-01-01T20:00:00Z,2025-12-22T20:00:00Z,2025-12-22T05:00:00Z,1900-01-01T01:00:00Z,2025-12-23T01:00:00Z,2025-12-22T19:00:00Z,2025-12-22T19:00:00Z,Mon,12,10,Week 10,false,"","","","",Smoothie King Center,LA,New Orleans,N,"","",FALSE,1610612740,Pelicans,New Orleans,NOP,pelicans,8,22,119,0,1610612742,Mavericks,Dallas,DAL,mavericks,11,19,113,0,2025-26,00,2,Regular Season
2025-12-22,0022500405,20251222/UTADEN,3,Final,4,2025-12-22T00:00:00Z,1900-01-01T21:00:00Z,2025-12-22T21:00:00Z,2025-12-22T05:00:00Z,1900-01-01T02:00:00Z,2025-12-23T02:00:00Z,2025-12-22T19:00:00Z,2025-12-22T19:00:00Z,Mon,12,10,Week 10,false,"","","","",Ball Arena,CO,Denver,N,"","",FALSE,1610612743,Nuggets,Denver,DEN,nuggets,21,7,135,0,1610612762,Jazz,Utah,UTA,jazz,10,18,112,0,2025-26,00,2,Regular Season
2025-12-22,0022500406,20251222/MEMOKC,3,Final,5,2025-12-22T00:00:00Z,1900-01-01T21:30:00Z,2025-12-22T21:30:00Z,2025-12-22T05:00:00Z,1900-01-01T02:30:00Z,2025-12-23T02:30:00Z,2025-12-22T20:30:00Z,2025-12-22T20:30:00Z,Mon,12,10,Week 10,false,"","","","",Paycom Center,OK,Oklahoma City,N,"","",FALSE,1610612760,Thunder,Oklahoma City,OKC,thunder,26,3,119,0,1610612763,Grizzlies,Memphis,MEM,grizzlies,13,16,103,0,2025-26,00,2,Regular Season
2025-12-22,0022500407,20251222/ORLGSW,3,Final,6,2025-12-22T00:00:00Z,1900-01-01T22:00:00Z,2025-12-22T22:00:00Z,2025-12-22T05:00:00Z,1900-01-01T03:00:00Z,2025-12-23T03:00:00Z,2025-12-22T22:00:00Z,2025-12-22T19:00:00Z,Mon,12,10,Week 10,false,"","","","",Chase Center,CA,San Francisco,N,"","",FALSE,1610612744,Warriors,Golden State,GSW,warriors,15,15,120,0,1610612753,Magic,Orlando,ORL,magic,16,13,97,0,2025-26,00,2,Regular Season
2025-12-22,0022500408,20251222/DETPOR,3,Final,7,2025-12-22T00:00:00Z,1900-01-01T22:00:00Z,2025-12-22T22:00:00Z,2025-12-22T05:00:00Z,1900-01-01T03:00:00Z,2025-12-23T03:00:00Z,2025-12-22T22:00:00Z,2025-12-22T19:00:00Z,Mon,12,10,Week 10,false,"","","","",Moda Center,OR,Portland,N,"","",FALSE,1610612757,Trail Blazers,Portland,POR,blazers,12,17,102,0,1610612765,Pistons,Detroit,DET,pistons,23,6,110,0,2025-26,00,2,Regular Season
2025-12-23,0022500409,20251223/WASCHA,3,Final,1,2025-12-23T00:00:00Z,1900-01-01T19:00:00Z,2025-12-23T19:00:00Z,2025-12-23T05:00:00Z,1900-01-01T00:00:00Z,2025-12-24T00:00:00Z,2025-12-23T19:00:00Z,2025-12-23T19:00:00Z,Tue,12,10,Week 10,false,"","","","",Spectrum Center,NC,Charlotte,N,"","",FALSE,1610612766,Hornets,Charlotte,CHA,hornets,10,20,126,0,1610612764,Wizards,Washington,WAS,wizards,5,23,109,0,2025-26,00,2,Regular Season
2025-12-23,0022500410,20251223/BKNPHI,3,Final,2,2025-12-23T00:00:00Z,1900-01-01T19:00:00Z,2025-12-23T19:00:00Z,2025-12-23T05:00:00Z,1900-01-01T00:00:00Z,2025-12-24T00:00:00Z,2025-12-23T19:00:00Z,2025-12-23T19:00:00Z,Tue,12,10,Week 10,false,"","","","",Xfinity Mobile Arena,PA,Philadelphia,N,"","",FALSE,1610612755,76ers,Philadelphia,PHI,sixers,16,12,106,0,1610612751,Nets,Brooklyn,BKN,nets,9,19,114,0,2025-26,00,2,Regular Season
2025-12-23,0022500411,20251223/CHIATL,3,Final,3,2025-12-23T00:00:00Z,1900-01-01T19:30:00Z,2025-12-23T19:30:00Z,2025-12-23T05:00:00Z,1900-01-01T00:30:00Z,2025-12-24T00:30:00Z,2025-12-23T18:30:00Z,2025-12-23T19:30:00Z,Tue,12,10,Week 10,false,"","","","",State Farm Arena,GA,Atlanta,N,"","",FALSE,1610612737,Hawks,Atlanta,ATL,hawks,15,16,123,0,1610612741,Bulls,Chicago,CHI,bulls,14,15,126,0,2025-26,00,2,Regular Season
2025-12-23,0022500412,20251223/NOPCLE,3,Final,4,2025-12-23T00:00:00Z,1900-01-01T19:30:00Z,2025-12-23T19:30:00Z,2025-12-23T05:00:00Z,1900-01-01T00:30:00Z,2025-12-24T00:30:00Z,2025-12-23T18:30:00Z,2025-12-23T19:30:00Z,Tue,12,10,Week 10,false,"","","","",Rocket Arena,OH,Cleveland,N,"","",FALSE,1610612739,Cavaliers,Cleveland,CLE,cavaliers,17,14,141,0,1610612740,Pelicans,New Orleans,NOP,pelicans,8,23,118,0,2025-26,00,2,Regular Season
2025-12-23,0022500413,20251223/MILIND,3,Final,5,2025-12-23T00:00:00Z,1900-01-01T19:30:00Z,2025-12-23T19:30:00Z,2025-12-23T05:00:00Z,1900-01-01T00:30:00Z,2025-12-24T00:30:00Z,2025-12-23T18:30:00Z,2025-12-23T19:30:00Z,Tue,12,10,Week 10,false,"","","","",Gainbridge Fieldhouse,IN,Indianapolis,N,"","",FALSE,1610612754,Pacers,Indiana,IND,pacers,6,24,94,0,1610612749,Bucks,Milwaukee,MIL,bucks,12,18,111,0,2025-26,00,2,Regular Season
2025-12-23,0022500414,20251223/TORMIA,3,Final,6,2025-12-23T00:00:00Z,1900-01-01T19:30:00Z,2025-12-23T19:30:00Z,2025-12-23T05:00:00Z,1900-01-01T00:30:00Z,2025-12-24T00:30:00Z,2025-12-23T19:30:00Z,2025-12-23T19:30:00Z,Tue,12,10,Week 10,false,"","","","",Kaseya Center,FL,Miami,N,"","",FALSE,1610612748,Heat,Miami,MIA,heat,15,15,91,0,1610612761,Raptors,Toronto,TOR,raptors,18,13,112,0,2025-26,00,2,Regular Season
2025-12-23,0022500415,20251223/DENDAL,3,Final,7,2025-12-23T00:00:00Z,1900-01-01T20:00:00Z,2025-12-23T20:00:00Z,2025-12-23T05:00:00Z,1900-01-01T01:00:00Z,2025-12-24T01:00:00Z,2025-12-23T18:00:00Z,2025-12-23T19:00:00Z,Tue,12,10,Week 10,false,"","","","",American Airlines Center,TX,Dallas,N,"","",FALSE,1610612742,Mavericks,Dallas,DAL,mavericks,12,19,131,0,1610612743,Nuggets,Denver,DEN,nuggets,21,8,130,0,2025-26,00,2,Regular Season
2025-12-23,0022500416,20251223/NYKMIN,3,Final,8,2025-12-23T00:00:00Z,1900-01-01T20:00:00Z,2025-12-23T20:00:00Z,2025-12-23T05:00:00Z,1900-01-01T01:00:00Z,2025-12-24T01:00:00Z,2025-12-23T20:00:00Z,2025-12-23T19:00:00Z,Tue,12,10,Week 10,false,"","","","",Target Center,MN,Minneapolis,N,"","",FALSE,1610612750,Timberwolves,Minnesota,MIN,timberwolves,20,10,115,0,1610612752,Knicks,New York,NYK,knicks,20,9,104,0,2025-26,00,2,Regular Season
2025-12-23,0022500417,20251223/OKCSAS,3,Final,9,2025-12-23T00:00:00Z,1900-01-01T20:30:00Z,2025-12-23T20:30:00Z,2025-12-23T05:00:00Z,1900-01-01T01:30:00Z,2025-12-24T01:30:00Z,2025-12-23T19:30:00Z,2025-12-23T19:30:00Z,Tue,12,10,Week 10,false,"","","","",Frost Bank Center,TX,San Antonio,N,"","",FALSE,1610612759,Spurs,San Antonio,SAS,spurs,22,7,130,0,1610612760,Thunder,Oklahoma City,OKC,thunder,26,4,110,0,2025-26,00,2,Regular Season
2025-12-23,0022500418,20251223/LALPHX,3,Final,10,2025-12-23T00:00:00Z,1900-01-01T21:00:00Z,2025-12-23T21:00:00Z,2025-12-23T05:00:00Z,1900-01-01T02:00:00Z,2025-12-24T02:00:00Z,2025-12-23T18:00:00Z,2025-12-23T19:00:00Z,Tue,12,10,Week 10,false,"","","","",Mortgage Matchup Center,AZ,Phoenix,N,"","",FALSE,1610612756,Suns,Phoenix,PHX,suns,16,13,132,0,1610612747,Lakers,Los Angeles,LAL,lakers,19,9,108,0,2025-26,00,2,Regular Season
2025-12-23,0022500419,20251223/MEMUTA,3,Final,11,2025-12-23T00:00:00Z,1900-01-01T21:00:00Z,2025-12-23T21:00:00Z,2025-12-23T05:00:00Z,1900-01-01T02:00:00Z,2025-12-24T02:00:00Z,2025-12-23T20:00:00Z,2025-12-23T19:00:00Z,Tue,12,10,Week 10,false,"","","","",Delta Center,UT,Salt Lake City,N,"","",FALSE,1610612762,Jazz,Utah,UTA,jazz,10,19,128,0,1610612763,Grizzlies,Memphis,MEM,grizzlies,14,16,137,0,2025-26,00,2,Regular Season
2025-12-23,0022500420,20251223/ORLPOR,3,Final,12,2025-12-23T00:00:00Z,1900-01-01T22:00:00Z,2025-12-23T22:00:00Z,2025-12-23T05:00:00Z,1900-01-01T03:00:00Z,2025-12-24T03:00:00Z,2025-12-23T22:00:00Z,2025-12-23T19:00:00Z,Tue,12,10,Week 10,false,"","","","",Moda Center,OR,Portland,N,"","",FALSE,1610612757,Trail Blazers,Portland,POR,blazers,12,18,106,0,1610612753,Magic,Orlando,ORL,magic,17,13,110,0,2025-26,00,2,Regular Season
2025-12-23,0022500421,20251223/DETSAC,3,Final,13,2025-12-23T00:00:00Z,1900-01-01T22:00:00Z,2025-12-23T22:00:00Z,2025-12-23T05:00:00Z,1900-01-01T03:00:00Z,2025-12-24T03:00:00Z,2025-12-23T22:00:00Z,2025-12-23T19:00:00Z,Tue,12,10,Week 10,false,"","","","",Golden 1 Center,CA,Sacramento,N,"","",FALSE,1610612758,Kings,Sacramento,SAC,kings,7,23,127,0,1610612765,Pistons,Detroit,DET,pistons,24,6,136,0,2025-26,00,2,Regular Season
2025-12-23,0022500422,20251223/HOULAC,3,Final,14,2025-12-23T00:00:00Z,1900-01-01T22:30:00Z,2025-12-23T22:30:00Z,2025-12-23T05:00:00Z,1900-01-01T03:30:00Z,2025-12-24T03:30:00Z,2025-12-23T21:30:00Z,2025-12-23T19:30:00Z,Tue,12,10,Week 10,false,"","","","",Intuit Dome,CA,Inglewood,N,"","",FALSE,1610612746,Clippers,LA,LAC,clippers,8,21,128,0,1610612745,Rockets,Houston,HOU,rockets,17,10,108,0,2025-26,00,2,Regular Season
2025-12-25,0022500009,20251225/CLENYK,3,Final,1,2025-12-25T00:00:00Z,1900-01-01T12:00:00Z,2025-12-25T12:00:00Z,2025-12-25T05:00:00Z,1900-01-01T17:00:00Z,2025-12-25T17:00:00Z,2025-12-25T12:00:00Z,2025-12-25T12:00:00Z,Thu,12,10,Week 10,false,"","","","",Madison Square Garden,NY,New York,N,"","",FALSE,1610612752,Knicks,New York,NYK,knicks,21,9,126,0,1610612739,Cavaliers,Cleveland,CLE,cavaliers,17,15,124,0,2025-26,00,2,Regular Season
2025-12-25,0022500010,20251225/SASOKC,3,Final,2,2025-12-25T00:00:00Z,1900-01-01T14:30:00Z,2025-12-25T14:30:00Z,2025-12-25T05:00:00Z,1900-01-01T19:30:00Z,2025-12-25T19:30:00Z,2025-12-25T13:30:00Z,2025-12-25T13:30:00Z,Thu,12,10,Week 10,false,"","","","",Paycom Center,OK,Oklahoma City,N,"","",FALSE,1610612760,Thunder,Oklahoma City,OKC,thunder,26,5,102,0,1610612759,Spurs,San Antonio,SAS,spurs,23,7,117,0,2025-26,00,2,Regular Season
2025-12-25,0022500011,20251225/DALGSW,3,Final,3,2025-12-25T00:00:00Z,1900-01-01T17:00:00Z,2025-12-25T17:00:00Z,2025-12-25T05:00:00Z,1900-01-01T22:00:00Z,2025-12-25T22:00:00Z,2025-12-25T16:00:00Z,2025-12-25T14:00:00Z,Thu,12,10,Week 10,false,"","","","",Chase Center,CA,San Francisco,N,"","",FALSE,1610612744,Warriors,Golden State,GSW,warriors,16,15,126,0,1610612742,Mavericks,Dallas,DAL,mavericks,12,20,116,0,2025-26,00,2,Regular Season
2025-12-25,0022500012,20251225/HOULAL,3,Final,4,2025-12-25T00:00:00Z,1900-01-01T20:00:00Z,2025-12-25T20:00:00Z,2025-12-25T05:00:00Z,1900-01-01T01:00:00Z,2025-12-26T01:00:00Z,2025-12-25T19:00:00Z,2025-12-25T17:00:00Z,Thu,12,10,Week 10,false,"","","","",Crypto.com Arena,CA,Los Angeles,N,"","",FALSE,1610612747,Lakers,Los Angeles,LAL,lakers,19,10,96,0,1610612745,Rockets,Houston,HOU,rockets,18,10,119,0,2025-26,00,2,Regular Season
2025-12-25,0022500013,20251225/MINDEN,3,Final/OT,5,2025-12-25T00:00:00Z,1900-01-01T22:30:00Z,2025-12-25T22:30:00Z,2025-12-25T05:00:00Z,1900-01-01T03:30:00Z,2025-12-26T03:30:00Z,2025-12-25T21:30:00Z,2025-12-25T20:30:00Z,Thu,12,10,Week 10,false,"","","","",Ball Arena,CO,Denver,N,"","",FALSE,1610612743,Nuggets,Denver,DEN,nuggets,22,8,142,0,1610612750,Timberwolves,Minnesota,MIN,timberwolves,20,11,138,0,2025-26,00,2,Regular Season
2025-12-26,0022500423,20251226/MIAATL,3,Final,1,2025-12-26T00:00:00Z,1900-01-01T19:00:00Z,2025-12-26T19:00:00Z,2025-12-26T05:00:00Z,1900-01-01T00:00:00Z,2025-12-27T00:00:00Z,2025-12-26T19:00:00Z,2025-12-26T19:00:00Z,Fri,12,10,Week 10,false,"","","","",State Farm Arena,GA,Atlanta,N,"","",FALSE,1610612737,Hawks,Atlanta,ATL,hawks,15,17,111,0,1610612748,Heat,Miami,MIA,heat,16,15,126,0,2025-26,00,2,Regular Season
2025-12-26,0022500424,20251226/CHAORL,3,Final,2,2025-12-26T00:00:00Z,1900-01-01T19:00:00Z,2025-12-26T19:00:00Z,2025-12-26T05:00:00Z,1900-01-01T00:00:00Z,2025-12-27T00:00:00Z,2025-12-26T19:00:00Z,2025-12-26T19:00:00Z,Fri,12,10,Week 10,false,"","","","",Kia Center,FL,Orlando,N,"","",FALSE,1610612753,Magic,Orlando,ORL,magic,17,14,105,0,1610612766,Hornets,Charlotte,CHA,hornets,11,20,120,0,2025-26,00,2,Regular Season
2025-12-26,0022500425,20251226/TORWAS,3,Final,3,2025-12-26T00:00:00Z,1900-01-01T19:00:00Z,2025-12-26T19:00:00Z,2025-12-26T05:00:00Z,1900-01-01T00:00:00Z,2025-12-27T00:00:00Z,2025-12-26T19:00:00Z,2025-12-26T19:00:00Z,Fri,12,10,Week 10,false,"","","","",Capital One Arena,DC,Washington,N,"","",FALSE,1610612764,Wizards,Washington,WAS,wizards,6,23,138,0,1610612761,Raptors,Toronto,TOR,raptors,18,14,117,0,2025-26,00,2,Regular Season
2025-12-26,0022500426,20251226/BOSIND,3,Final,4,2025-12-26T00:00:00Z,1900-01-01T19:00:00Z,2025-12-26T19:00:00Z,2025-12-26T05:00:00Z,1900-01-01T00:00:00Z,2025-12-27T00:00:00Z,2025-12-26T19:00:00Z,2025-12-26T19:00:00Z,Fri,12,10,Week 10,false,"","","","",Gainbridge Fieldhouse,IN,Indianapolis,N,"","",FALSE,1610612754,Pacers,Indiana,IND,pacers,6,25,122,0,1610612738,Celtics,Boston,BOS,celtics,19,11,140,0,2025-26,00,2,Regular Season
2025-12-26,0022500427,20251226/PHICHI,3,Final,5,2025-12-26T00:00:00Z,1900-01-01T19:30:00Z,2025-12-26T19:30:00Z,2025-12-26T05:00:00Z,1900-01-01T00:30:00Z,2025-12-27T00:30:00Z,2025-12-26T19:30:00Z,2025-12-26T18:30:00Z,Fri,12,10,Week 10,false,"","","","",United Center,IL,Chicago,N,"","",FALSE,1610612741,Bulls,Chicago,CHI,bulls,15,15,109,0,1610612755,76ers,Philadelphia,PHI,sixers,16,13,102,0,2025-26,00,2,Regular Season
2025-12-26,0022500428,20251226/MILMEM,3,Final,6,2025-12-26T00:00:00Z,1900-01-01T20:00:00Z,2025-12-26T20:00:00Z,2025-12-26T05:00:00Z,1900-01-01T01:00:00Z,2025-12-27T01:00:00Z,2025-12-26T19:00:00Z,2025-12-26T19:00:00Z,Fri,12,10,Week 10,false,"","","","",FedExForum,TN,Memphis,N,"","",FALSE,1610612763,Grizzlies,Memphis,MEM,grizzlies,15,16,125,0,1610612749,Bucks,Milwaukee,MIL,bucks,12,19,104,0,2025-26,00,2,Regular Season
2025-12-26,0022500429,20251226/PHXNOP,3,Final,7,2025-12-26T00:00:00Z,1900-01-01T20:00:00Z,2025-12-26T20:00:00Z,2025-12-26T05:00:00Z,1900-01-01T01:00:00Z,2025-12-27T01:00:00Z,2025-12-26T18:00:00Z,2025-12-26T19:00:00Z,Fri,12,10,Week 10,false,"","","","",Smoothie King Center,LA,New Orleans,N,"","",FALSE,1610612740,Pelicans,New Orleans,NOP,pelicans,8,24,108,0,1610612756,Suns,Phoenix,PHX,suns,17,13,115,0,2025-26,00,2,Regular Season
2025-12-26,0022500430,20251226/DETUTA,3,Final,8,2025-12-26T00:00:00Z,1900-01-01T21:30:00Z,2025-12-26T21:30:00Z,2025-12-26T05:00:00Z,1900-01-01T02:30:00Z,2025-12-27T02:30:00Z,2025-12-26T21:30:00Z,2025-12-26T19:30:00Z,Fri,12,10,Week 10,false,"","","","",Delta Center,UT,Salt Lake City,N,"","",FALSE,1610612762,Jazz,Utah,UTA,jazz,11,19,131,0,1610612765,Pistons,Detroit,DET,pistons,24,7,129,0,2025-26,00,2,Regular Season
2025-12-26,0022500431,20251226/LACPOR,3,Final,9,2025-12-26T00:00:00Z,1900-01-01T22:00:00Z,2025-12-26T22:00:00Z,2025-12-26T05:00:00Z,1900-01-01T03:00:00Z,2025-12-27T03:00:00Z,2025-12-26T19:00:00Z,2025-12-26T19:00:00Z,Fri,12,10,Week 10,false,"","","","",Moda Center,OR,Portland,N,"","",FALSE,1610612757,Trail Blazers,Portland,POR,blazers,12,19,103,0,1610612746,Clippers,LA,LAC,clippers,9,21,119,0,2025-26,00,2,Regular Season
2025-12-27,0022500432,20251227/DALSAC,3,Final,1,2025-12-27T00:00:00Z,1900-01-01T17:00:00Z,2025-12-27T17:00:00Z,2025-12-27T05:00:00Z,1900-01-01T22:00:00Z,2025-12-27T22:00:00Z,2025-12-27T16:00:00Z,2025-12-27T14:00:00Z,Sat,12,10,Week 10,false,"","","","",Golden 1 Center,CA,Sacramento,N,"","",FALSE,1610612758,Kings,Sacramento,SAC,kings,8,23,113,0,1610612742,Mavericks,Dallas,DAL,mavericks,12,21,107,0,2025-26,00,2,Regular Season
2025-12-27,0022500433,20251227/DENORL,3,Final,2,2025-12-27T00:00:00Z,1900-01-01T19:00:00Z,2025-12-27T19:00:00Z,2025-12-27T05:00:00Z,1900-01-01T00:00:00Z,2025-12-28T00:00:00Z,2025-12-27T17:00:00Z,2025-12-27T19:00:00Z,Sat,12,10,Week 10,false,"","","","",Kia Center,FL,Orlando,N,"","",FALSE,1610612753,Magic,Orlando,ORL,magic,18,14,127,0,1610612743,Nuggets,Denver,DEN,nuggets,22,9,126,0,2025-26,00,2,Regular Season
2025-12-27,0022500434,20251227/PHXNOP,3,Final,3,2025-12-27T00:00:00Z,1900-01-01T19:00:00Z,2025-12-27T19:00:00Z,2025-12-27T05:00:00Z,1900-01-01T00:00:00Z,2025-12-28T00:00:00Z,2025-12-27T17:00:00Z,2025-12-27T18:00:00Z,Sat,12,10,Week 10,false,"","","","",Smoothie King Center,LA,New Orleans,N,"","",FALSE,1610612740,Pelicans,New Orleans,NOP,pelicans,8,25,114,0,1610612756,Suns,Phoenix,PHX,suns,18,13,123,0,2025-26,00,2,Regular Season
2025-12-27,0022500435,20251227/NYKATL,3,Final,4,2025-12-27T00:00:00Z,1900-01-01T20:00:00Z,2025-12-27T20:00:00Z,2025-12-27T05:00:00Z,1900-01-01T01:00:00Z,2025-12-28T01:00:00Z,2025-12-27T20:00:00Z,2025-12-27T20:00:00Z,Sat,12,10,Week 10,false,"","","","",State Farm Arena,GA,Atlanta,N,"","",FALSE,1610612737,Hawks,Atlanta,ATL,hawks,15,18,125,0,1610612752,Knicks,New York,NYK,knicks,22,9,128,0,2025-26,00,2,Regular Season
2025-12-27,0022500436,20251227/INDMIA,3,Final,5,2025-12-27T00:00:00Z,1900-01-01T20:00:00Z,2025-12-27T20:00:00Z,2025-12-27T05:00:00Z,1900-01-01T01:00:00Z,2025-12-28T01:00:00Z,2025-12-27T20:00:00Z,2025-12-27T20:00:00Z,Sat,12,10,Week 10,false,"","","","",Kaseya Center,FL,Miami,N,"","",FALSE,1610612748,Heat,Miami,MIA,heat,17,15,142,0,1610612754,Pacers,Indiana,IND,pacers,6,26,116,0,2025-26,00,2,Regular Season
2025-12-27,0022500437,20251227/MILCHI,3,Final,6,2025-12-27T00:00:00Z,1900-01-01T20:00:00Z,2025-12-27T20:00:00Z,2025-12-27T05:00:00Z,1900-01-01T01:00:00Z,2025-12-28T01:00:00Z,2025-12-27T19:00:00Z,2025-12-27T19:00:00Z,Sat,12,10,Week 10,false,"","","","",United Center,IL,Chicago,N,"","",FALSE,1610612741,Bulls,Chicago,CHI,bulls,15,16,103,0,1610612749,Bucks,Milwaukee,MIL,bucks,13,19,112,0,2025-26,00,2,Regular Season
2025-12-27,0022500438,20251227/CLEHOU,3,Final,7,2025-12-27T00:00:00Z,1900-01-01T20:00:00Z,2025-12-27T20:00:00Z,2025-12-27T05:00:00Z,1900-01-01T01:00:00Z,2025-12-28T01:00:00Z,2025-12-27T20:00:00Z,2025-12-27T19:00:00Z,Sat,12,10,Week 10,false,"","","","",Toyota Center,TX,Houston,N,"","",FALSE,1610612745,Rockets,Houston,HOU,rockets,19,10,117,0,1610612739,Cavaliers,Cleveland,CLE,cavaliers,17,16,100,0,2025-26,00,2,Regular Season
2025-12-27,0022500439,20251227/BKNMIN,3,Final,8,2025-12-27T00:00:00Z,1900-01-01T20:00:00Z,2025-12-27T20:00:00Z,2025-12-27T05:00:00Z,1900-01-01T01:00:00Z,2025-12-28T01:00:00Z,2025-12-27T20:00:00Z,2025-12-27T19:00:00Z,Sat,12,10,Week 10,false,"","","","",Target Center,MN,Minneapolis,N,"","",FALSE,1610612750,Timberwolves,Minnesota,MIN,timberwolves,20,12,107,0,1610612751,Nets,Brooklyn,BKN,nets,10,19,123,0,2025-26,00,2,Regular Season
2025-12-27,0022500440,20251227/UTASAS,3,Final,9,2025-12-27T00:00:00Z,1900-01-01T20:00:00Z,2025-12-27T20:00:00Z,2025-12-27T05:00:00Z,1900-01-01T01:00:00Z,2025-12-28T01:00:00Z,2025-12-27T18:00:00Z,2025-12-27T19:00:00Z,Sat,12,10,Week 10,false,"","","","",Frost Bank Center,TX,San Antonio,N,"","",FALSE,1610612759,Spurs,San Antonio,SAS,spurs,23,8,114,0,1610612762,Jazz,Utah,UTA,jazz,12,19,127,0,2025-26,00,2,Regular Season
2025-12-28,0022500441,20251228/GSWTOR,3,Final/OT,1,2025-12-28T00:00:00Z,1900-01-01T15:30:00Z,2025-12-28T15:30:00Z,2025-12-28T05:00:00Z,1900-01-01T20:30:00Z,2025-12-28T20:30:00Z,2025-12-28T12:30:00Z,2025-12-28T15:30:00Z,Sun,12,10,Week 10,false,"","","","",Scotiabank Arena,ON,Toronto,N,"","",FALSE,1610612761,Raptors,Toronto,TOR,raptors,19,14,141,0,1610612744,Warriors,Golden State,GSW,warriors,16,16,127,0,2025-26,00,2,Regular Season
2025-12-28,0022500442,20251228/PHIOKC,3,Final,2,2025-12-28T00:00:00Z,1900-01-01T15:30:00Z,2025-12-28T15:30:00Z,2025-12-28T05:00:00Z,1900-01-01T20:30:00Z,2025-12-28T20:30:00Z,2025-12-28T15:30:00Z,2025-12-28T14:30:00Z,Sun,12,10,Week 10,false,"","","","",Paycom Center,OK,Oklahoma City,N,"","",FALSE,1610612760,Thunder,Oklahoma City,OKC,thunder,27,5,129,0,1610612755,76ers,Philadelphia,PHI,sixers,16,14,104,0,2025-26,00,2,Regular Season
2025-12-28,0022500443,20251228/MEMWAS,3,Final,3,2025-12-28T00:00:00Z,1900-01-01T18:00:00Z,2025-12-28T18:00:00Z,2025-12-28T05:00:00Z,1900-01-01T23:00:00Z,2025-12-28T23:00:00Z,2025-12-28T17:00:00Z,2025-12-28T18:00:00Z,Sun,12,10,Week 10,false,"","","","",Capital One Arena,DC,Washington,N,"","",FALSE,1610612764,Wizards,Washington,WAS,wizards,7,23,116,0,1610612763,Grizzlies,Memphis,MEM,grizzlies,15,17,112,0,2025-26,00,2,Regular Season
2025-12-28,0022500444,20251228/BOSPOR,3,Final,4,2025-12-28T00:00:00Z,1900-01-01T18:00:00Z,2025-12-28T18:00:00Z,2025-12-28T05:00:00Z,1900-01-01T23:00:00Z,2025-12-28T23:00:00Z,2025-12-28T18:00:00Z,2025-12-28T15:00:00Z,Sun,12,10,Week 10,false,"","","","",Moda Center,OR,Portland,N,"","",FALSE,1610612757,Trail Blazers,Portland,POR,blazers,13,19,114,0,1610612738,Celtics,Boston,BOS,celtics,19,12,108,0,2025-26,00,2,Regular Season
2025-12-28,0022500445,20251228/DETLAC,3,Final,5,2025-12-28T00:00:00Z,1900-01-01T21:00:00Z,2025-12-28T21:00:00Z,2025-12-28T05:00:00Z,1900-01-01T02:00:00Z,2025-12-29T02:00:00Z,2025-12-28T21:00:00Z,2025-12-28T18:00:00Z,Sun,12,10,Week 10,false,"","","","",Intuit Dome,CA,Inglewood,N,"","",FALSE,1610612746,Clippers,LA,LAC,clippers,10,21,112,0,1610612765,Pistons,Detroit,DET,pistons,24,8,99,0,2025-26,00,2,Regular Season
2025-12-28,0022500446,20251228/SACLAL,3,Final,6,2025-12-28T00:00:00Z,1900-01-01T21:30:00Z,2025-12-28T21:30:00Z,2025-12-28T05:00:00Z,1900-01-01T02:30:00Z,2025-12-29T02:30:00Z,2025-12-28T18:30:00Z,2025-12-28T18:30:00Z,Sun,12,10,Week 10,false,"","","","",Crypto.com Arena,CA,Los Angeles,N,"","",FALSE,1610612747,Lakers,Los Angeles,LAL,lakers,20,10,125,0,1610612758,Kings,Sacramento,SAC,kings,8,24,101,0,2025-26,00,2,Regular Season
2025-12-29,0022500447,20251229/MILCHA,3,Final,1,2025-12-29T00:00:00Z,1900-01-01T19:00:00Z,2025-12-29T19:00:00Z,2025-12-29T05:00:00Z,1900-01-01T00:00:00Z,2025-12-30T00:00:00Z,2025-12-29T18:00:00Z,2025-12-29T19:00:00Z,Mon,12,11,Week 11,false,"","","","",Spectrum Center,NC,Charlotte,N,"","",FALSE,1610612766,Hornets,Charlotte,CHA,hornets,11,21,113,0,1610612749,Bucks,Milwaukee,MIL,bucks,14,19,123,0,2025-26,00,2,Regular Season
2025-12-29,0022500448,20251229/PHXWAS,3,Final,2,2025-12-29T00:00:00Z,1900-01-01T19:00:00Z,2025-12-29T19:00:00Z,2025-12-29T05:00:00Z,1900-01-01T00:00:00Z,2025-12-30T00:00:00Z,2025-12-29T17:00:00Z,2025-12-29T19:00:00Z,Mon,12,11,Week 11,false,"","","","",Capital One Arena,DC,Washington,N,"","",FALSE,1610612764,Wizards,Washington,WAS,wizards,7,24,101,0,1610612756,Suns,Phoenix,PHX,suns,19,13,115,0,2025-26,00,2,Regular Season
2025-12-29,0022500449,20251229/GSWBKN,3,Final,3,2025-12-29T00:00:00Z,1900-01-01T19:30:00Z,2025-12-29T19:30:00Z,2025-12-29T05:00:00Z,1900-01-01T00:30:00Z,2025-12-30T00:30:00Z,2025-12-29T16:30:00Z,2025-12-29T19:30:00Z,Mon,12,11,Week 11,false,"","","","",Barclays Center,NY,Brooklyn,N,"","",FALSE,1610612751,Nets,Brooklyn,BKN,nets,10,20,107,0,1610612744,Warriors,Golden State,GSW,warriors,17,16,120,0,2025-26,00,2,Regular Season
2025-12-29,0022500450,20251229/DENMIA,3,Final,4,2025-12-29T00:00:00Z,1900-01-01T19:30:00Z,2025-12-29T19:30:00Z,2025-12-29T05:00:00Z,1900-01-01T00:30:00Z,2025-12-30T00:30:00Z,2025-12-29T17:30:00Z,2025-12-29T19:30:00Z,Mon,12,11,Week 11,false,"","","","",Kaseya Center,FL,Miami,N,"","",FALSE,1610612748,Heat,Miami,MIA,heat,18,15,147,0,1610612743,Nuggets,Denver,DEN,nuggets,22,10,123,0,2025-26,00,2,Regular Season
2025-12-29,0022500451,20251229/ORLTOR,3,Final,5,2025-12-29T00:00:00Z,1900-01-01T19:30:00Z,2025-12-29T19:30:00Z,2025-12-29T05:00:00Z,1900-01-01T00:30:00Z,2025-12-30T00:30:00Z,2025-12-29T19:30:00Z,2025-12-29T19:30:00Z,Mon,12,11,Week 11,false,"","","","",Scotiabank Arena,ON,Toronto,N,"","",FALSE,1610612761,Raptors,Toronto,TOR,raptors,20,14,107,0,1610612753,Magic,Orlando,ORL,magic,18,15,106,0,2025-26,00,2,Regular Season
2025-12-29,0022500452,20251229/MINCHI,3,Final,6,2025-12-29T00:00:00Z,1900-01-01T20:00:00Z,2025-12-29T20:00:00Z,2025-12-29T05:00:00Z,1900-01-01T01:00:00Z,2025-12-30T01:00:00Z,2025-12-29T19:00:00Z,2025-12-29T19:00:00Z,Mon,12,11,Week 11,false,"","","","",United Center,IL,Chicago,N,"","",FALSE,1610612741,Bulls,Chicago,CHI,bulls,15,17,101,0,1610612750,Timberwolves,Minnesota,MIN,timberwolves,21,12,136,0,2025-26,00,2,Regular Season
2025-12-29,0022500453,20251229/INDHOU,3,Final,7,2025-12-29T00:00:00Z,1900-01-01T20:00:00Z,2025-12-29T20:00:00Z,2025-12-29T05:00:00Z,1900-01-01T01:00:00Z,2025-12-30T01:00:00Z,2025-12-29T20:00:00Z,2025-12-29T19:00:00Z,Mon,12,11,Week 11,false,"","","","",Toyota Center,TX,Houston,N,"","",FALSE,1610612745,Rockets,Houston,HOU,rockets,20,10,126,0,1610612754,Pacers,Indiana,IND,pacers,6,27,119,0,2025-26,00,2,Regular Season
2025-12-29,0022500454,20251229/NYKNOP,3,Final,8,2025-12-29T00:00:00Z,1900-01-01T20:00:00Z,2025-12-29T20:00:00Z,2025-12-29T05:00:00Z,1900-01-01T01:00:00Z,2025-12-30T01:00:00Z,2025-12-29T20:00:00Z,2025-12-29T19:00:00Z,Mon,12,11,Week 11,false,"","","","",Smoothie King Center,LA,New Orleans,N,"","",FALSE,1610612740,Pelicans,New Orleans,NOP,pelicans,8,26,125,0,1610612752,Knicks,New York,NYK,knicks,23,9,130,0,2025-26,00,2,Regular Season
2025-12-29,0022500455,20251229/ATLOKC,3,Final,9,2025-12-29T00:00:00Z,1900-01-01T20:00:00Z,2025-12-29T20:00:00Z,2025-12-29T05:00:00Z,1900-01-01T01:00:00Z,2025-12-30T01:00:00Z,2025-12-29T20:00:00Z,2025-12-29T19:00:00Z,Mon,12,11,Week 11,false,"","","","",Paycom Center,OK,Oklahoma City,N,"","",FALSE,1610612760,Thunder,Oklahoma City,OKC,thunder,28,5,140,0,1610612737,Hawks,Atlanta,ATL,hawks,15,19,129,0,2025-26,00,2,Regular Season
2025-12-29,0022500456,20251229/CLESAS,3,Final,10,2025-12-29T00:00:00Z,1900-01-01T20:00:00Z,2025-12-29T20:00:00Z,2025-12-29T05:00:00Z,1900-01-01T01:00:00Z,2025-12-30T01:00:00Z,2025-12-29T20:00:00Z,2025-12-29T19:00:00Z,Mon,12,11,Week 11,false,"","","","",Frost Bank Center,TX,San Antonio,N,"","",FALSE,1610612759,Spurs,San Antonio,SAS,spurs,23,9,101,0,1610612739,Cavaliers,Cleveland,CLE,cavaliers,18,16,113,0,2025-26,00,2,Regular Season
2025-12-29,0022500457,20251229/DALPOR,3,Final,11,2025-12-29T00:00:00Z,1900-01-01T22:30:00Z,2025-12-29T22:30:00Z,2025-12-29T05:00:00Z,1900-01-01T03:30:00Z,2025-12-30T03:30:00Z,2025-12-29T21:30:00Z,2025-12-29T19:30:00Z,Mon,12,11,Week 11,false,"","","","",Moda Center,OR,Portland,N,"","",FALSE,1610612757,Trail Blazers,Portland,POR,blazers,14,19,125,0,1610612742,Mavericks,Dallas,DAL,mavericks,12,22,122,0,2025-26,00,2,Regular Season
2025-12-30,0022500458,20251230/PHIMEM,3,Final/OT,1,2025-12-30T00:00:00Z,1900-01-01T20:00:00Z,2025-12-30T20:00:00Z,2025-12-30T05:00:00Z,1900-01-01T01:00:00Z,2025-12-31T01:00:00Z,2025-12-30T20:00:00Z,2025-12-30T19:00:00Z,Tue,12,11,Week 11,false,"","","","",FedExForum,TN,Memphis,N,"","",FALSE,1610612763,Grizzlies,Memphis,MEM,grizzlies,15,18,136,0,1610612755,76ers,Philadelphia,PHI,sixers,17,14,139,0,2025-26,00,2,Regular Season
2025-12-30,0022500459,20251230/BOSUTA,3,Final,2,2025-12-30T00:00:00Z,1900-01-01T21:00:00Z,2025-12-30T21:00:00Z,2025-12-30T05:00:00Z,1900-01-01T02:00:00Z,2025-12-31T02:00:00Z,2025-12-30T21:00:00Z,2025-12-30T19:00:00Z,Tue,12,11,Week 11,false,"","","","",Delta Center,UT,Salt Lake City,N,"","",FALSE,1610612762,Jazz,Utah,UTA,jazz,12,20,119,0,1610612738,Celtics,Boston,BOS,celtics,20,12,129,0,2025-26,00,2,Regular Season
2025-12-30,0022500460,20251230/DETLAL,3,Final,3,2025-12-30T00:00:00Z,1900-01-01T22:30:00Z,2025-12-30T22:30:00Z,2025-12-30T05:00:00Z,1900-01-01T03:30:00Z,2025-12-31T03:30:00Z,2025-12-30T22:30:00Z,2025-12-30T19:30:00Z,Tue,12,11,Week 11,false,"","","","",Crypto.com Arena,CA,Los Angeles,N,"","",FALSE,1610612747,Lakers,Los Angeles,LAL,lakers,20,11,106,0,1610612765,Pistons,Detroit,DET,pistons,25,8,128,0,2025-26,00,2,Regular Season
2025-12-30,0022500461,20251230/SACLAC,3,Final,4,2025-12-30T00:00:00Z,1900-01-01T23:00:00Z,2025-12-30T23:00:00Z,2025-12-30T05:00:00Z,1900-01-01T04:00:00Z,2025-12-31T04:00:00Z,2025-12-30T20:00:00Z,2025-12-30T20:00:00Z,Tue,12,11,Week 11,false,"","","","",Intuit Dome,CA,Inglewood,N,"","",FALSE,1610612746,Clippers,LA,LAC,clippers,11,21,131,0,1610612758,Kings,Sacramento,SAC,kings,8,25,90,0,2025-26,00,2,Regular Season
2025-12-31,0022500462,20251231/GSWCHA,3,Final,1,2025-12-31T00:00:00Z,1900-01-01T13:00:00Z,2025-12-31T13:00:00Z,2025-12-31T05:00:00Z,1900-01-01T18:00:00Z,2025-12-31T18:00:00Z,2025-12-31T10:00:00Z,2025-12-31T13:00:00Z,Wed,12,11,Week 11,false,"","","","",Spectrum Center,NC,Charlotte,N,"","",FALSE,1610612766,Hornets,Charlotte,CHA,hornets,11,22,125,0,1610612744,Warriors,Golden State,GSW,warriors,18,16,132,0,2025-26,00,2,Regular Season
2025-12-31,0022500463,20251231/MINATL,3,Final,2,2025-12-31T00:00:00Z,1900-01-01T15:00:00Z,2025-12-31T15:00:00Z,2025-12-31T05:00:00Z,1900-01-01T20:00:00Z,2025-12-31T20:00:00Z,2025-12-31T14:00:00Z,2025-12-31T15:00:00Z,Wed,12,11,Week 11,false,"","","","",State Farm Arena,GA,Atlanta,N,"","",FALSE,1610612737,Hawks,Atlanta,ATL,hawks,16,19,126,0,1610612750,Timberwolves,Minnesota,MIN,timberwolves,21,13,102,0,2025-26,00,2,Regular Season
2025-12-31,0022500464,20251231/ORLIND,3,Final,3,2025-12-31T00:00:00Z,1900-01-01T15:00:00Z,2025-12-31T15:00:00Z,2025-12-31T05:00:00Z,1900-01-01T20:00:00Z,2025-12-31T20:00:00Z,2025-12-31T15:00:00Z,2025-12-31T15:00:00Z,Wed,12,11,Week 11,false,"","","","",Gainbridge Fieldhouse,IN,Indianapolis,N,"","",FALSE,1610612754,Pacers,Indiana,IND,pacers,6,28,110,0,1610612753,Magic,Orlando,ORL,magic,19,15,112,0,2025-26,00,2,Regular Season
2025-12-31,0022500465,20251231/PHXCLE,3,Final,4,2025-12-31T00:00:00Z,1900-01-01T15:30:00Z,2025-12-31T15:30:00Z,2025-12-31T05:00:00Z,1900-01-01T20:30:00Z,2025-12-31T20:30:00Z,2025-12-31T13:30:00Z,2025-12-31T15:30:00Z,Wed,12,11,Week 11,false,"","","","",Rocket Arena,OH,Cleveland,N,"","",FALSE,1610612739,Cavaliers,Cleveland,CLE,cavaliers,19,16,129,0,1610612756,Suns,Phoenix,PHX,suns,19,14,113,0,2025-26,00,2,Regular Season
2025-12-31,0022500466,20251231/NOPCHI,3,Final,5,2025-12-31T00:00:00Z,1900-01-01T19:00:00Z,2025-12-31T19:00:00Z,2025-12-31T05:00:00Z,1900-01-01T00:00:00Z,2026-01-01T00:00:00Z,2025-12-31T18:00:00Z,2025-12-31T18:00:00Z,Wed,12,11,Week 11,false,"","","","",United Center,IL,Chicago,N,"","",FALSE,1610612741,Bulls,Chicago,CHI,bulls,16,17,134,0,1610612740,Pelicans,New Orleans,NOP,pelicans,8,27,118,0,2025-26,00,2,Regular Season
2025-12-31,0022500467,20251231/NYKSAS,3,Final,6,2025-12-31T00:00:00Z,1900-01-01T19:00:00Z,2025-12-31T19:00:00Z,2025-12-31T05:00:00Z,1900-01-01T00:00:00Z,2026-01-01T00:00:00Z,2025-12-31T19:00:00Z,2025-12-31T18:00:00Z,Wed,12,11,Week 11,false,"","","","",Frost Bank Center,TX,San Antonio,N,"","",FALSE,1610612759,Spurs,San Antonio,SAS,spurs,24,9,134,0,1610612752,Knicks,New York,NYK,knicks,23,10,132,0,2025-26,00,2,Regular Season
2025-12-31,0022500468,20251231/DENTOR,3,Final,7,2025-12-31T00:00:00Z,1900-01-01T19:30:00Z,2025-12-31T19:30:00Z,2025-12-31T05:00:00Z,1900-01-01T00:30:00Z,2026-01-01T00:30:00Z,2025-12-31T17:30:00Z,2025-12-31T19:30:00Z,Wed,12,11,Week 11,false,"","","","",Scotiabank Arena,ON,Toronto,N,"","",FALSE,1610612761,Raptors,Toronto,TOR,raptors,20,15,103,0,1610612743,Nuggets,Denver,DEN,nuggets,23,10,106,0,2025-26,00,2,Regular Season
2025-12-31,0022500469,20251231/WASMIL,3,Final,8,2025-12-31T00:00:00Z,1900-01-01T20:00:00Z,2025-12-31T20:00:00Z,2025-12-31T05:00:00Z,1900-01-01T01:00:00Z,2026-01-01T01:00:00Z,2025-12-31T20:00:00Z,2025-12-31T19:00:00Z,Wed,12,11,Week 11,false,"","","","",Fiserv Forum,WI,Milwaukee,N,"","",FALSE,1610612749,Bucks,Milwaukee,MIL,bucks,14,20,113,0,1610612764,Wizards,Washington,WAS,wizards,8,24,114,0,2025-26,00,2,Regular Season
2025-12-31,0022500470,20251231/POROKC,3,Final,9,2025-12-31T00:00:00Z,1900-01-01T20:00:00Z,2025-12-31T20:00:00Z,2025-12-31T05:00:00Z,1900-01-01T01:00:00Z,2026-01-01T01:00:00Z,2025-12-31T17:00:00Z,2025-12-31T19:00:00Z,Wed,12,11,Week 11,false,"","","","",Paycom Center,OK,Oklahoma City,N,"","",FALSE,1610612760,Thunder,Oklahoma City,OKC,thunder,29,5,124,0,1610612757,Trail Blazers,Portland,POR,blazers,14,20,95,0,2025-26,00,2,Regular Season
2026-01-01,0022500471,20260101/HOUBKN,3,Final,1,2026-01-01T00:00:00Z,1900-01-01T18:00:00Z,2026-01-01T18:00:00Z,2026-01-01T05:00:00Z,1900-01-01T23:00:00Z,2026-01-01T23:00:00Z,2026-01-01T17:00:00Z,2026-01-01T18:00:00Z,Thu,1,11,Week 11,false,"","","","",Barclays Center,NY,Brooklyn,N,"","",FALSE,1610612751,Nets,Brooklyn,BKN,nets,10,21,96,0,1610612745,Rockets,Houston,HOU,rockets,21,10,120,0,2025-26,00,2,Regular Season
2026-01-01,0022500472,20260101/MIADET,3,Final,2,2026-01-01T00:00:00Z,1900-01-01T19:00:00Z,2026-01-01T19:00:00Z,2026-01-01T05:00:00Z,1900-01-01T00:00:00Z,2026-01-02T00:00:00Z,2026-01-01T19:00:00Z,2026-01-01T19:00:00Z,Thu,1,11,Week 11,false,"","","","",Little Caesars Arena,MI,Detroit,N,"","",FALSE,1610612765,Pistons,Detroit,DET,pistons,25,9,112,0,1610612748,Heat,Miami,MIA,heat,19,15,118,0,2025-26,00,2,Regular Season
2026-01-01,0022500473,20260101/PHIDAL,3,Final,3,2026-01-01T00:00:00Z,1900-01-01T20:30:00Z,2026-01-01T20:30:00Z,2026-01-01T05:00:00Z,1900-01-01T01:30:00Z,2026-01-02T01:30:00Z,2026-01-01T20:30:00Z,2026-01-01T19:30:00Z,Thu,1,11,Week 11,false,"","","","",American Airlines Center,TX,Dallas,N,"","",FALSE,1610612742,Mavericks,Dallas,DAL,mavericks,12,23,108,0,1610612755,76ers,Philadelphia,PHI,sixers,18,14,123,0,2025-26,00,2,Regular Season
2026-01-01,0022500474,20260101/BOSSAC,3,Final,4,2026-01-01T00:00:00Z,1900-01-01T22:00:00Z,2026-01-01T22:00:00Z,2026-01-01T05:00:00Z,1900-01-01T03:00:00Z,2026-01-02T03:00:00Z,2026-01-01T22:00:00Z,2026-01-01T19:00:00Z,Thu,1,11,Week 11,false,"","","","",Golden 1 Center,CA,Sacramento,N,"","",FALSE,1610612758,Kings,Sacramento,SAC,kings,8,26,106,0,1610612738,Celtics,Boston,BOS,celtics,21,12,120,0,2025-26,00,2,Regular Season
2026-01-01,0022500475,20260101/UTALAC,3,Final,5,2026-01-01T00:00:00Z,1900-01-01T22:30:00Z,2026-01-01T22:30:00Z,2026-01-01T05:00:00Z,1900-01-01T03:30:00Z,2026-01-02T03:30:00Z,2026-01-01T20:30:00Z,2026-01-01T19:30:00Z,Thu,1,11,Week 11,false,"","","","",Intuit Dome,CA,Inglewood,N,"","",FALSE,1610612746,Clippers,LA,LAC,clippers,12,21,118,0,1610612762,Jazz,Utah,UTA,jazz,12,21,101,0,2025-26,00,2,Regular Season
2026-01-02,0022500476,20260102/SASIND,3,Final,1,2026-01-02T00:00:00Z,1900-01-01T19:00:00Z,2026-01-02T19:00:00Z,2026-01-02T05:00:00Z,1900-01-01T00:00:00Z,2026-01-03T00:00:00Z,2026-01-02T18:00:00Z,2026-01-02T19:00:00Z,Fri,1,11,Week 11,false,"","","","",Gainbridge Fieldhouse,IN,Indianapolis,N,"","",FALSE,1610612754,Pacers,Indiana,IND,pacers,6,29,113,0,1610612759,Spurs,San Antonio,SAS,spurs,25,9,123,0,2025-26,00,2,Regular Season
2026-01-02,0022500477,20260102/BKNWAS,3,Final,2,2026-01-02T00:00:00Z,1900-01-01T19:00:00Z,2026-01-02T19:00:00Z,2026-01-02T05:00:00Z,1900-01-01T00:00:00Z,2026-01-03T00:00:00Z,2026-01-02T19:00:00Z,2026-01-02T19:00:00Z,Fri,1,11,Week 11,false,"","","","",Capital One Arena,DC,Washington,N,"","",FALSE,1610612764,Wizards,Washington,WAS,wizards,9,24,119,0,1610612751,Nets,Brooklyn,BKN,nets,10,22,99,0,2025-26,00,2,Regular Season
2026-01-02,0022500478,20260102/DENCLE,3,Final,3,2026-01-02T00:00:00Z,1900-01-01T19:30:00Z,2026-01-02T19:30:00Z,2026-01-02T05:00:00Z,1900-01-01T00:30:00Z,2026-01-03T00:30:00Z,2026-01-02T17:30:00Z,2026-01-02T19:30:00Z,Fri,1,11,Week 11,false,"","","","",Rocket Arena,OH,Cleveland,N,"","",FALSE,1610612739,Cavaliers,Cleveland,CLE,cavaliers,20,16,113,0,1610612743,Nuggets,Denver,DEN,nuggets,23,11,108,0,2025-26,00,2,Regular Season
2026-01-02,0022500479,20260102/ATLNYK,3,Final,4,2026-01-02T00:00:00Z,1900-01-01T19:30:00Z,2026-01-02T19:30:00Z,2026-01-02T05:00:00Z,1900-01-01T00:30:00Z,2026-01-03T00:30:00Z,2026-01-02T19:30:00Z,2026-01-02T19:30:00Z,Fri,1,11,Week 11,false,"","","","",Madison Square Garden,NY,New York,N,"","",FALSE,1610612752,Knicks,New York,NYK,knicks,23,11,99,0,1610612737,Hawks,Atlanta,ATL,hawks,17,19,111,0,2025-26,00,2,Regular Season
2026-01-02,0022500480,20260102/ORLCHI,3,Final,5,2026-01-02T00:00:00Z,1900-01-01T20:00:00Z,2026-01-02T20:00:00Z,2026-01-02T05:00:00Z,1900-01-01T01:00:00Z,2026-01-03T01:00:00Z,2026-01-02T20:00:00Z,2026-01-02T19:00:00Z,Fri,1,11,Week 11,false,"","","","",United Center,IL,Chicago,N,"","",FALSE,1610612741,Bulls,Chicago,CHI,bulls,17,17,121,0,1610612753,Magic,Orlando,ORL,magic,19,16,114,0,2025-26,00,2,Regular Season
2026-01-02,0022500481,20260102/CHAMIL,3,Final,6,2026-01-02T00:00:00Z,1900-01-01T20:00:00Z,2026-01-02T20:00:00Z,2026-01-02T05:00:00Z,1900-01-01T01:00:00Z,2026-01-03T01:00:00Z,2026-01-02T20:00:00Z,2026-01-02T19:00:00Z,Fri,1,11,Week 11,false,"","","","",Fiserv Forum,WI,Milwaukee,N,"","",FALSE,1610612749,Bucks,Milwaukee,MIL,bucks,15,20,122,0,1610612766,Hornets,Charlotte,CHA,hornets,11,23,121,0,2025-26,00,2,Regular Season
2026-01-02,0022500482,20260102/PORNOP,3,Final,7,2026-01-02T00:00:00Z,1900-01-01T20:00:00Z,2026-01-02T20:00:00Z,2026-01-02T05:00:00Z,1900-01-01T01:00:00Z,2026-01-03T01:00:00Z,2026-01-02T17:00:00Z,2026-01-02T19:00:00Z,Fri,1,11,Week 11,false,"","","","",Smoothie King Center,LA,New Orleans,N,"","",FALSE,1610612740,Pelicans,New Orleans,NOP,pelicans,8,28,109,0,1610612757,Trail Blazers,Portland,POR,blazers,15,20,122,0,2025-26,00,2,Regular Season
2026-01-02,0022500483,20260102/SACPHX,3,Final,8,2026-01-02T00:00:00Z,1900-01-01T21:00:00Z,2026-01-02T21:00:00Z,2026-01-02T05:00:00Z,1900-01-01T02:00:00Z,2026-01-03T02:00:00Z,2026-01-02T18:00:00Z,2026-01-02T19:00:00Z,Fri,1,11,Week 11,false,"","","","",Mortgage Matchup Center,AZ,Phoenix,N,"","",FALSE,1610612756,Suns,Phoenix,PHX,suns,20,14,129,0,1610612758,Kings,Sacramento,SAC,kings,8,27,102,0,2025-26,00,2,Regular Season
2026-01-02,0022500484,20260102/OKCGSW,3,Final,9,2026-01-02T00:00:00Z,1900-01-01T22:00:00Z,2026-01-02T22:00:00Z,2026-01-02T05:00:00Z,1900-01-01T03:00:00Z,2026-01-03T03:00:00Z,2026-01-02T21:00:00Z,2026-01-02T19:00:00Z,Fri,1,11,Week 11,false,"","","","",Chase Center,CA,San Francisco,N,"","",FALSE,1610612744,Warriors,Golden State,GSW,warriors,18,17,94,0,1610612760,Thunder,Oklahoma City,OKC,thunder,30,5,131,0,2025-26,00,2,Regular Season
2026-01-02,0022500485,20260102/MEMLAL,3,Final,10,2026-01-02T00:00:00Z,1900-01-01T22:30:00Z,2026-01-02T22:30:00Z,2026-01-02T05:00:00Z,1900-01-01T03:30:00Z,2026-01-03T03:30:00Z,2026-01-02T21:30:00Z,2026-01-02T19:30:00Z,Fri,1,11,Week 11,false,"","","","",Crypto.com Arena,CA,Los Angeles,N,"","",FALSE,1610612747,Lakers,Los Angeles,LAL,lakers,21,11,128,0,1610612763,Grizzlies,Memphis,MEM,grizzlies,15,19,121,0,2025-26,00,2,Regular Season
2026-01-03,0022500486,20260103/MINMIA,3,Final,1,2026-01-03T00:00:00Z,1900-01-01T17:00:00Z,2026-01-03T17:00:00Z,2026-01-03T05:00:00Z,1900-01-01T22:00:00Z,2026-01-03T22:00:00Z,2026-01-03T16:00:00Z,2026-01-03T17:00:00Z,Sat,1,11,Week 11,false,"","","","",Kaseya Center,FL,Miami,N,"","",FALSE,1610612748,Heat,Miami,MIA,heat,19,16,115,0,1610612750,Timberwolves,Minnesota,MIN,timberwolves,22,13,125,0,2025-26,00,2,Regular Season
2026-01-03,0022500487,20260103/PHINYK,3,Final,2,2026-01-03T00:00:00Z,1900-01-01T19:30:00Z,2026-01-03T19:30:00Z,2026-01-03T05:00:00Z,1900-01-01T00:30:00Z,2026-01-04T00:30:00Z,2026-01-03T19:30:00Z,2026-01-03T19:30:00Z,Sat,1,11,Week 11,false,"","","","",Madison Square Garden,NY,New York,N,"","",FALSE,1610612752,Knicks,New York,NYK,knicks,23,12,119,0,1610612755,76ers,Philadelphia,PHI,sixers,19,14,130,0,2025-26,00,2,Regular Season
2026-01-03,0022500488,20260103/ATLTOR,3,Final,3,2026-01-03T00:00:00Z,1900-01-01T19:30:00Z,2026-01-03T19:30:00Z,2026-01-03T05:00:00Z,1900-01-01T00:30:00Z,2026-01-04T00:30:00Z,2026-01-03T19:30:00Z,2026-01-03T19:30:00Z,Sat,1,11,Week 11,false,"","","","",Scotiabank Arena,ON,Toronto,N,"","",FALSE,1610612761,Raptors,Toronto,TOR,raptors,21,15,134,0,1610612737,Hawks,Atlanta,ATL,hawks,17,20,117,0,2025-26,00,2,Regular Season
2026-01-03,0022500489,20260103/CHACHI,3,Final,4,2026-01-03T00:00:00Z,1900-01-01T20:00:00Z,2026-01-03T20:00:00Z,2026-01-03T05:00:00Z,1900-01-01T01:00:00Z,2026-01-04T01:00:00Z,2026-01-03T20:00:00Z,2026-01-03T19:00:00Z,Sat,1,11,Week 11,false,"","","","",United Center,IL,Chicago,N,"","",FALSE,1610612741,Bulls,Chicago,CHI,bulls,17,18,99,0,1610612766,Hornets,Charlotte,CHA,hornets,12,23,112,0,2025-26,00,2,Regular Season
2026-01-03,0022500490,20260103/PORSAS,3,Final,5,2026-01-03T00:00:00Z,1900-01-01T20:00:00Z,2026-01-03T20:00:00Z,2026-01-03T05:00:00Z,1900-01-01T01:00:00Z,2026-01-04T01:00:00Z,2026-01-03T17:00:00Z,2026-01-03T19:00:00Z,Sat,1,11,Week 11,false,"","","","",Frost Bank Center,TX,San Antonio,N,"","",FALSE,1610612759,Spurs,San Antonio,SAS,spurs,25,10,110,0,1610612757,Trail Blazers,Portland,POR,blazers,16,20,115,0,2025-26,00,2,Regular Season
2026-01-03,0022500491,20260103/HOUDAL,3,Final,6,2026-01-03T00:00:00Z,1900-01-01T20:30:00Z,2026-01-03T20:30:00Z,2026-01-03T05:00:00Z,1900-01-01T01:30:00Z,2026-01-04T01:30:00Z,2026-01-03T19:30:00Z,2026-01-03T19:30:00Z,Sat,1,11,Week 11,false,"","","","",American Airlines Center,TX,Dallas,N,"","",FALSE,1610612742,Mavericks,Dallas,DAL,mavericks,13,23,110,0,1610612745,Rockets,Houston,HOU,rockets,21,11,104,0,2025-26,00,2,Regular Season
2026-01-03,0022500492,20260103/UTAGSW,3,Final,7,2026-01-03T00:00:00Z,1900-01-01T22:00:00Z,2026-01-03T22:00:00Z,2026-01-03T05:00:00Z,1900-01-01T03:00:00Z,2026-01-04T03:00:00Z,2026-01-03T20:00:00Z,2026-01-03T19:00:00Z,Sat,1,11,Week 11,false,"","","","",Chase Center,CA,San Francisco,N,"","",FALSE,1610612744,Warriors,Golden State,GSW,warriors,19,17,123,0,1610612762,Jazz,Utah,UTA,jazz,12,22,114,0,2025-26,00,2,Regular Season
2026-01-03,0022500493,20260103/BOSLAC,3,Final,8,2026-01-03T00:00:00Z,1900-01-01T22:30:00Z,2026-01-03T22:30:00Z,2026-01-03T05:00:00Z,1900-01-01T03:30:00Z,2026-01-04T03:30:00Z,2026-01-03T22:30:00Z,2026-01-03T19:30:00Z,Sat,1,11,Week 11,false,"","","","",Intuit Dome,CA,Inglewood,N,"","",FALSE,1610612746,Clippers,LA,LAC,clippers,12,22,115,0,1610612738,Celtics,Boston,BOS,celtics,22,12,146,0,2025-26,00,2,Regular Season
2026-01-04,0022500494,20260104/DETCLE,3,Final,1,2026-01-04T00:00:00Z,1900-01-01T14:00:00Z,2026-01-04T14:00:00Z,2026-01-04T05:00:00Z,1900-01-01T19:00:00Z,2026-01-04T19:00:00Z,2026-01-04T14:00:00Z,2026-01-04T14:00:00Z,Sun,1,11,Week 11,false,"","","","",Rocket Arena,OH,Cleveland,N,"","",FALSE,1610612739,Cavaliers,Cleveland,CLE,cavaliers,20,17,110,0,1610612765,Pistons,Detroit,DET,pistons,26,9,114,0,2025-26,00,2,Regular Season
2026-01-04,0022500495,20260104/INDORL,3,Final,2,2026-01-04T00:00:00Z,1900-01-01T15:00:00Z,2026-01-04T15:00:00Z,2026-01-04T05:00:00Z,1900-01-01T20:00:00Z,2026-01-04T20:00:00Z,2026-01-04T15:00:00Z,2026-01-04T15:00:00Z,Sun,1,11,Week 11,false,"","","","",Kia Center,FL,Orlando,N,"","",FALSE,1610612753,Magic,Orlando,ORL,magic,20,16,135,0,1610612754,Pacers,Indiana,IND,pacers,6,30,127,0,2025-26,00,2,Regular Season
2026-01-04,0022500496,20260104/DENBKN,3,Final,3,2026-01-04T00:00:00Z,1900-01-01T15:30:00Z,2026-01-04T15:30:00Z,2026-01-04T05:00:00Z,1900-01-01T20:30:00Z,2026-01-04T20:30:00Z,2026-01-04T13:30:00Z,2026-01-04T15:30:00Z,Sun,1,11,Week 11,false,"","","","",Barclays Center,NY,Brooklyn,N,"","",FALSE,1610612751,Nets,Brooklyn,BKN,nets,11,22,127,0,1610612743,Nuggets,Denver,DEN,nuggets,23,12,115,0,2025-26,00,2,Regular Season
2026-01-04,0022500497,20260104/NOPMIA,3,Final,4,2026-01-04T00:00:00Z,1900-01-01T18:00:00Z,2026-01-04T18:00:00Z,2026-01-04T05:00:00Z,1900-01-01T23:00:00Z,2026-01-04T23:00:00Z,2026-01-04T17:00:00Z,2026-01-04T18:00:00Z,Sun,1,11,Week 11,false,"","","","",Kaseya Center,FL,Miami,N,"","",FALSE,1610612748,Heat,Miami,MIA,heat,20,16,125,0,1610612740,Pelicans,New Orleans,NOP,pelicans,8,29,106,0,2025-26,00,2,Regular Season
2026-01-04,0022500498,20260104/MINWAS,3,Final,5,2026-01-04T00:00:00Z,1900-01-01T18:00:00Z,2026-01-04T18:00:00Z,2026-01-04T05:00:00Z,1900-01-01T23:00:00Z,2026-01-04T23:00:00Z,2026-01-04T17:00:00Z,2026-01-04T18:00:00Z,Sun,1,11,Week 11,false,"","","","",Capital One Arena,DC,Washington,N,"","",FALSE,1610612764,Wizards,Washington,WAS,wizards,9,25,115,0,1610612750,Timberwolves,Minnesota,MIN,timberwolves,23,13,141,0,2025-26,00,2,Regular Season
2026-01-04,0022500499,20260104/OKCPHX,3,Final,6,2026-01-04T00:00:00Z,1900-01-01T20:00:00Z,2026-01-04T20:00:00Z,2026-01-04T05:00:00Z,1900-01-01T01:00:00Z,2026-01-05T01:00:00Z,2026-01-04T19:00:00Z,2026-01-04T18:00:00Z,Sun,1,11,Week 11,false,"","","","",Mortgage Matchup Center,AZ,Phoenix,N,"","",FALSE,1610612756,Suns,Phoenix,PHX,suns,21,14,108,0,1610612760,Thunder,Oklahoma City,OKC,thunder,30,6,105,0,2025-26,00,2,Regular Season
2026-01-04,0022500500,20260104/MILSAC,3,Final,7,2026-01-04T00:00:00Z,1900-01-01T21:00:00Z,2026-01-04T21:00:00Z,2026-01-04T05:00:00Z,1900-01-01T02:00:00Z,2026-01-05T02:00:00Z,2026-01-04T20:00:00Z,2026-01-04T18:00:00Z,Sun,1,11,Week 11,false,"","","","",Golden 1 Center,CA,Sacramento,N,"","",FALSE,1610612758,Kings,Sacramento,SAC,kings,8,28,98,0,1610612749,Bucks,Milwaukee,MIL,bucks,16,20,115,0,2025-26,00,2,Regular Season
2026-01-04,0022500501,20260104/MEMLAL,3,Final,8,2026-01-04T00:00:00Z,1900-01-01T21:30:00Z,2026-01-04T21:30:00Z,2026-01-04T05:00:00Z,1900-01-01T02:30:00Z,2026-01-05T02:30:00Z,2026-01-04T20:30:00Z,2026-01-04T18:30:00Z,Sun,1,11,Week 11,false,"","","","",Crypto.com Arena,CA,Los Angeles,N,"","",FALSE,1610612747,Lakers,Los Angeles,LAL,lakers,22,11,120,0,1610612763,Grizzlies,Memphis,MEM,grizzlies,15,20,114,0,2025-26,00,2,Regular Season
2026-01-05,0022500502,20260105/NYKDET,3,Final,1,2026-01-05T00:00:00Z,1900-01-01T19:00:00Z,2026-01-05T19:00:00Z,2026-01-05T05:00:00Z,1900-01-01T00:00:00Z,2026-01-06T00:00:00Z,2026-01-05T19:00:00Z,2026-01-05T19:00:00Z,Mon,1,12,Week 12,false,"","","","",Little Caesars Arena,MI,Detroit,N,"","",FALSE,1610612765,Pistons,Detroit,DET,pistons,27,9,121,0,1610612752,Knicks,New York,NYK,knicks,23,13,90,0,2025-26,00,2,Regular Season
2026-01-05,0022500503,20260105/CHIBOS,3,Final,2,2026-01-05T00:00:00Z,1900-01-01T19:30:00Z,2026-01-05T19:30:00Z,2026-01-05T05:00:00Z,1900-01-01T00:30:00Z,2026-01-06T00:30:00Z,2026-01-05T18:30:00Z,2026-01-05T19:30:00Z,Mon,1,12,Week 12,false,"","","","",TD Garden,MA,Boston,N,"","",FALSE,1610612738,Celtics,Boston,BOS,celtics,23,12,115,0,1610612741,Bulls,Chicago,CHI,bulls,17,19,101,0,2025-26,00,2,Regular Season
2026-01-05,0022500504,20260105/ATLTOR,3,Final,3,2026-01-05T00:00:00Z,1900-01-01T19:30:00Z,2026-01-05T19:30:00Z,2026-01-05T05:00:00Z,1900-01-01T00:30:00Z,2026-01-06T00:30:00Z,2026-01-05T19:30:00Z,2026-01-05T19:30:00Z,Mon,1,12,Week 12,false,"","","","",Scotiabank Arena,ON,Toronto,N,"","",FALSE,1610612761,Raptors,Toronto,TOR,raptors,22,15,118,0,1610612737,Hawks,Atlanta,ATL,hawks,17,21,100,0,2025-26,00,2,Regular Season
2026-01-05,0022500505,20260105/PHXHOU,3,Final,4,2026-01-05T00:00:00Z,1900-01-01T20:00:00Z,2026-01-05T20:00:00Z,2026-01-05T05:00:00Z,1900-01-01T01:00:00Z,2026-01-06T01:00:00Z,2026-01-05T18:00:00Z,2026-01-05T19:00:00Z,Mon,1,12,Week 12,false,"","","","",Toyota Center,TX,Houston,N,"","",FALSE,1610612745,Rockets,Houston,HOU,rockets,22,11,100,0,1610612756,Suns,Phoenix,PHX,suns,21,15,97,0,2025-26,00,2,Regular Season
2026-01-05,0022500506,20260105/CHAOKC,3,Final,5,2026-01-05T00:00:00Z,1900-01-01T20:00:00Z,2026-01-05T20:00:00Z,2026-01-05T05:00:00Z,1900-01-01T01:00:00Z,2026-01-06T01:00:00Z,2026-01-05T20:00:00Z,2026-01-05T19:00:00Z,Mon,1,12,Week 12,false,"","","","",Paycom Center,OK,Oklahoma City,N,"","",FALSE,1610612760,Thunder,Oklahoma City,OKC,thunder,30,7,97,0,1610612766,Hornets,Charlotte,CHA,hornets,13,23,124,0,2025-26,00,2,Regular Season
2026-01-05,0022500507,20260105/DENPHI,3,Final/OT,6,2026-01-05T00:00:00Z,1900-01-01T20:30:00Z,2026-01-05T20:30:00Z,2026-01-05T05:00:00Z,1900-01-01T01:30:00Z,2026-01-06T01:30:00Z,2026-01-05T18:30:00Z,2026-01-05T20:30:00Z,Mon,1,12,Week 12,false,"","","","",Xfinity Mobile Arena,PA,Philadelphia,N,"","",FALSE,1610612755,76ers,Philadelphia,PHI,sixers,19,15,124,0,1610612743,Nuggets,Denver,DEN,nuggets,24,12,125,0,2025-26,00,2,Regular Season
2026-01-05,0022500508,20260105/GSWLAC,3,Final,7,2026-01-05T00:00:00Z,1900-01-01T22:00:00Z,2026-01-05T22:00:00Z,2026-01-05T05:00:00Z,1900-01-01T03:00:00Z,2026-01-06T03:00:00Z,2026-01-05T19:00:00Z,2026-01-05T19:00:00Z,Mon,1,12,Week 12,false,"","","","",Intuit Dome,CA,Inglewood,N,"","",FALSE,1610612746,Clippers,LA,LAC,clippers,13,22,103,0,1610612744,Warriors,Golden State,GSW,warriors,19,18,102,0,2025-26,00,2,Regular Season
2026-01-05,0022500509,20260105/UTAPOR,3,Final,8,2026-01-05T00:00:00Z,1900-01-01T22:00:00Z,2026-01-05T22:00:00Z,2026-01-05T05:00:00Z,1900-01-01T03:00:00Z,2026-01-06T03:00:00Z,2026-01-05T20:00:00Z,2026-01-05T19:00:00Z,Mon,1,12,Week 12,false,"","","","",Moda Center,OR,Portland,N,"","",FALSE,1610612757,Trail Blazers,Portland,POR,blazers,17,20,137,0,1610612762,Jazz,Utah,UTA,jazz,12,23,117,0,2025-26,00,2,Regular Season
2026-01-06,0022500510,20260106/CLEIND,3,Final,1,2026-01-06T00:00:00Z,1900-01-01T19:00:00Z,2026-01-06T19:00:00Z,2026-01-06T05:00:00Z,1900-01-01T00:00:00Z,2026-01-07T00:00:00Z,2026-01-06T19:00:00Z,2026-01-06T19:00:00Z,Tue,1,12,Week 12,false,"","","","",Gainbridge Fieldhouse,IN,Indianapolis,N,"","",FALSE,1610612754,Pacers,Indiana,IND,pacers,6,31,116,0,1610612739,Cavaliers,Cleveland,CLE,cavaliers,21,17,120,0,2025-26,00,2,Regular Season
2026-01-06,0022500511,20260106/ORLWAS,3,Final,2,2026-01-06T00:00:00Z,1900-01-01T19:00:00Z,2026-01-06T19:00:00Z,2026-01-06T05:00:00Z,1900-01-01T00:00:00Z,2026-01-07T00:00:00Z,2026-01-06T19:00:00Z,2026-01-06T19:00:00Z,Tue,1,12,Week 12,false,"","","","",Capital One Arena,DC,Washington,N,"","",FALSE,1610612764,Wizards,Washington,WAS,wizards,10,25,120,0,1610612753,Magic,Orlando,ORL,magic,20,17,112,0,2025-26,00,2,Regular Season
2026-01-06,0022500512,20260106/SASMEM,3,Final,3,2026-01-06T00:00:00Z,1900-01-01T20:00:00Z,2026-01-06T20:00:00Z,2026-01-06T05:00:00Z,1900-01-01T01:00:00Z,2026-01-07T01:00:00Z,2026-01-06T19:00:00Z,2026-01-06T19:00:00Z,Tue,1,12,Week 12,false,"","","","",FedExForum,TN,Memphis,N,"","",FALSE,1610612763,Grizzlies,Memphis,MEM,grizzlies,16,20,106,0,1610612759,Spurs,San Antonio,SAS,spurs,25,11,105,0,2025-26,00,2,Regular Season
2026-01-06,0022500513,20260106/MIAMIN,3,Final,4,2026-01-06T00:00:00Z,1900-01-01T20:00:00Z,2026-01-06T20:00:00Z,2026-01-06T05:00:00Z,1900-01-01T01:00:00Z,2026-01-07T01:00:00Z,2026-01-06T20:00:00Z,2026-01-06T19:00:00Z,Tue,1,12,Week 12,false,"","","","",Target Center,MN,Minneapolis,N,"","",FALSE,1610612750,Timberwolves,Minnesota,MIN,timberwolves,24,13,122,0,1610612748,Heat,Miami,MIA,heat,20,17,94,0,2025-26,00,2,Regular Season
2026-01-06,0022500514,20260106/LALNOP,3,Final,5,2026-01-06T00:00:00Z,1900-01-01T20:00:00Z,2026-01-06T20:00:00Z,2026-01-06T05:00:00Z,1900-01-01T01:00:00Z,2026-01-07T01:00:00Z,2026-01-06T17:00:00Z,2026-01-06T19:00:00Z,Tue,1,12,Week 12,false,"","","","",Smoothie King Center,LA,New Orleans,N,"","",FALSE,1610612740,Pelicans,New Orleans,NOP,pelicans,8,30,103,0,1610612747,Lakers,Los Angeles,LAL,lakers,23,11,111,0,2025-26,00,2,Regular Season
2026-01-06,0022500515,20260106/DALSAC,3,Final,6,2026-01-06T00:00:00Z,1900-01-01T23:00:00Z,2026-01-06T23:00:00Z,2026-01-06T05:00:00Z,1900-01-01T04:00:00Z,2026-01-07T04:00:00Z,2026-01-06T22:00:00Z,2026-01-06T20:00:00Z,Tue,1,12,Week 12,false,"","","","",Golden 1 Center,CA,Sacramento,N,"","",FALSE,1610612758,Kings,Sacramento,SAC,kings,8,29,98,0,1610612742,Mavericks,Dallas,DAL,mavericks,14,23,100,0,2025-26,00,2,Regular Season
2026-01-07,0022500516,20260107/TORCHA,3,Final,1,2026-01-07T00:00:00Z,1900-01-01T19:00:00Z,2026-01-07T19:00:00Z,2026-01-07T05:00:00Z,1900-01-01T00:00:00Z,2026-01-08T00:00:00Z,2026-01-07T19:00:00Z,2026-01-07T19:00:00Z,Wed,1,12,Week 12,false,"","","","",Spectrum Center,NC,Charlotte,N,"","",FALSE,1610612766,Hornets,Charlotte,CHA,hornets,13,24,96,0,1610612761,Raptors,Toronto,TOR,raptors,23,15,97,0,2025-26,00,2,Regular Season
2026-01-07,0022500517,20260107/CHIDET,3,Final,2,2026-01-07T00:00:00Z,1900-01-01T19:00:00Z,2026-01-07T19:00:00Z,2026-01-07T05:00:00Z,1900-01-01T00:00:00Z,2026-01-08T00:00:00Z,2026-01-07T18:00:00Z,2026-01-07T19:00:00Z,Wed,1,12,Week 12,false,"","","","",Little Caesars Arena,MI,Detroit,N,"","",FALSE,1610612765,Pistons,Detroit,DET,pistons,28,9,108,0,1610612741,Bulls,Chicago,CHI,bulls,17,20,93,0,2025-26,00,2,Regular Season
2026-01-07,0022500518,20260107/WASPHI,3,Final,3,2026-01-07T00:00:00Z,1900-01-01T19:00:00Z,2026-01-07T19:00:00Z,2026-01-07T05:00:00Z,1900-01-01T00:00:00Z,2026-01-08T00:00:00Z,2026-01-07T19:00:00Z,2026-01-07T19:00:00Z,Wed,1,12,Week 12,false,"","","","",Xfinity Mobile Arena,PA,Philadelphia,N,"","",FALSE,1610612755,76ers,Philadelphia,PHI,sixers,20,15,131,0,1610612764,Wizards,Washington,WAS,wizards,10,26,110,0,2025-26,00,2,Regular Season
2026-01-07,0022500519,20260107/NOPATL,3,Final,5,2026-01-07T00:00:00Z,1900-01-01T19:30:00Z,2026-01-07T19:30:00Z,2026-01-07T05:00:00Z,1900-01-01T00:30:00Z,2026-01-08T00:30:00Z,2026-01-07T18:30:00Z,2026-01-07T19:30:00Z,Wed,1,12,Week 12,false,"","","","",State Farm Arena,GA,Atlanta,N,"","",FALSE,1610612737,Hawks,Atlanta,ATL,hawks,18,21,117,0,1610612740,Pelicans,New Orleans,NOP,pelicans,8,31,100,0,2025-26,00,2,Regular Season
2026-01-07,0022500520,20260107/DENBOS,3,Final,4,2026-01-07T00:00:00Z,1900-01-01T19:00:00Z,2026-01-07T19:00:00Z,2026-01-07T05:00:00Z,1900-01-01T00:00:00Z,2026-01-08T00:00:00Z,2026-01-07T17:00:00Z,2026-01-07T19:00:00Z,Wed,1,12,Week 12,false,"","","","",TD Garden,MA,Boston,N,"","",FALSE,1610612738,Celtics,Boston,BOS,celtics,23,13,110,0,1610612743,Nuggets,Denver,DEN,nuggets,25,12,114,0,2025-26,00,2,Regular Season
2026-01-07,0022500521,20260107/ORLBKN,3,Final/OT,6,2026-01-07T00:00:00Z,1900-01-01T19:30:00Z,2026-01-07T19:30:00Z,2026-01-07T05:00:00Z,1900-01-01T00:30:00Z,2026-01-08T00:30:00Z,2026-01-07T19:30:00Z,2026-01-07T19:30:00Z,Wed,1,12,Week 12,false,"","","","",Barclays Center,NY,Brooklyn,N,"","",FALSE,1610612751,Nets,Brooklyn,BKN,nets,11,23,103,0,1610612753,Magic,Orlando,ORL,magic,21,17,104,0,2025-26,00,2,Regular Season
2026-01-07,0022500522,20260107/LACNYK,3,Final,7,2026-01-07T00:00:00Z,1900-01-01T19:30:00Z,2026-01-07T19:30:00Z,2026-01-07T05:00:00Z,1900-01-01T00:30:00Z,2026-01-08T00:30:00Z,2026-01-07T16:30:00Z,2026-01-07T19:30:00Z,Wed,1,12,Week 12,false,"","","","",Madison Square Garden,NY,New York,N,"","",FALSE,1610612752,Knicks,New York,NYK,knicks,24,13,123,0,1610612746,Clippers,LA,LAC,clippers,13,23,111,0,2025-26,00,2,Regular Season
2026-01-07,0022500523,20260107/LALSAS,3,Final,10,2026-01-07T00:00:00Z,1900-01-01T21:30:00Z,2026-01-07T21:30:00Z,2026-01-07T05:00:00Z,1900-01-01T02:30:00Z,2026-01-08T02:30:00Z,2026-01-07T18:30:00Z,2026-01-07T20:30:00Z,Wed,1,12,Week 12,false,"","","","",Frost Bank Center,TX,San Antonio,N,"","",FALSE,1610612759,Spurs,San Antonio,SAS,spurs,26,11,107,0,1610612747,Lakers,Los Angeles,LAL,lakers,23,12,91,0,2025-26,00,2,Regular Season
2026-01-07,0022500524,20260107/PHXMEM,3,Final,8,2026-01-07T00:00:00Z,1900-01-01T20:00:00Z,2026-01-07T20:00:00Z,2026-01-07T05:00:00Z,1900-01-01T01:00:00Z,2026-01-08T01:00:00Z,2026-01-07T18:00:00Z,2026-01-07T19:00:00Z,Wed,1,12,Week 12,false,"","","","",FedExForum,TN,Memphis,N,"","",FALSE,1610612763,Grizzlies,Memphis,MEM,grizzlies,16,21,98,0,1610612756,Suns,Phoenix,PHX,suns,22,15,117,0,2025-26,00,2,Regular Season
2026-01-07,0022500525,20260107/UTAOKC,3,Final/OT,9,2026-01-07T00:00:00Z,1900-01-01T20:00:00Z,2026-01-07T20:00:00Z,2026-01-07T05:00:00Z,1900-01-01T01:00:00Z,2026-01-08T01:00:00Z,2026-01-07T18:00:00Z,2026-01-07T19:00:00Z,Wed,1,12,Week 12,false,"","","","",Paycom Center,OK,Oklahoma City,N,"","",FALSE,1610612760,Thunder,Oklahoma City,OKC,thunder,31,7,129,0,1610612762,Jazz,Utah,UTA,jazz,12,24,125,0,2025-26,00,2,Regular Season
2026-01-07,0022500526,20260107/MILGSW,3,Final,11,2026-01-07T00:00:00Z,1900-01-01T22:00:00Z,2026-01-07T22:00:00Z,2026-01-07T05:00:00Z,1900-01-01T03:00:00Z,2026-01-08T03:00:00Z,2026-01-07T21:00:00Z,2026-01-07T19:00:00Z,Wed,1,12,Week 12,false,"","","","",Chase Center,CA,San Francisco,N,"","",FALSE,1610612744,Warriors,Golden State,GSW,warriors,20,18,120,0,1610612749,Bucks,Milwaukee,MIL,bucks,16,21,113,0,2025-26,00,2,Regular Season
2026-01-07,0022500527,20260107/HOUPOR,3,Final,12,2026-01-07T00:00:00Z,1900-01-01T22:00:00Z,2026-01-07T22:00:00Z,2026-01-07T05:00:00Z,1900-01-01T03:00:00Z,2026-01-08T03:00:00Z,2026-01-07T21:00:00Z,2026-01-07T19:00:00Z,Wed,1,12,Week 12,false,"","","","",Moda Center,OR,Portland,N,"","",FALSE,1610612757,Trail Blazers,Portland,POR,blazers,18,20,103,0,1610612745,Rockets,Houston,HOU,rockets,22,12,102,0,2025-26,00,2,Regular Season
2026-01-08,0022500528,20260108/INDCHA,3,Final,1,2026-01-08T00:00:00Z,1900-01-01T19:00:00Z,2026-01-08T19:00:00Z,2026-01-08T05:00:00Z,1900-01-01T00:00:00Z,2026-01-09T00:00:00Z,2026-01-08T19:00:00Z,2026-01-08T19:00:00Z,Thu,1,12,Week 12,false,"","","","",Spectrum Center,NC,Charlotte,N,"","",FALSE,1610612766,Hornets,Charlotte,CHA,hornets,13,25,112,0,1610612754,Pacers,Indiana,IND,pacers,7,31,114,0,2025-26,00,2,Regular Season
2026-01-08,0022500530,20260108/CLEMIN,3,Final,2,2026-01-08T00:00:00Z,1900-01-01T20:00:00Z,2026-01-08T20:00:00Z,2026-01-08T05:00:00Z,1900-01-01T01:00:00Z,2026-01-09T01:00:00Z,2026-01-08T20:00:00Z,2026-01-08T19:00:00Z,Thu,1,12,Week 12,false,"","","","",Target Center,MN,Minneapolis,N,"","",FALSE,1610612750,Timberwolves,Minnesota,MIN,timberwolves,25,13,131,0,1610612739,Cavaliers,Cleveland,CLE,cavaliers,21,18,122,0,2025-26,00,2,Regular Season
2026-01-08,0022500531,20260108/DALUTA,3,Final,3,2026-01-08T00:00:00Z,1900-01-01T21:00:00Z,2026-01-08T21:00:00Z,2026-01-08T05:00:00Z,1900-01-01T02:00:00Z,2026-01-09T02:00:00Z,2026-01-08T20:00:00Z,2026-01-08T19:00:00Z,Thu,1,12,Week 12,false,"","","","",Delta Center,UT,Salt Lake City,N,"","",FALSE,1610612762,Jazz,Utah,UTA,jazz,13,24,116,0,1610612742,Mavericks,Dallas,DAL,mavericks,14,24,114,0,2025-26,00,2,Regular Season
2026-01-09,0022500532,20260109/TORBOS,3,Final,1,2026-01-09T00:00:00Z,1900-01-01T19:00:00Z,2026-01-09T19:00:00Z,2026-01-09T05:00:00Z,1900-01-01T00:00:00Z,2026-01-10T00:00:00Z,2026-01-09T19:00:00Z,2026-01-09T19:00:00Z,Fri,1,12,Week 12,false,"","","","",TD Garden,MA,Boston,N,"","",FALSE,1610612738,Celtics,Boston,BOS,celtics,24,13,125,0,1610612761,Raptors,Toronto,TOR,raptors,23,16,117,0,2025-26,00,2,Regular Season
2026-01-09,0022500533,20260109/PHIORL,3,Final,2,2026-01-09T00:00:00Z,1900-01-01T19:00:00Z,2026-01-09T19:00:00Z,2026-01-09T05:00:00Z,1900-01-01T00:00:00Z,2026-01-10T00:00:00Z,2026-01-09T19:00:00Z,2026-01-09T19:00:00Z,Fri,1,12,Week 12,false,"","","","",Kia Center,FL,Orlando,N,"","",FALSE,1610612753,Magic,Orlando,ORL,magic,21,18,91,0,1610612755,76ers,Philadelphia,PHI,sixers,21,15,103,0,2025-26,00,2,Regular Season
2026-01-09,0022500534,20260109/NOPWAS,3,Final,3,2026-01-09T00:00:00Z,1900-01-01T19:00:00Z,2026-01-09T19:00:00Z,2026-01-09T05:00:00Z,1900-01-01T00:00:00Z,2026-01-10T00:00:00Z,2026-01-09T18:00:00Z,2026-01-09T19:00:00Z,Fri,1,12,Week 12,false,"","","","",Capital One Arena,DC,Washington,N,"","",FALSE,1610612764,Wizards,Washington,WAS,wizards,10,27,107,0,1610612740,Pelicans,New Orleans,NOP,pelicans,9,31,128,0,2025-26,00,2,Regular Season
2026-01-09,0022500535,20260109/LACBKN,3,Final,4,2026-01-09T00:00:00Z,1900-01-01T19:30:00Z,2026-01-09T19:30:00Z,2026-01-09T05:00:00Z,1900-01-01T00:30:00Z,2026-01-10T00:30:00Z,2026-01-09T16:30:00Z,2026-01-09T19:30:00Z,Fri,1,12,Week 12,false,"","","","",Barclays Center,NY,Brooklyn,N,"","",FALSE,1610612751,Nets,Brooklyn,BKN,nets,11,24,105,0,1610612746,Clippers,LA,LAC,clippers,14,23,121,0,2025-26,00,2,Regular Season
2026-01-09,0022500536,20260109/OKCMEM,3,Final,5,2026-01-09T00:00:00Z,1900-01-01T20:00:00Z,2026-01-09T20:00:00Z,2026-01-09T05:00:00Z,1900-01-01T01:00:00Z,2026-01-10T01:00:00Z,2026-01-09T19:00:00Z,2026-01-09T19:00:00Z,Fri,1,12,Week 12,false,"","","","",FedExForum,TN,Memphis,N,"","",FALSE,1610612763,Grizzlies,Memphis,MEM,grizzlies,16,22,116,0,1610612760,Thunder,Oklahoma City,OKC,thunder,32,7,117,0,2025-26,00,2,Regular Season
2026-01-09,0022500537,20260109/ATLDEN,3,Final,6,2026-01-09T00:00:00Z,1900-01-01T21:00:00Z,2026-01-09T21:00:00Z,2026-01-09T05:00:00Z,1900-01-01T02:00:00Z,2026-01-10T02:00:00Z,2026-01-09T21:00:00Z,2026-01-09T19:00:00Z,Fri,1,12,Week 12,false,"","","","",Ball Arena,CO,Denver,N,"","",FALSE,1610612743,Nuggets,Denver,DEN,nuggets,25,13,87,0,1610612737,Hawks,Atlanta,ATL,hawks,19,21,110,0,2025-26,00,2,Regular Season
2026-01-09,0022500538,20260109/NYKPHX,3,Final,7,2026-01-09T00:00:00Z,1900-01-01T21:00:00Z,2026-01-09T21:00:00Z,2026-01-09T05:00:00Z,1900-01-01T02:00:00Z,2026-01-10T02:00:00Z,2026-01-09T21:00:00Z,2026-01-09T19:00:00Z,Fri,1,12,Week 12,false,"","","","",Mortgage Matchup Center,AZ,Phoenix,N,"","",FALSE,1610612756,Suns,Phoenix,PHX,suns,23,15,112,0,1610612752,Knicks,New York,NYK,knicks,24,14,107,0,2025-26,00,2,Regular Season
2026-01-09,0022500539,20260109/SACGSW,3,Final,8,2026-01-09T00:00:00Z,1900-01-01T22:00:00Z,2026-01-09T22:00:00Z,2026-01-09T05:00:00Z,1900-01-01T03:00:00Z,2026-01-10T03:00:00Z,2026-01-09T19:00:00Z,2026-01-09T19:00:00Z,Fri,1,12,Week 12,false,"","","","",Chase Center,CA,San Francisco,N,"","",FALSE,1610612744,Warriors,Golden State,GSW,warriors,21,18,137,0,1610612758,Kings,Sacramento,SAC,kings,8,30,103,0,2025-26,00,2,Regular Season
2026-01-09,0022500540,20260109/HOUPOR,3,Final,9,2026-01-09T00:00:00Z,1900-01-01T22:00:00Z,2026-01-09T22:00:00Z,2026-01-09T05:00:00Z,1900-01-01T03:00:00Z,2026-01-10T03:00:00Z,2026-01-09T21:00:00Z,2026-01-09T19:00:00Z,Fri,1,12,Week 12,false,"","","","",Moda Center,OR,Portland,N,"","",FALSE,1610612757,Trail Blazers,Portland,POR,blazers,19,20,111,0,1610612745,Rockets,Houston,HOU,rockets,22,13,105,0,2025-26,00,2,Regular Season
2026-01-09,0022500541,20260109/MILLAL,3,Final,10,2026-01-09T00:00:00Z,1900-01-01T22:30:00Z,2026-01-09T22:30:00Z,2026-01-09T05:00:00Z,1900-01-01T03:30:00Z,2026-01-10T03:30:00Z,2026-01-09T21:30:00Z,2026-01-09T19:30:00Z,Fri,1,12,Week 12,false,"","","","",Crypto.com Arena,CA,Los Angeles,N,"","",FALSE,1610612747,Lakers,Los Angeles,LAL,lakers,23,13,101,0,1610612749,Bucks,Milwaukee,MIL,bucks,17,21,105,0,2025-26,00,2,Regular Season
2026-01-10,0022500542,20260110/MINCLE,3,Final,1,2026-01-10T00:00:00Z,1900-01-01T13:00:00Z,2026-01-10T13:00:00Z,2026-01-10T05:00:00Z,1900-01-01T18:00:00Z,2026-01-10T18:00:00Z,2026-01-10T12:00:00Z,2026-01-10T13:00:00Z,Sat,1,12,Week 12,false,"","","","",Rocket Arena,OH,Cleveland,N,"","",FALSE,1610612739,Cavaliers,Cleveland,CLE,cavaliers,22,18,146,0,1610612750,Timberwolves,Minnesota,MIN,timberwolves,25,14,134,0,2025-26,00,2,Regular Season
2026-01-10,0022500543,20260110/MIAIND,3,Final,2,2026-01-10T00:00:00Z,1900-01-01T19:00:00Z,2026-01-10T19:00:00Z,2026-01-10T05:00:00Z,1900-01-01T00:00:00Z,2026-01-11T00:00:00Z,2026-01-10T19:00:00Z,2026-01-10T19:00:00Z,Sat,1,12,Week 12,false,"","","","",Gainbridge Fieldhouse,IN,Indianapolis,N,"","",FALSE,1610612754,Pacers,Indiana,IND,pacers,8,31,123,0,1610612748,Heat,Miami,MIA,heat,20,18,99,0,2025-26,00,2,Regular Season
2026-01-10,0022500544,20260110/LACDET,3,Final,3,2026-01-10T00:00:00Z,1900-01-01T19:30:00Z,2026-01-10T19:30:00Z,2026-01-10T05:00:00Z,1900-01-01T00:30:00Z,2026-01-11T00:30:00Z,2026-01-10T16:30:00Z,2026-01-10T19:30:00Z,Sat,1,12,Week 12,false,"","","","",Little Caesars Arena,MI,Detroit,N,"","",FALSE,1610612765,Pistons,Detroit,DET,pistons,28,10,92,0,1610612746,Clippers,LA,LAC,clippers,15,23,98,0,2025-26,00,2,Regular Season
2026-01-10,0022500545,20260110/SASBOS,3,Final,4,2026-01-10T00:00:00Z,1900-01-01T20:00:00Z,2026-01-10T20:00:00Z,2026-01-10T05:00:00Z,1900-01-01T01:00:00Z,2026-01-11T01:00:00Z,2026-01-10T19:00:00Z,2026-01-10T20:00:00Z,Sat,1,12,Week 12,false,"","","","",TD Garden,MA,Boston,N,"","",FALSE,1610612738,Celtics,Boston,BOS,celtics,24,14,95,0,1610612759,Spurs,San Antonio,SAS,spurs,27,11,100,0,2025-26,00,2,Regular Season
2026-01-10,0022500546,20260110/DALCHI,3,Final,5,2026-01-10T00:00:00Z,1900-01-01T20:00:00Z,2026-01-10T20:00:00Z,2026-01-10T05:00:00Z,1900-01-01T01:00:00Z,2026-01-11T01:00:00Z,2026-01-10T19:00:00Z,2026-01-10T19:00:00Z,Sat,1,12,Week 12,false,"","","","",United Center,IL,Chicago,N,"","",FALSE,1610612741,Bulls,Chicago,CHI,bulls,18,20,125,0,1610612742,Mavericks,Dallas,DAL,mavericks,14,25,107,0,2025-26,00,2,Regular Season
2026-01-10,0022500547,20260110/CHAUTA,3,Final,6,2026-01-10T00:00:00Z,1900-01-01T21:30:00Z,2026-01-10T21:30:00Z,2026-01-10T05:00:00Z,1900-01-01T02:30:00Z,2026-01-11T02:30:00Z,2026-01-10T21:30:00Z,2026-01-10T19:30:00Z,Sat,1,12,Week 12,false,"","","","",Delta Center,UT,Salt Lake City,N,"","",FALSE,1610612762,Jazz,Utah,UTA,jazz,13,25,95,0,1610612766,Hornets,Charlotte,CHA,hornets,14,25,150,0,2025-26,00,2,Regular Season
2026-01-11,0022500548,20260111/NOPORL,3,Final,1,2026-01-11T00:00:00Z,1900-01-01T15:00:00Z,2026-01-11T15:00:00Z,2026-01-11T05:00:00Z,1900-01-01T20:00:00Z,2026-01-11T20:00:00Z,2026-01-11T14:00:00Z,2026-01-11T15:00:00Z,Sun,1,12,Week 12,false,"","","","",Kia Center,FL,Orlando,N,"","",FALSE,1610612753,Magic,Orlando,ORL,magic,22,18,128,0,1610612740,Pelicans,New Orleans,NOP,pelicans,9,32,118,0,2025-26,00,2,Regular Season
2026-01-11,0022500549,20260111/BKNMEM,3,Final,2,2026-01-11T00:00:00Z,1900-01-01T15:30:00Z,2026-01-11T15:30:00Z,2026-01-11T05:00:00Z,1900-01-01T20:30:00Z,2026-01-11T20:30:00Z,2026-01-11T15:30:00Z,2026-01-11T14:30:00Z,Sun,1,12,Week 12,false,"","","","",FedExForum,TN,Memphis,N,"","",FALSE,1610612763,Grizzlies,Memphis,MEM,grizzlies,17,22,103,0,1610612751,Nets,Brooklyn,BKN,nets,11,25,98,0,2025-26,00,2,Regular Season
2026-01-11,0022500550,20260111/PHITOR,3,Final/OT,3,2026-01-11T00:00:00Z,1900-01-01T18:00:00Z,2026-01-11T18:00:00Z,2026-01-11T05:00:00Z,1900-01-01T23:00:00Z,2026-01-11T23:00:00Z,2026-01-11T18:00:00Z,2026-01-11T18:00:00Z,Sun,1,12,Week 12,false,"","","","",Scotiabank Arena,ON,Toronto,N,"","",FALSE,1610612761,Raptors,Toronto,TOR,raptors,24,16,116,0,1610612755,76ers,Philadelphia,PHI,sixers,21,16,115,0,2025-26,00,2,Regular Season
2026-01-11,0022500551,20260111/NYKPOR,3,Final,4,2026-01-11T00:00:00Z,1900-01-01T18:00:00Z,2026-01-11T18:00:00Z,2026-01-11T05:00:00Z,1900-01-01T23:00:00Z,2026-01-11T23:00:00Z,2026-01-11T18:00:00Z,2026-01-11T15:00:00Z,Sun,1,12,Week 12,false,"","","","",Moda Center,OR,Portland,N,"","",FALSE,1610612757,Trail Blazers,Portland,POR,blazers,19,21,114,0,1610612752,Knicks,New York,NYK,knicks,25,14,123,0,2025-26,00,2,Regular Season
2026-01-11,0022500552,20260111/SASMIN,3,Final,5,2026-01-11T00:00:00Z,1900-01-01T19:00:00Z,2026-01-11T19:00:00Z,2026-01-11T05:00:00Z,1900-01-01T00:00:00Z,2026-01-12T00:00:00Z,2026-01-11T18:00:00Z,2026-01-11T18:00:00Z,Sun,1,12,Week 12,false,"","","","",Target Center,MN,Minneapolis,N,"","",FALSE,1610612750,Timberwolves,Minnesota,MIN,timberwolves,26,14,104,0,1610612759,Spurs,San Antonio,SAS,spurs,27,12,103,0,2025-26,00,2,Regular Season
2026-01-11,0022500553,20260111/MIAOKC,3,Final,6,2026-01-11T00:00:00Z,1900-01-01T19:00:00Z,2026-01-11T19:00:00Z,2026-01-11T05:00:00Z,1900-01-01T00:00:00Z,2026-01-12T00:00:00Z,2026-01-11T19:00:00Z,2026-01-11T18:00:00Z,Sun,1,12,Week 12,false,"","","","",Paycom Center,OK,Oklahoma City,N,"","",FALSE,1610612760,Thunder,Oklahoma City,OKC,thunder,33,7,124,0,1610612748,Heat,Miami,MIA,heat,20,19,112,0,2025-26,00,2,Regular Season
2026-01-11,0022500554,20260111/MILDEN,3,Final,7,2026-01-11T00:00:00Z,1900-01-01T20:00:00Z,2026-01-11T20:00:00Z,2026-01-11T05:00:00Z,1900-01-01T01:00:00Z,2026-01-12T01:00:00Z,2026-01-11T19:00:00Z,2026-01-11T18:00:00Z,Sun,1,12,Week 12,false,"","","","",Ball Arena,CO,Denver,N,"","",FALSE,1610612743,Nuggets,Denver,DEN,nuggets,26,13,108,0,1610612749,Bucks,Milwaukee,MIL,bucks,17,22,104,0,2025-26,00,2,Regular Season
2026-01-11,0022500555,20260111/WASPHX,3,Final,8,2026-01-11T00:00:00Z,1900-01-01T20:00:00Z,2026-01-11T20:00:00Z,2026-01-11T05:00:00Z,1900-01-01T01:00:00Z,2026-01-12T01:00:00Z,2026-01-11T20:00:00Z,2026-01-11T18:00:00Z,Sun,1,12,Week 12,false,"","","","",Mortgage Matchup Center,AZ,Phoenix,N,"","",FALSE,1610612756,Suns,Phoenix,PHX,suns,24,15,112,0,1610612764,Wizards,Washington,WAS,wizards,10,28,93,0,2025-26,00,2,Regular Season
2026-01-11,0022500556,20260111/ATLGSW,3,Final,9,2026-01-11T00:00:00Z,1900-01-01T20:30:00Z,2026-01-11T20:30:00Z,2026-01-11T05:00:00Z,1900-01-01T01:30:00Z,2026-01-12T01:30:00Z,2026-01-11T20:30:00Z,2026-01-11T17:30:00Z,Sun,1,12,Week 12,false,"","","","",Chase Center,CA,San Francisco,N,"","",FALSE,1610612744,Warriors,Golden State,GSW,warriors,21,19,111,0,1610612737,Hawks,Atlanta,ATL,hawks,20,21,124,0,2025-26,00,2,Regular Season
2026-01-11,0022500557,20260111/HOUSAC,3,Final,10,2026-01-11T00:00:00Z,1900-01-01T21:00:00Z,2026-01-11T21:00:00Z,2026-01-11T05:00:00Z,1900-01-01T02:00:00Z,2026-01-12T02:00:00Z,2026-01-11T20:00:00Z,2026-01-11T18:00:00Z,Sun,1,12,Week 12,false,"","","","",Golden 1 Center,CA,Sacramento,N,"","",FALSE,1610612758,Kings,Sacramento,SAC,kings,9,30,111,0,1610612745,Rockets,Houston,HOU,rockets,22,14,98,0,2025-26,00,2,Regular Season
2026-01-12,0022500558,20260112/UTACLE,3,Final,1,2026-01-12T00:00:00Z,1900-01-01T19:00:00Z,2026-01-12T19:00:00Z,2026-01-12T05:00:00Z,1900-01-01T00:00:00Z,2026-01-13T00:00:00Z,2026-01-12T17:00:00Z,2026-01-12T19:00:00Z,Mon,1,13,Week 13,false,"","","","",Rocket Arena,OH,Cleveland,N,"","",FALSE,1610612739,Cavaliers,Cleveland,CLE,cavaliers,22,19,112,0,1610612762,Jazz,Utah,UTA,jazz,14,25,123,0,2025-26,00,2,Regular Season
2026-01-12,0022500559,20260112/BOSIND,3,Final,2,2026-01-12T00:00:00Z,1900-01-01T19:30:00Z,2026-01-12T19:30:00Z,2026-01-12T05:00:00Z,1900-01-01T00:30:00Z,2026-01-13T00:30:00Z,2026-01-12T19:30:00Z,2026-01-12T19:30:00Z,Mon,1,13,Week 13,false,"","","","",Gainbridge Fieldhouse,IN,Indianapolis,N,"","",FALSE,1610612754,Pacers,Indiana,IND,pacers,9,31,98,0,1610612738,Celtics,Boston,BOS,celtics,24,15,96,0,2025-26,00,2,Regular Season
2026-01-12,0022500560,20260112/PHITOR,3,Final,3,2026-01-12T00:00:00Z,1900-01-01T19:30:00Z,2026-01-12T19:30:00Z,2026-01-12T05:00:00Z,1900-01-01T00:30:00Z,2026-01-13T00:30:00Z,2026-01-12T19:30:00Z,2026-01-12T19:30:00Z,Mon,1,13,Week 13,false,"","","","",Scotiabank Arena,ON,Toronto,N,"","",FALSE,1610612761,Raptors,Toronto,TOR,raptors,24,17,102,0,1610612755,76ers,Philadelphia,PHI,sixers,22,16,115,0,2025-26,00,2,Regular Season
2026-01-12,0022500561,20260112/BKNDAL,3,Final,4,2026-01-12T00:00:00Z,1900-01-01T20:30:00Z,2026-01-12T20:30:00Z,2026-01-12T05:00:00Z,1900-01-01T01:30:00Z,2026-01-13T01:30:00Z,2026-01-12T20:30:00Z,2026-01-12T19:30:00Z,Mon,1,13,Week 13,false,"","","","",American Airlines Center,TX,Dallas,N,"","",FALSE,1610612742,Mavericks,Dallas,DAL,mavericks,15,25,113,0,1610612751,Nets,Brooklyn,BKN,nets,11,26,105,0,2025-26,00,2,Regular Season
2026-01-12,0022500562,20260112/LALSAC,3,Final,5,2026-01-12T00:00:00Z,1900-01-01T22:00:00Z,2026-01-12T22:00:00Z,2026-01-12T05:00:00Z,1900-01-01T03:00:00Z,2026-01-13T03:00:00Z,2026-01-12T19:00:00Z,2026-01-12T19:00:00Z,Mon,1,13,Week 13,false,"","","","",Golden 1 Center,CA,Sacramento,N,"","",FALSE,1610612758,Kings,Sacramento,SAC,kings,10,30,124,0,1610612747,Lakers,Los Angeles,LAL,lakers,23,14,112,0,2025-26,00,2,Regular Season
2026-01-12,0022500563,20260112/CHALAC,3,Final,6,2026-01-12T00:00:00Z,1900-01-01T22:30:00Z,2026-01-12T22:30:00Z,2026-01-12T05:00:00Z,1900-01-01T03:30:00Z,2026-01-13T03:30:00Z,2026-01-12T22:30:00Z,2026-01-12T19:30:00Z,Mon,1,13,Week 13,false,"","","","",Intuit Dome,CA,Inglewood,N,"","",FALSE,1610612746,Clippers,LA,LAC,clippers,16,23,117,0,1610612766,Hornets,Charlotte,CHA,hornets,14,26,109,0,2025-26,00,2,Regular Season
2026-01-13,0022500564,20260113/PHXMIA,3,Final,1,2026-01-13T00:00:00Z,1900-01-01T19:30:00Z,2026-01-13T19:30:00Z,2026-01-13T05:00:00Z,1900-01-01T00:30:00Z,2026-01-14T00:30:00Z,2026-01-13T17:30:00Z,2026-01-13T19:30:00Z,Tue,1,13,Week 13,false,"","","","",Kaseya Center,FL,Miami,N,"","",FALSE,1610612748,Heat,Miami,MIA,heat,21,19,127,0,1610612756,Suns,Phoenix,PHX,suns,24,16,121,0,2025-26,00,2,Regular Season
2026-01-13,0022500565,20260113/CHIHOU,3,Final,2,2026-01-13T00:00:00Z,1900-01-01T20:00:00Z,2026-01-13T20:00:00Z,2026-01-13T05:00:00Z,1900-01-01T01:00:00Z,2026-01-14T01:00:00Z,2026-01-13T19:00:00Z,2026-01-13T19:00:00Z,Tue,1,13,Week 13,false,"","","","",Toyota Center,TX,Houston,N,"","",FALSE,1610612745,Rockets,Houston,HOU,rockets,23,14,119,0,1610612741,Bulls,Chicago,CHI,bulls,18,21,113,0,2025-26,00,2,Regular Season
2026-01-13,0022500566,20260113/MINMIL,3,Final,3,2026-01-13T00:00:00Z,1900-01-01T20:00:00Z,2026-01-13T20:00:00Z,2026-01-13T05:00:00Z,1900-01-01T01:00:00Z,2026-01-14T01:00:00Z,2026-01-13T19:00:00Z,2026-01-13T19:00:00Z,Tue,1,13,Week 13,false,"","","","",Fiserv Forum,WI,Milwaukee,N,"","",FALSE,1610612749,Bucks,Milwaukee,MIL,bucks,17,23,106,0,1610612750,Timberwolves,Minnesota,MIN,timberwolves,27,14,139,0,2025-26,00,2,Regular Season
2026-01-13,0022500567,20260113/DENNOP,3,Final,4,2026-01-13T00:00:00Z,1900-01-01T20:00:00Z,2026-01-13T20:00:00Z,2026-01-13T05:00:00Z,1900-01-01T01:00:00Z,2026-01-14T01:00:00Z,2026-01-13T18:00:00Z,2026-01-13T19:00:00Z,Tue,1,13,Week 13,false,"","","","",Smoothie King Center,LA,New Orleans,N,"","",FALSE,1610612740,Pelicans,New Orleans,NOP,pelicans,9,33,116,0,1610612743,Nuggets,Denver,DEN,nuggets,27,13,122,0,2025-26,00,2,Regular Season
2026-01-13,0022500568,20260113/SASOKC,3,Final,5,2026-01-13T00:00:00Z,1900-01-01T20:00:00Z,2026-01-13T20:00:00Z,2026-01-13T05:00:00Z,1900-01-01T01:00:00Z,2026-01-14T01:00:00Z,2026-01-13T19:00:00Z,2026-01-13T19:00:00Z,Tue,1,13,Week 13,false,"","","","",Paycom Center,OK,Oklahoma City,N,"","",FALSE,1610612760,Thunder,Oklahoma City,OKC,thunder,34,7,119,0,1610612759,Spurs,San Antonio,SAS,spurs,27,13,98,0,2025-26,00,2,Regular Season
2026-01-13,0022500569,20260113/ATLLAL,3,Final,6,2026-01-13T00:00:00Z,1900-01-01T22:30:00Z,2026-01-13T22:30:00Z,2026-01-13T05:00:00Z,1900-01-01T03:30:00Z,2026-01-14T03:30:00Z,2026-01-13T22:30:00Z,2026-01-13T19:30:00Z,Tue,1,13,Week 13,false,"","","","",Crypto.com Arena,CA,Los Angeles,N,"","",FALSE,1610612747,Lakers,Los Angeles,LAL,lakers,24,14,141,0,1610612737,Hawks,Atlanta,ATL,hawks,20,22,116,0,2025-26,00,2,Regular Season
2026-01-13,0022500570,20260113/PORGSW,3,Final,7,2026-01-13T00:00:00Z,1900-01-01T23:00:00Z,2026-01-13T23:00:00Z,2026-01-13T05:00:00Z,1900-01-01T04:00:00Z,2026-01-14T04:00:00Z,2026-01-13T20:00:00Z,2026-01-13T20:00:00Z,Tue,1,13,Week 13,false,"","","","",Chase Center,CA,San Francisco,N,"","",FALSE,1610612744,Warriors,Golden State,GSW,warriors,22,19,119,0,1610612757,Trail Blazers,Portland,POR,blazers,19,22,97,0,2025-26,00,2,Regular Season
2026-01-14,0022500571,20260114/TORIND,3,Final,1,2026-01-14T00:00:00Z,1900-01-01T19:00:00Z,2026-01-14T19:00:00Z,2026-01-14T05:00:00Z,1900-01-01T00:00:00Z,2026-01-15T00:00:00Z,2026-01-14T19:00:00Z,2026-01-14T19:00:00Z,Wed,1,13,Week 13,false,"","","","",Gainbridge Fieldhouse,IN,Indianapolis,N,"","",FALSE,1610612754,Pacers,Indiana,IND,pacers,9,32,101,0,1610612761,Raptors,Toronto,TOR,raptors,25,17,115,0,2025-26,00,2,Regular Season
2026-01-14,0022500572,20260114/CLEPHI,3,Final,2,2026-01-14T00:00:00Z,1900-01-01T19:00:00Z,2026-01-14T19:00:00Z,2026-01-14T05:00:00Z,1900-01-01T00:00:00Z,2026-01-15T00:00:00Z,2026-01-14T19:00:00Z,2026-01-14T19:00:00Z,Wed,1,13,Week 13,false,"","","","",Xfinity Mobile Arena,PA,Philadelphia,N,"","",FALSE,1610612755,76ers,Philadelphia,PHI,sixers,22,17,107,0,1610612739,Cavaliers,Cleveland,CLE,cavaliers,23,19,133,0,2025-26,00,2,Regular Season
2026-01-14,0022500573,20260114/UTACHI,3,Final,3,2026-01-14T00:00:00Z,1900-01-01T20:00:00Z,2026-01-14T20:00:00Z,2026-01-14T05:00:00Z,1900-01-01T01:00:00Z,2026-01-15T01:00:00Z,2026-01-14T18:00:00Z,2026-01-14T19:00:00Z,Wed,1,13,Week 13,false,"","","","",United Center,IL,Chicago,N,"","",FALSE,1610612741,Bulls,Chicago,CHI,bulls,19,21,128,0,1610612762,Jazz,Utah,UTA,jazz,14,26,126,0,2025-26,00,2,Regular Season
2026-01-14,0022500574,20260114/BKNNOP,3,Final,4,2026-01-14T00:00:00Z,1900-01-01T20:00:00Z,2026-01-14T20:00:00Z,2026-01-14T05:00:00Z,1900-01-01T01:00:00Z,2026-01-15T01:00:00Z,2026-01-14T20:00:00Z,2026-01-14T19:00:00Z,Wed,1,13,Week 13,false,"","","","",Smoothie King Center,LA,New Orleans,N,"","",FALSE,1610612740,Pelicans,New Orleans,NOP,pelicans,10,33,116,0,1610612751,Nets,Brooklyn,BKN,nets,11,27,113,0,2025-26,00,2,Regular Season
2026-01-14,0022500575,20260114/DENDAL,3,Final,5,2026-01-14T00:00:00Z,1900-01-01T21:30:00Z,2026-01-14T21:30:00Z,2026-01-14T05:00:00Z,1900-01-01T02:30:00Z,2026-01-15T02:30:00Z,2026-01-14T19:30:00Z,2026-01-14T20:30:00Z,Wed,1,13,Week 13,false,"","","","",American Airlines Center,TX,Dallas,N,"","",FALSE,1610612742,Mavericks,Dallas,DAL,mavericks,15,26,109,0,1610612743,Nuggets,Denver,DEN,nuggets,28,13,118,0,2025-26,00,2,Regular Season
2026-01-14,0022500576,20260114/NYKSAC,3,Final,6,2026-01-14T00:00:00Z,1900-01-01T22:00:00Z,2026-01-14T22:00:00Z,2026-01-14T05:00:00Z,1900-01-01T03:00:00Z,2026-01-15T03:00:00Z,2026-01-14T22:00:00Z,2026-01-14T19:00:00Z,Wed,1,13,Week 13,false,"","","","",Golden 1 Center,CA,Sacramento,N,"","",FALSE,1610612758,Kings,Sacramento,SAC,kings,11,30,112,0,1610612752,Knicks,New York,NYK,knicks,25,15,101,0,2025-26,00,2,Regular Season
2026-01-14,0022500577,20260114/WASLAC,3,Final,7,2026-01-14T00:00:00Z,1900-01-01T22:30:00Z,2026-01-14T22:30:00Z,2026-01-14T05:00:00Z,1900-01-01T03:30:00Z,2026-01-15T03:30:00Z,2026-01-14T22:30:00Z,2026-01-14T19:30:00Z,Wed,1,13,Week 13,false,"","","","",Intuit Dome,CA,Inglewood,N,"","",FALSE,1610612746,Clippers,LA,LAC,clippers,17,23,119,0,1610612764,Wizards,Washington,WAS,wizards,10,29,105,0,2025-26,00,2,Regular Season
2026-01-15,0022500578,20260115/MEMORL,3,Final,1,2026-01-15T00:00:00Z,1900-01-01T14:00:00Z,2026-01-15T14:00:00Z,2026-01-15T05:00:00Z,1900-01-01T19:00:00Z,2026-01-15T19:00:00Z,2026-01-15T13:00:00Z,2026-01-15T14:00:00Z,Thu,1,13,Week 13,false,"",NBA Berlin Game,"",Neutral Site,Uber Arena,"",Berlin,N,"",Global Games,TRUE,1610612753,Magic,Orlando,ORL,magic,23,18,118,0,1610612763,Grizzlies,Memphis,MEM,grizzlies,17,23,111,0,2025-26,00,2,Regular Season
2026-01-15,0022500579,20260115/PHXDET,3,Final,2,2026-01-15T00:00:00Z,1900-01-01T19:00:00Z,2026-01-15T19:00:00Z,2026-01-15T05:00:00Z,1900-01-01T00:00:00Z,2026-01-16T00:00:00Z,2026-01-15T17:00:00Z,2026-01-15T19:00:00Z,Thu,1,13,Week 13,false,"","","","",Little Caesars Arena,MI,Detroit,N,"","",FALSE,1610612765,Pistons,Detroit,DET,pistons,29,10,108,0,1610612756,Suns,Phoenix,PHX,suns,24,17,105,0,2025-26,00,2,Regular Season
2026-01-15,0022500580,20260115/BOSMIA,3,Final,3,2026-01-15T00:00:00Z,1900-01-01T19:30:00Z,2026-01-15T19:30:00Z,2026-01-15T05:00:00Z,1900-01-01T00:30:00Z,2026-01-16T00:30:00Z,2026-01-15T19:30:00Z,2026-01-15T19:30:00Z,Thu,1,13,Week 13,false,"","","","",Kaseya Center,FL,Miami,N,"","",FALSE,1610612748,Heat,Miami,MIA,heat,21,20,114,0,1610612738,Celtics,Boston,BOS,celtics,25,15,119,0,2025-26,00,2,Regular Season
2026-01-15,0022500581,20260115/OKCHOU,3,Final,4,2026-01-15T00:00:00Z,1900-01-01T19:30:00Z,2026-01-15T19:30:00Z,2026-01-15T05:00:00Z,1900-01-01T00:30:00Z,2026-01-16T00:30:00Z,2026-01-15T18:30:00Z,2026-01-15T18:30:00Z,Thu,1,13,Week 13,false,"","","","",Toyota Center,TX,Houston,N,"","",FALSE,1610612745,Rockets,Houston,HOU,rockets,23,15,91,0,1610612760,Thunder,Oklahoma City,OKC,thunder,35,7,111,0,2025-26,00,2,Regular Season
2026-01-15,0022500582,20260115/MILSAS,3,Final,5,2026-01-15T00:00:00Z,1900-01-01T20:00:00Z,2026-01-15T20:00:00Z,2026-01-15T05:00:00Z,1900-01-01T01:00:00Z,2026-01-16T01:00:00Z,2026-01-15T19:00:00Z,2026-01-15T19:00:00Z,Thu,1,13,Week 13,false,"","","","",Frost Bank Center,TX,San Antonio,N,"","",FALSE,1610612759,Spurs,San Antonio,SAS,spurs,28,13,119,0,1610612749,Bucks,Milwaukee,MIL,bucks,17,24,101,0,2025-26,00,2,Regular Season
2026-01-15,0022500583,20260115/UTADAL,3,Final,6,2026-01-15T00:00:00Z,1900-01-01T20:30:00Z,2026-01-15T20:30:00Z,2026-01-15T05:00:00Z,1900-01-01T01:30:00Z,2026-01-16T01:30:00Z,2026-01-15T18:30:00Z,2026-01-15T19:30:00Z,Thu,1,13,Week 13,false,"","","","",American Airlines Center,TX,Dallas,N,"","",FALSE,1610612742,Mavericks,Dallas,DAL,mavericks,16,26,144,0,1610612762,Jazz,Utah,UTA,jazz,14,27,122,0,2025-26,00,2,Regular Season
2026-01-15,0022500584,20260115/NYKGSW,3,Final,7,2026-01-15T00:00:00Z,1900-01-01T22:00:00Z,2026-01-15T22:00:00Z,2026-01-15T05:00:00Z,1900-01-01T03:00:00Z,2026-01-16T03:00:00Z,2026-01-15T22:00:00Z,2026-01-15T19:00:00Z,Thu,1,13,Week 13,false,"","","","",Chase Center,CA,San Francisco,N,"","",FALSE,1610612744,Warriors,Golden State,GSW,warriors,23,19,126,0,1610612752,Knicks,New York,NYK,knicks,25,16,113,0,2025-26,00,2,Regular Season
2026-01-15,0022500585,20260115/ATLPOR,3,Final,8,2026-01-15T00:00:00Z,1900-01-01T22:00:00Z,2026-01-15T22:00:00Z,2026-01-15T05:00:00Z,1900-01-01T03:00:00Z,2026-01-16T03:00:00Z,2026-01-15T22:00:00Z,2026-01-15T19:00:00Z,Thu,1,13,Week 13,false,"","","","",Moda Center,OR,Portland,N,"","",FALSE,1610612757,Trail Blazers,Portland,POR,blazers,20,22,117,0,1610612737,Hawks,Atlanta,ATL,hawks,20,23,101,0,2025-26,00,2,Regular Season
2026-01-15,0022500586,20260115/CHALAL,3,Final,9,2026-01-15T00:00:00Z,1900-01-01T22:30:00Z,2026-01-15T22:30:00Z,2026-01-15T05:00:00Z,1900-01-01T03:30:00Z,2026-01-16T03:30:00Z,2026-01-15T22:30:00Z,2026-01-15T19:30:00Z,Thu,1,13,Week 13,false,"","","","",Crypto.com Arena,CA,Los Angeles,N,"","",FALSE,1610612747,Lakers,Los Angeles,LAL,lakers,24,15,117,0,1610612766,Hornets,Charlotte,CHA,hornets,15,26,135,0,2025-26,00,2,Regular Season
2026-01-16,0022500587,20260116/CHIBKN,3,Final,3,2026-01-16T00:00:00Z,1900-01-01T19:30:00Z,2026-01-16T19:30:00Z,2026-01-16T05:00:00Z,1900-01-01T00:30:00Z,2026-01-17T00:30:00Z,2026-01-16T18:30:00Z,2026-01-16T19:30:00Z,Fri,1,13,Week 13,false,"","","","",Barclays Center,NY,Brooklyn,N,"","",FALSE,1610612751,Nets,Brooklyn,BKN,nets,12,27,112,0,1610612741,Bulls,Chicago,CHI,bulls,19,22,109,0,2025-26,00,2,Regular Season
2026-01-16,0022500588,20260116/NOPIND,3,Final,1,2026-01-16T00:00:00Z,1900-01-01T19:00:00Z,2026-01-16T19:00:00Z,2026-01-16T05:00:00Z,1900-01-01T00:00:00Z,2026-01-17T00:00:00Z,2026-01-16T18:00:00Z,2026-01-16T19:00:00Z,Fri,1,13,Week 13,false,"","","","",Gainbridge Fieldhouse,IN,Indianapolis,N,"","",FALSE,1610612754,Pacers,Indiana,IND,pacers,10,32,127,0,1610612740,Pelicans,New Orleans,NOP,pelicans,10,34,119,0,2025-26,00,2,Regular Season
2026-01-16,0022500589,20260116/CLEPHI,3,Final,2,2026-01-16T00:00:00Z,1900-01-01T19:00:00Z,2026-01-16T19:00:00Z,2026-01-16T05:00:00Z,1900-01-01T00:00:00Z,2026-01-17T00:00:00Z,2026-01-16T19:00:00Z,2026-01-16T19:00:00Z,Fri,1,13,Week 13,false,"","","","",Xfinity Mobile Arena,PA,Philadelphia,N,"","",FALSE,1610612755,76ers,Philadelphia,PHI,sixers,22,18,115,0,1610612739,Cavaliers,Cleveland,CLE,cavaliers,24,19,117,0,2025-26,00,2,Regular Season
2026-01-16,0022500590,20260116/LACTOR,3,Final/OT,4,2026-01-16T00:00:00Z,1900-01-01T19:30:00Z,2026-01-16T19:30:00Z,2026-01-16T05:00:00Z,1900-01-01T00:30:00Z,2026-01-17T00:30:00Z,2026-01-16T16:30:00Z,2026-01-16T19:30:00Z,Fri,1,13,Week 13,false,"","","","",Scotiabank Arena,ON,Toronto,N,"","",FALSE,1610612761,Raptors,Toronto,TOR,raptors,25,18,117,0,1610612746,Clippers,LA,LAC,clippers,18,23,121,0,2025-26,00,2,Regular Season
2026-01-16,0022500591,20260116/MINHOU,3,Final,5,2026-01-16T00:00:00Z,1900-01-01T21:30:00Z,2026-01-16T21:30:00Z,2026-01-16T05:00:00Z,1900-01-01T02:30:00Z,2026-01-17T02:30:00Z,2026-01-16T20:30:00Z,2026-01-16T20:30:00Z,Fri,1,13,Week 13,false,"","","","",Toyota Center,TX,Houston,N,"","",FALSE,1610612745,Rockets,Houston,HOU,rockets,24,15,110,0,1610612750,Timberwolves,Minnesota,MIN,timberwolves,27,15,105,0,2025-26,00,2,Regular Season
2026-01-16,0022500592,20260116/WASSAC,3,Final,6,2026-01-16T00:00:00Z,1900-01-01T22:00:00Z,2026-01-16T22:00:00Z,2026-01-16T05:00:00Z,1900-01-01T03:00:00Z,2026-01-17T03:00:00Z,2026-01-16T22:00:00Z,2026-01-16T19:00:00Z,Fri,1,13,Week 13,false,"","","","",Golden 1 Center,CA,Sacramento,N,"","",FALSE,1610612758,Kings,Sacramento,SAC,kings,12,30,128,0,1610612764,Wizards,Washington,WAS,wizards,10,30,115,0,2025-26,00,2,Regular Season
2026-01-17,0022500593,20260117/UTADAL,3,Final,1,2026-01-17T00:00:00Z,1900-01-01T17:00:00Z,2026-01-17T17:00:00Z,2026-01-17T05:00:00Z,1900-01-01T22:00:00Z,2026-01-17T22:00:00Z,2026-01-17T15:00:00Z,2026-01-17T16:00:00Z,Sat,1,13,Week 13,false,"","","","",American Airlines Center,TX,Dallas,N,"","",FALSE,1610612742,Mavericks,Dallas,DAL,mavericks,17,26,138,0,1610612762,Jazz,Utah,UTA,jazz,14,28,120,0,2025-26,00,2,Regular Season
2026-01-17,0022500594,20260117/BOSATL,3,Final,2,2026-01-17T00:00:00Z,1900-01-01T19:30:00Z,2026-01-17T19:30:00Z,2026-01-17T05:00:00Z,1900-01-01T00:30:00Z,2026-01-18T00:30:00Z,2026-01-17T19:30:00Z,2026-01-17T19:30:00Z,Sat,1,13,Week 13,false,"","","","",State Farm Arena,GA,Atlanta,N,"","",FALSE,1610612737,Hawks,Atlanta,ATL,hawks,20,24,106,0,1610612738,Celtics,Boston,BOS,celtics,26,15,132,0,2025-26,00,2,Regular Season
2026-01-17,0022500595,20260117/INDDET,3,Final,3,2026-01-17T00:00:00Z,1900-01-01T19:30:00Z,2026-01-17T19:30:00Z,2026-01-17T05:00:00Z,1900-01-01T00:30:00Z,2026-01-18T00:30:00Z,2026-01-17T19:30:00Z,2026-01-17T19:30:00Z,Sat,1,13,Week 13,false,"","","","",Little Caesars Arena,MI,Detroit,N,"","",FALSE,1610612765,Pistons,Detroit,DET,pistons,30,10,121,0,1610612754,Pacers,Indiana,IND,pacers,10,33,78,0,2025-26,00,2,Regular Season
2026-01-17,0022500596,20260117/PHXNYK,3,Final,4,2026-01-17T00:00:00Z,1900-01-01T19:30:00Z,2026-01-17T19:30:00Z,2026-01-17T05:00:00Z,1900-01-01T00:30:00Z,2026-01-18T00:30:00Z,2026-01-17T17:30:00Z,2026-01-17T19:30:00Z,Sat,1,13,Week 13,false,"","","","",Madison Square Garden,NY,New York,N,"","",FALSE,1610612752,Knicks,New York,NYK,knicks,25,17,99,0,1610612756,Suns,Phoenix,PHX,suns,25,17,106,0,2025-26,00,2,Regular Season
2026-01-17,0022500597,20260117/OKCMIA,3,Final,5,2026-01-17T00:00:00Z,1900-01-01T20:00:00Z,2026-01-17T20:00:00Z,2026-01-17T05:00:00Z,1900-01-01T01:00:00Z,2026-01-18T01:00:00Z,2026-01-17T19:00:00Z,2026-01-17T20:00:00Z,Sat,1,13,Week 13,false,"","","","",Kaseya Center,FL,Miami,N,"","",FALSE,1610612748,Heat,Miami,MIA,heat,22,20,122,0,1610612760,Thunder,Oklahoma City,OKC,thunder,35,8,120,0,2025-26,00,2,Regular Season
2026-01-17,0022500598,20260117/MINSAS,3,Final,6,2026-01-17T00:00:00Z,1900-01-01T20:00:00Z,2026-01-17T20:00:00Z,2026-01-17T05:00:00Z,1900-01-01T01:00:00Z,2026-01-18T01:00:00Z,2026-01-17T19:00:00Z,2026-01-17T19:00:00Z,Sat,1,13,Week 13,false,"","","","",Frost Bank Center,TX,San Antonio,N,"","",FALSE,1610612759,Spurs,San Antonio,SAS,spurs,29,13,126,0,1610612750,Timberwolves,Minnesota,MIN,timberwolves,27,16,123,0,2025-26,00,2,Regular Season
2026-01-17,0022500599,20260117/CHAGSW,3,Final,7,2026-01-17T00:00:00Z,1900-01-01T20:30:00Z,2026-01-17T20:30:00Z,2026-01-17T05:00:00Z,1900-01-01T01:30:00Z,2026-01-18T01:30:00Z,2026-01-17T20:30:00Z,2026-01-17T17:30:00Z,Sat,1,13,Week 13,false,"","","","",Chase Center,CA,San Francisco,N,"","",FALSE,1610612744,Warriors,Golden State,GSW,warriors,24,19,136,0,1610612766,Hornets,Charlotte,CHA,hornets,15,27,116,0,2025-26,00,2,Regular Season
2026-01-17,0022500600,20260117/WASDEN,3,Final,8,2026-01-17T00:00:00Z,1900-01-01T21:00:00Z,2026-01-17T21:00:00Z,2026-01-17T05:00:00Z,1900-01-01T02:00:00Z,2026-01-18T02:00:00Z,2026-01-17T21:00:00Z,2026-01-17T19:00:00Z,Sat,1,13,Week 13,false,"","","","",Ball Arena,CO,Denver,N,"","",FALSE,1610612743,Nuggets,Denver,DEN,nuggets,29,13,121,0,1610612764,Wizards,Washington,WAS,wizards,10,31,115,0,2025-26,00,2,Regular Season
2026-01-17,0022500601,20260117/LALPOR,3,Final,9,2026-01-17T00:00:00Z,1900-01-01T22:00:00Z,2026-01-17T22:00:00Z,2026-01-17T05:00:00Z,1900-01-01T03:00:00Z,2026-01-18T03:00:00Z,2026-01-17T19:00:00Z,2026-01-17T19:00:00Z,Sat,1,13,Week 13,false,"","","","",Moda Center,OR,Portland,N,"","",FALSE,1610612757,Trail Blazers,Portland,POR,blazers,21,22,132,0,1610612747,Lakers,Los Angeles,LAL,lakers,24,16,116,0,2025-26,00,2,Regular Season
2026-01-18,0022500602,20260118/ORLMEM,3,Final,1,2026-01-18T00:00:00Z,1900-01-01T12:00:00Z,2026-01-18T12:00:00Z,2026-01-18T05:00:00Z,1900-01-01T17:00:00Z,2026-01-18T17:00:00Z,2026-01-18T12:00:00Z,2026-01-18T11:00:00Z,Sun,1,13,Week 13,false,"",NBA London Game,"",Neutral Site,The O2 Arena,"",London,N,"",Global Games,TRUE,1610612763,Grizzlies,Memphis,MEM,grizzlies,18,23,126,0,1610612753,Magic,Orlando,ORL,magic,23,19,109,0,2025-26,00,2,Regular Season
2026-01-18,0022500603,20260118/BKNCHI,3,Final,2,2026-01-18T00:00:00Z,1900-01-01T19:00:00Z,2026-01-18T19:00:00Z,2026-01-18T05:00:00Z,1900-01-01T00:00:00Z,2026-01-19T00:00:00Z,2026-01-18T19:00:00Z,2026-01-18T18:00:00Z,Sun,1,13,Week 13,false,"","","","",United Center,IL,Chicago,N,"","",FALSE,1610612741,Bulls,Chicago,CHI,bulls,20,22,124,0,1610612751,Nets,Brooklyn,BKN,nets,12,28,102,0,2025-26,00,2,Regular Season
2026-01-18,0022500604,20260118/NOPHOU,3,Final,3,2026-01-18T00:00:00Z,1900-01-01T19:00:00Z,2026-01-18T19:00:00Z,2026-01-18T05:00:00Z,1900-01-01T00:00:00Z,2026-01-19T00:00:00Z,2026-01-18T18:00:00Z,2026-01-18T18:00:00Z,Sun,1,13,Week 13,false,"","","","",Toyota Center,TX,Houston,N,"","",FALSE,1610612745,Rockets,Houston,HOU,rockets,25,15,119,0,1610612740,Pelicans,New Orleans,NOP,pelicans,10,35,110,0,2025-26,00,2,Regular Season
2026-01-18,0022500605,20260118/CHADEN,3,Final,4,2026-01-18T00:00:00Z,1900-01-01T20:00:00Z,2026-01-18T20:00:00Z,2026-01-18T05:00:00Z,1900-01-01T01:00:00Z,2026-01-19T01:00:00Z,2026-01-18T20:00:00Z,2026-01-18T18:00:00Z,Sun,1,13,Week 13,false,"","","","",Ball Arena,CO,Denver,N,"","",FALSE,1610612743,Nuggets,Denver,DEN,nuggets,29,14,87,0,1610612766,Hornets,Charlotte,CHA,hornets,16,27,110,0,2025-26,00,2,Regular Season
2026-01-18,0022500606,20260118/PORSAC,3,Final,5,2026-01-18T00:00:00Z,1900-01-01T21:00:00Z,2026-01-18T21:00:00Z,2026-01-18T05:00:00Z,1900-01-01T02:00:00Z,2026-01-19T02:00:00Z,2026-01-18T18:00:00Z,2026-01-18T18:00:00Z,Sun,1,13,Week 13,false,"","","","",Golden 1 Center,CA,Sacramento,N,"","",FALSE,1610612758,Kings,Sacramento,SAC,kings,12,31,110,0,1610612757,Trail Blazers,Portland,POR,blazers,22,22,117,0,2025-26,00,2,Regular Season
2026-01-18,0022500607,20260118/TORLAL,3,Final,6,2026-01-18T00:00:00Z,1900-01-01T21:30:00Z,2026-01-18T21:30:00Z,2026-01-18T05:00:00Z,1900-01-01T02:30:00Z,2026-01-19T02:30:00Z,2026-01-18T21:30:00Z,2026-01-18T18:30:00Z,Sun,1,13,Week 13,false,"","","","",Crypto.com Arena,CA,Los Angeles,N,"","",FALSE,1610612747,Lakers,Los Angeles,LAL,lakers,25,16,110,0,1610612761,Raptors,Toronto,TOR,raptors,25,19,93,0,2025-26,00,2,Regular Season
2026-01-19,0022500014,20260119/MILATL,3,Final,1,2026-01-19T00:00:00Z,1900-01-01T13:00:00Z,2026-01-19T13:00:00Z,2026-01-19T05:00:00Z,1900-01-01T18:00:00Z,2026-01-19T18:00:00Z,2026-01-19T12:00:00Z,2026-01-19T13:00:00Z,Mon,1,14,Week 14,false,"","","","",State Farm Arena,GA,Atlanta,N,"","",FALSE,1610612737,Hawks,Atlanta,ATL,hawks,20,25,110,0,1610612749,Bucks,Milwaukee,MIL,bucks,18,24,112,0,2025-26,00,2,Regular Season
2026-01-19,0022500015,20260119/OKCCLE,3,Final,2,2026-01-19T00:00:00Z,1900-01-01T14:30:00Z,2026-01-19T14:30:00Z,2026-01-19T05:00:00Z,1900-01-01T19:30:00Z,2026-01-19T19:30:00Z,2026-01-19T13:30:00Z,2026-01-19T14:30:00Z,Mon,1,14,Week 14,false,"","","","",Rocket Arena,OH,Cleveland,N,"","",FALSE,1610612739,Cavaliers,Cleveland,CLE,cavaliers,24,20,104,0,1610612760,Thunder,Oklahoma City,OKC,thunder,36,8,136,0,2025-26,00,2,Regular Season
2026-01-19,0022500016,20260119/DALNYK,3,Final,4,2026-01-19T00:00:00Z,1900-01-01T17:00:00Z,2026-01-19T17:00:00Z,2026-01-19T05:00:00Z,1900-01-01T22:00:00Z,2026-01-19T22:00:00Z,2026-01-19T16:00:00Z,2026-01-19T17:00:00Z,Mon,1,14,Week 14,false,"","","","",Madison Square Garden,NY,New York,N,"","",FALSE,1610612752,Knicks,New York,NYK,knicks,25,18,97,0,1610612742,Mavericks,Dallas,DAL,mavericks,18,26,114,0,2025-26,00,2,Regular Season
2026-01-19,0022500017,20260119/BOSDET,3,Final,8,2026-01-19T00:00:00Z,1900-01-01T20:00:00Z,2026-01-19T20:00:00Z,2026-01-19T05:00:00Z,1900-01-01T01:00:00Z,2026-01-20T01:00:00Z,2026-01-19T20:00:00Z,2026-01-19T20:00:00Z,Mon,1,14,Week 14,false,"","","","",Little Caesars Arena,MI,Detroit,N,"","",FALSE,1610612765,Pistons,Detroit,DET,pistons,31,10,104,0,1610612738,Celtics,Boston,BOS,celtics,26,16,103,0,2025-26,00,2,Regular Season
2026-01-19,0022500608,20260119/LACWAS,3,Final,3,2026-01-19T00:00:00Z,1900-01-01T15:00:00Z,2026-01-19T15:00:00Z,2026-01-19T05:00:00Z,1900-01-01T20:00:00Z,2026-01-19T20:00:00Z,2026-01-19T12:00:00Z,2026-01-19T15:00:00Z,Mon,1,14,Week 14,false,"","","","",Capital One Arena,DC,Washington,N,"","",FALSE,1610612764,Wizards,Washington,WAS,wizards,10,32,106,0,1610612746,Clippers,LA,LAC,clippers,19,23,110,0,2025-26,00,2,Regular Season
2026-01-19,0022500609,20260119/INDPHI,3,Final,6,2026-01-19T00:00:00Z,1900-01-01T19:00:00Z,2026-01-19T19:00:00Z,2026-01-19T05:00:00Z,1900-01-01T00:00:00Z,2026-01-20T00:00:00Z,2026-01-19T19:00:00Z,2026-01-19T19:00:00Z,Mon,1,14,Week 14,false,"","","","",Xfinity Mobile Arena,PA,Philadelphia,N,"","",FALSE,1610612755,76ers,Philadelphia,PHI,sixers,23,18,113,0,1610612754,Pacers,Indiana,IND,pacers,10,34,104,0,2025-26,00,2,Regular Season
2026-01-19,0022500610,20260119/PHXBKN,3,Final,7,2026-01-19T00:00:00Z,1900-01-01T19:30:00Z,2026-01-19T19:30:00Z,2026-01-19T05:00:00Z,1900-01-01T00:30:00Z,2026-01-20T00:30:00Z,2026-01-19T17:30:00Z,2026-01-19T19:30:00Z,Mon,1,14,Week 14,false,"","","","",Barclays Center,NY,Brooklyn,N,"","",FALSE,1610612751,Nets,Brooklyn,BKN,nets,12,29,117,0,1610612756,Suns,Phoenix,PHX,suns,26,17,126,0,2025-26,00,2,Regular Season
2026-01-19,0022500611,20260119/UTASAS,3,Final,5,2026-01-19T00:00:00Z,1900-01-01T17:00:00Z,2026-01-19T17:00:00Z,2026-01-19T05:00:00Z,1900-01-01T22:00:00Z,2026-01-19T22:00:00Z,2026-01-19T15:00:00Z,2026-01-19T16:00:00Z,Mon,1,14,Week 14,false,"","","","",Frost Bank Center,TX,San Antonio,N,"","",FALSE,1610612759,Spurs,San Antonio,SAS,spurs,30,13,123,0,1610612762,Jazz,Utah,UTA,jazz,14,29,110,0,2025-26,00,2,Regular Season
2026-01-19,0022500612,20260119/MIAGSW,3,Final,9,2026-01-19T00:00:00Z,1900-01-01T22:00:00Z,2026-01-19T22:00:00Z,2026-01-19T05:00:00Z,1900-01-01T03:00:00Z,2026-01-20T03:00:00Z,2026-01-19T22:00:00Z,2026-01-19T19:00:00Z,Mon,1,14,Week 14,false,"","","","",Chase Center,CA,San Francisco,N,"","",FALSE,1610612744,Warriors,Golden State,GSW,warriors,25,19,135,0,1610612748,Heat,Miami,MIA,heat,22,21,112,0,2025-26,00,2,Regular Season
2026-01-20,0022500613,20260120/PHXPHI,3,Final,1,2026-01-20T00:00:00Z,1900-01-01T19:00:00Z,2026-01-20T19:00:00Z,2026-01-20T05:00:00Z,1900-01-01T00:00:00Z,2026-01-21T00:00:00Z,2026-01-20T17:00:00Z,2026-01-20T19:00:00Z,Tue,1,14,Week 14,false,"","","","",Xfinity Mobile Arena,PA,Philadelphia,N,"","",FALSE,1610612755,76ers,Philadelphia,PHI,sixers,23,19,110,0,1610612756,Suns,Phoenix,PHX,suns,27,17,116,0,2025-26,00,2,Regular Season
2026-01-20,0022500614,20260120/LACCHI,3,Final,2,2026-01-20T00:00:00Z,1900-01-01T20:00:00Z,2026-01-20T20:00:00Z,2026-01-20T05:00:00Z,1900-01-01T01:00:00Z,2026-01-21T01:00:00Z,2026-01-20T17:00:00Z,2026-01-20T19:00:00Z,Tue,1,14,Week 14,false,"","","","",United Center,IL,Chicago,N,"","",FALSE,1610612741,Bulls,Chicago,CHI,bulls,21,22,138,0,1610612746,Clippers,LA,LAC,clippers,19,24,110,0,2025-26,00,2,Regular Season
2026-01-20,0022500615,20260120/SASHOU,3,Final,3,2026-01-20T00:00:00Z,1900-01-01T20:00:00Z,2026-01-20T20:00:00Z,2026-01-20T05:00:00Z,1900-01-01T01:00:00Z,2026-01-21T01:00:00Z,2026-01-20T19:00:00Z,2026-01-20T19:00:00Z,Tue,1,14,Week 14,false,"",AWS NBA Rivals Week,"","",Toyota Center,TX,Houston,N,"","",FALSE,1610612745,Rockets,Houston,HOU,rockets,26,15,111,0,1610612759,Spurs,San Antonio,SAS,spurs,30,14,106,0,2025-26,00,2,Regular Season
2026-01-20,0022500616,20260120/MINUTA,3,Final,4,2026-01-20T00:00:00Z,1900-01-01T21:00:00Z,2026-01-20T21:00:00Z,2026-01-20T05:00:00Z,1900-01-01T02:00:00Z,2026-01-21T02:00:00Z,2026-01-20T20:00:00Z,2026-01-20T19:00:00Z,Tue,1,14,Week 14,false,"","","","",Delta Center,UT,Salt Lake City,N,"","",FALSE,1610612762,Jazz,Utah,UTA,jazz,15,29,127,0,1610612750,Timberwolves,Minnesota,MIN,timberwolves,27,17,122,0,2025-26,00,2,Regular Season
2026-01-20,0022500617,20260120/LALDEN,3,Final,5,2026-01-20T00:00:00Z,1900-01-01T22:00:00Z,2026-01-20T22:00:00Z,2026-01-20T05:00:00Z,1900-01-01T03:00:00Z,2026-01-21T03:00:00Z,2026-01-20T19:00:00Z,2026-01-20T20:00:00Z,Tue,1,14,Week 14,false,"",AWS NBA Rivals Week,"","",Ball Arena,CO,Denver,N,"","",FALSE,1610612743,Nuggets,Denver,DEN,nuggets,29,15,107,0,1610612747,Lakers,Los Angeles,LAL,lakers,26,16,115,0,2025-26,00,2,Regular Season
2026-01-20,0022500618,20260120/TORGSW,3,Final,6,2026-01-20T00:00:00Z,1900-01-01T22:00:00Z,2026-01-20T22:00:00Z,2026-01-20T05:00:00Z,1900-01-01T03:00:00Z,2026-01-21T03:00:00Z,2026-01-20T22:00:00Z,2026-01-20T19:00:00Z,Tue,1,14,Week 14,false,"","","","",Chase Center,CA,San Francisco,N,"","",FALSE,1610612744,Warriors,Golden State,GSW,warriors,25,20,127,0,1610612761,Raptors,Toronto,TOR,raptors,26,19,145,0,2025-26,00,2,Regular Season
2026-01-20,0022500619,20260120/MIASAC,3,Final,7,2026-01-20T00:00:00Z,1900-01-01T22:00:00Z,2026-01-20T22:00:00Z,2026-01-20T05:00:00Z,1900-01-01T03:00:00Z,2026-01-21T03:00:00Z,2026-01-20T22:00:00Z,2026-01-20T19:00:00Z,Tue,1,14,Week 14,false,"","","","",Golden 1 Center,CA,Sacramento,N,"","",FALSE,1610612758,Kings,Sacramento,SAC,kings,12,32,117,0,1610612748,Heat,Miami,MIA,heat,23,21,130,0,2025-26,00,2,Regular Season
2026-01-21,0022500620,20260121/CLECHA,3,Final,1,2026-01-21T00:00:00Z,1900-01-01T19:00:00Z,2026-01-21T19:00:00Z,2026-01-21T05:00:00Z,1900-01-01T00:00:00Z,2026-01-22T00:00:00Z,2026-01-21T19:00:00Z,2026-01-21T19:00:00Z,Wed,1,14,Week 14,false,"",AWS NBA Rivals Week,"","",Spectrum Center,NC,Charlotte,N,"","",FALSE,1610612766,Hornets,Charlotte,CHA,hornets,16,28,87,0,1610612739,Cavaliers,Cleveland,CLE,cavaliers,25,20,94,0,2025-26,00,2,Regular Season
2026-01-21,0022500621,20260121/INDBOS,3,Final,2,2026-01-21T00:00:00Z,1900-01-01T19:30:00Z,2026-01-21T19:30:00Z,2026-01-21T05:00:00Z,1900-01-01T00:30:00Z,2026-01-22T00:30:00Z,2026-01-21T19:30:00Z,2026-01-21T19:30:00Z,Wed,1,14,Week 14,false,"","","","",TD Garden,MA,Boston,N,"","",FALSE,1610612738,Celtics,Boston,BOS,celtics,27,16,119,0,1610612754,Pacers,Indiana,IND,pacers,10,35,104,0,2025-26,00,2,Regular Season
2026-01-21,0022500622,20260121/BKNNYK,3,Final,3,2026-01-21T00:00:00Z,1900-01-01T19:30:00Z,2026-01-21T19:30:00Z,2026-01-21T05:00:00Z,1900-01-01T00:30:00Z,2026-01-22T00:30:00Z,2026-01-21T19:30:00Z,2026-01-21T19:30:00Z,Wed,1,14,Week 14,false,"","","","",Madison Square Garden,NY,New York,N,"","",FALSE,1610612752,Knicks,New York,NYK,knicks,26,18,120,0,1610612751,Nets,Brooklyn,BKN,nets,12,30,66,0,2025-26,00,2,Regular Season
2026-01-21,0022500623,20260121/ATLMEM,3,Final,4,2026-01-21T00:00:00Z,1900-01-01T20:00:00Z,2026-01-21T20:00:00Z,2026-01-21T05:00:00Z,1900-01-01T01:00:00Z,2026-01-22T01:00:00Z,2026-01-21T20:00:00Z,2026-01-21T19:00:00Z,Wed,1,14,Week 14,false,"","","","",FedExForum,TN,Memphis,N,"","",FALSE,1610612763,Grizzlies,Memphis,MEM,grizzlies,18,24,122,0,1610612737,Hawks,Atlanta,ATL,hawks,21,25,124,0,2025-26,00,2,Regular Season
2026-01-21,0022500624,20260121/DETNOP,3,Final,5,2026-01-21T00:00:00Z,1900-01-01T20:00:00Z,2026-01-21T20:00:00Z,2026-01-21T05:00:00Z,1900-01-01T01:00:00Z,2026-01-22T01:00:00Z,2026-01-21T20:00:00Z,2026-01-21T19:00:00Z,Wed,1,14,Week 14,false,"","","","",Smoothie King Center,LA,New Orleans,N,"","",FALSE,1610612740,Pelicans,New Orleans,NOP,pelicans,10,36,104,0,1610612765,Pistons,Detroit,DET,pistons,32,10,112,0,2025-26,00,2,Regular Season
2026-01-21,0022500625,20260121/OKCMIL,3,Final,6,2026-01-21T00:00:00Z,1900-01-01T21:30:00Z,2026-01-21T21:30:00Z,2026-01-21T05:00:00Z,1900-01-01T02:30:00Z,2026-01-22T02:30:00Z,2026-01-21T20:30:00Z,2026-01-21T20:30:00Z,Wed,1,14,Week 14,false,"",AWS NBA Rivals Week,"","",Fiserv Forum,WI,Milwaukee,N,"","",FALSE,1610612749,Bucks,Milwaukee,MIL,bucks,18,25,102,0,1610612760,Thunder,Oklahoma City,OKC,thunder,37,8,122,0,2025-26,00,2,Regular Season
2026-01-21,0022500626,20260121/TORSAC,3,Final,7,2026-01-21T00:00:00Z,1900-01-01T22:00:00Z,2026-01-21T22:00:00Z,2026-01-21T05:00:00Z,1900-01-01T03:00:00Z,2026-01-22T03:00:00Z,2026-01-21T22:00:00Z,2026-01-21T19:00:00Z,Wed,1,14,Week 14,false,"","","","",Golden 1 Center,CA,Sacramento,N,"","",FALSE,1610612758,Kings,Sacramento,SAC,kings,12,33,109,0,1610612761,Raptors,Toronto,TOR,raptors,27,19,122,0,2025-26,00,2,Regular Season
2026-01-22,0022500627,20260122/CHAORL,3,Final,1,2026-01-22T00:00:00Z,1900-01-01T19:00:00Z,2026-01-22T19:00:00Z,2026-01-22T05:00:00Z,1900-01-01T00:00:00Z,2026-01-23T00:00:00Z,2026-01-22T19:00:00Z,2026-01-22T19:00:00Z,Thu,1,14,Week 14,false,"","","","",Kia Center,FL,Orlando,N,"","",FALSE,1610612753,Magic,Orlando,ORL,magic,23,20,97,0,1610612766,Hornets,Charlotte,CHA,hornets,17,28,124,0,2025-26,00,2,Regular Season
2026-01-22,0022500628,20260122/HOUPHI,3,Final/OT,2,2026-01-22T00:00:00Z,1900-01-01T19:00:00Z,2026-01-22T19:00:00Z,2026-01-22T05:00:00Z,1900-01-01T00:00:00Z,2026-01-23T00:00:00Z,2026-01-22T18:00:00Z,2026-01-22T19:00:00Z,Thu,1,14,Week 14,false,"","","","",Xfinity Mobile Arena,PA,Philadelphia,N,"","",FALSE,1610612755,76ers,Philadelphia,PHI,sixers,24,19,128,0,1610612745,Rockets,Houston,HOU,rockets,26,16,122,0,2025-26,00,2,Regular Season
2026-01-22,0022500629,20260122/DENWAS,3,Final,3,2026-01-22T00:00:00Z,1900-01-01T19:00:00Z,2026-01-22T19:00:00Z,2026-01-22T05:00:00Z,1900-01-01T00:00:00Z,2026-01-23T00:00:00Z,2026-01-22T17:00:00Z,2026-01-22T19:00:00Z,Thu,1,14,Week 14,false,"","","","",Capital One Arena,DC,Washington,N,"","",FALSE,1610612764,Wizards,Washington,WAS,wizards,10,33,97,0,1610612743,Nuggets,Denver,DEN,nuggets,30,15,107,0,2025-26,00,2,Regular Season
2026-01-22,0022500630,20260122/GSWDAL,3,Final,4,2026-01-22T00:00:00Z,1900-01-01T19:30:00Z,2026-01-22T19:30:00Z,2026-01-22T05:00:00Z,1900-01-01T00:30:00Z,2026-01-23T00:30:00Z,2026-01-22T16:30:00Z,2026-01-22T18:30:00Z,Thu,1,14,Week 14,false,"",AWS NBA Rivals Week,"","",American Airlines Center,TX,Dallas,N,"","",FALSE,1610612742,Mavericks,Dallas,DAL,mavericks,19,26,123,0,1610612744,Warriors,Golden State,GSW,warriors,25,21,115,0,2025-26,00,2,Regular Season
2026-01-22,0022500631,20260122/CHIMIN,3,Final,5,2026-01-22T00:00:00Z,1900-01-01T20:00:00Z,2026-01-22T20:00:00Z,2026-01-22T05:00:00Z,1900-01-01T01:00:00Z,2026-01-23T01:00:00Z,2026-01-22T19:00:00Z,2026-01-22T19:00:00Z,Thu,1,14,Week 14,false,"","","","",Target Center,MN,Minneapolis,N,"","",FALSE,1610612750,Timberwolves,Minnesota,MIN,timberwolves,27,18,115,0,1610612741,Bulls,Chicago,CHI,bulls,22,22,120,0,2025-26,00,2,Regular Season
2026-01-22,0022500632,20260122/SASUTA,3,Final,6,2026-01-22T00:00:00Z,1900-01-01T21:00:00Z,2026-01-22T21:00:00Z,2026-01-22T05:00:00Z,1900-01-01T02:00:00Z,2026-01-23T02:00:00Z,2026-01-22T20:00:00Z,2026-01-22T19:00:00Z,Thu,1,14,Week 14,false,"","","","",Delta Center,UT,Salt Lake City,N,"","",FALSE,1610612762,Jazz,Utah,UTA,jazz,15,30,109,0,1610612759,Spurs,San Antonio,SAS,spurs,31,14,126,0,2025-26,00,2,Regular Season
2026-01-22,0022500633,20260122/LALLAC,3,Final,7,2026-01-22T00:00:00Z,1900-01-01T22:00:00Z,2026-01-22T22:00:00Z,2026-01-22T05:00:00Z,1900-01-01T03:00:00Z,2026-01-23T03:00:00Z,2026-01-22T19:00:00Z,2026-01-22T19:00:00Z,Thu,1,14,Week 14,false,"",AWS NBA Rivals Week,"","",Intuit Dome,CA,Inglewood,N,"","",FALSE,1610612746,Clippers,LA,LAC,clippers,20,24,112,0,1610612747,Lakers,Los Angeles,LAL,lakers,26,17,104,0,2025-26,00,2,Regular Season
2026-01-22,0022500634,20260122/MIAPOR,3,Final,8,2026-01-22T00:00:00Z,1900-01-01T22:00:00Z,2026-01-22T22:00:00Z,2026-01-22T05:00:00Z,1900-01-01T03:00:00Z,2026-01-23T03:00:00Z,2026-01-22T22:00:00Z,2026-01-22T19:00:00Z,Thu,1,14,Week 14,false,"","","","",Moda Center,OR,Portland,N,"","",FALSE,1610612757,Trail Blazers,Portland,POR,blazers,23,22,127,0,1610612748,Heat,Miami,MIA,heat,23,22,110,0,2025-26,00,2,Regular Season
2026-01-23,0022500635,20260123/HOUDET,3,Final,1,2026-01-23T00:00:00Z,1900-01-01T19:00:00Z,2026-01-23T19:00:00Z,2026-01-23T05:00:00Z,1900-01-01T00:00:00Z,2026-01-24T00:00:00Z,2026-01-23T18:00:00Z,2026-01-23T19:00:00Z,Fri,1,14,Week 14,false,"",AWS NBA Rivals Week,"","",Little Caesars Arena,MI,Detroit,N,"","",FALSE,1610612765,Pistons,Detroit,DET,pistons,32,11,104,0,1610612745,Rockets,Houston,HOU,rockets,27,16,111,0,2025-26,00,2,Regular Season
2026-01-23,0022500636,20260123/PHXATL,3,Final,2,2026-01-23T00:00:00Z,1900-01-01T19:30:00Z,2026-01-23T19:30:00Z,2026-01-23T05:00:00Z,1900-01-01T00:30:00Z,2026-01-24T00:30:00Z,2026-01-23T17:30:00Z,2026-01-23T19:30:00Z,Fri,1,14,Week 14,false,"","","","",State Farm Arena,GA,Atlanta,N,"","",FALSE,1610612737,Hawks,Atlanta,ATL,hawks,22,25,110,0,1610612756,Suns,Phoenix,PHX,suns,27,18,103,0,2025-26,00,2,Regular Season
2026-01-23,0022500637,20260123/BOSBKN,3,Final/OT2,3,2026-01-23T00:00:00Z,1900-01-01T19:30:00Z,2026-01-23T19:30:00Z,2026-01-23T05:00:00Z,1900-01-01T00:30:00Z,2026-01-24T00:30:00Z,2026-01-23T19:30:00Z,2026-01-23T19:30:00Z,Fri,1,14,Week 14,false,"","","","",Barclays Center,NY,Brooklyn,N,"","",FALSE,1610612751,Nets,Brooklyn,BKN,nets,12,31,126,0,1610612738,Celtics,Boston,BOS,celtics,28,16,130,0,2025-26,00,2,Regular Season
2026-01-23,0022500638,20260123/SACCLE,3,Final,4,2026-01-23T00:00:00Z,1900-01-01T19:30:00Z,2026-01-23T19:30:00Z,2026-01-23T05:00:00Z,1900-01-01T00:30:00Z,2026-01-24T00:30:00Z,2026-01-23T16:30:00Z,2026-01-23T19:30:00Z,Fri,1,14,Week 14,false,"","","","",Rocket Arena,OH,Cleveland,N,"","",FALSE,1610612739,Cavaliers,Cleveland,CLE,cavaliers,26,20,123,0,1610612758,Kings,Sacramento,SAC,kings,12,34,118,0,2025-26,00,2,Regular Season
2026-01-23,0022500639,20260123/NOPMEM,3,Final,5,2026-01-23T00:00:00Z,1900-01-01T20:00:00Z,2026-01-23T20:00:00Z,2026-01-23T05:00:00Z,1900-01-01T01:00:00Z,2026-01-24T01:00:00Z,2026-01-23T19:00:00Z,2026-01-23T19:00:00Z,Fri,1,14,Week 14,false,"","","","",FedExForum,TN,Memphis,N,"","",FALSE,1610612763,Grizzlies,Memphis,MEM,grizzlies,18,25,127,0,1610612740,Pelicans,New Orleans,NOP,pelicans,11,36,133,0,2025-26,00,2,Regular Season
2026-01-23,0022500640,20260123/DENMIL,3,Final,7,2026-01-23T00:00:00Z,1900-01-01T21:30:00Z,2026-01-23T21:30:00Z,2026-01-23T05:00:00Z,1900-01-01T02:30:00Z,2026-01-24T02:30:00Z,2026-01-23T19:30:00Z,2026-01-23T20:30:00Z,Fri,1,14,Week 14,false,"",AWS NBA Rivals Week,"","",Fiserv Forum,WI,Milwaukee,N,"","",FALSE,1610612749,Bucks,Milwaukee,MIL,bucks,18,26,100,0,1610612743,Nuggets,Denver,DEN,nuggets,31,15,102,0,2025-26,00,2,Regular Season
2026-01-23,0022500641,20260123/INDOKC,3,Final,6,2026-01-23T00:00:00Z,1900-01-01T20:00:00Z,2026-01-23T20:00:00Z,2026-01-23T05:00:00Z,1900-01-01T01:00:00Z,2026-01-24T01:00:00Z,2026-01-23T20:00:00Z,2026-01-23T19:00:00Z,Fri,1,14,Week 14,false,"","","","",Paycom Center,OK,Oklahoma City,N,"","",FALSE,1610612760,Thunder,Oklahoma City,OKC,thunder,37,9,114,0,1610612754,Pacers,Indiana,IND,pacers,11,35,117,0,2025-26,00,2,Regular Season
2026-01-23,0022500642,20260123/TORPOR,3,Final,8,2026-01-23T00:00:00Z,1900-01-01T22:00:00Z,2026-01-23T22:00:00Z,2026-01-23T05:00:00Z,1900-01-01T03:00:00Z,2026-01-24T03:00:00Z,2026-01-23T22:00:00Z,2026-01-23T19:00:00Z,Fri,1,14,Week 14,false,"","","","",Moda Center,OR,Portland,N,"","",FALSE,1610612757,Trail Blazers,Portland,POR,blazers,23,23,98,0,1610612761,Raptors,Toronto,TOR,raptors,28,19,110,0,2025-26,00,2,Regular Season
2026-01-24,0022500643,20260124/NYKPHI,3,Final,2,2026-01-24T00:00:00Z,1900-01-01T15:00:00Z,2026-01-24T15:00:00Z,2026-01-24T05:00:00Z,1900-01-01T20:00:00Z,2026-01-24T20:00:00Z,2026-01-24T15:00:00Z,2026-01-24T15:00:00Z,Sat,1,14,Week 14,false,"",AWS NBA Rivals Week,"","",Xfinity Mobile Arena,PA,Philadelphia,N,"","",FALSE,1610612755,76ers,Philadelphia,PHI,sixers,24,20,109,0,1610612752,Knicks,New York,NYK,knicks,27,18,112,0,2025-26,00,2,Regular Season
2026-01-24,0022500645,20260124/WASCHA,3,Final,1,2026-01-24T00:00:00Z,1900-01-01T12:00:00Z,2026-01-24T12:00:00Z,2026-01-24T05:00:00Z,1900-01-01T17:00:00Z,2026-01-24T17:00:00Z,2026-01-24T12:00:00Z,2026-01-24T12:00:00Z,Sat,1,14,Week 14,false,"","","","",Spectrum Center,NC,Charlotte,N,"","",FALSE,1610612766,Hornets,Charlotte,CHA,hornets,18,28,119,0,1610612764,Wizards,Washington,WAS,wizards,10,34,115,0,2025-26,00,2,Regular Season
2026-01-24,0022500646,20260124/CLEORL,3,Final,3,2026-01-24T00:00:00Z,1900-01-01T19:00:00Z,2026-01-24T19:00:00Z,2026-01-24T05:00:00Z,1900-01-01T00:00:00Z,2026-01-25T00:00:00Z,2026-01-24T19:00:00Z,2026-01-24T19:00:00Z,Sat,1,14,Week 14,false,"","","","",Kia Center,FL,Orlando,N,"","",FALSE,1610612753,Magic,Orlando,ORL,magic,23,21,105,0,1610612739,Cavaliers,Cleveland,CLE,cavaliers,27,20,119,0,2025-26,00,2,Regular Season
2026-01-24,0022500647,20260124/BOSCHI,3,Final,4,2026-01-24T00:00:00Z,1900-01-01T20:00:00Z,2026-01-24T20:00:00Z,2026-01-24T05:00:00Z,1900-01-01T01:00:00Z,2026-01-25T01:00:00Z,2026-01-24T20:00:00Z,2026-01-24T19:00:00Z,Sat,1,14,Week 14,false,"","","","",United Center,IL,Chicago,N,"","",FALSE,1610612741,Bulls,Chicago,CHI,bulls,23,22,114,0,1610612738,Celtics,Boston,BOS,celtics,28,17,111,0,2025-26,00,2,Regular Season
2026-01-24,0022500648,20260124/LALDAL,3,Final,5,2026-01-24T00:00:00Z,1900-01-01T20:30:00Z,2026-01-24T20:30:00Z,2026-01-24T05:00:00Z,1900-01-01T01:30:00Z,2026-01-25T01:30:00Z,2026-01-24T17:30:00Z,2026-01-24T19:30:00Z,Sat,1,14,Week 14,false,"",AWS NBA Rivals Week,"","",American Airlines Center,TX,Dallas,N,"","",FALSE,1610612742,Mavericks,Dallas,DAL,mavericks,19,27,110,0,1610612747,Lakers,Los Angeles,LAL,lakers,27,17,116,0,2025-26,00,2,Regular Season
2026-01-24,0022500649,20260124/MIAUTA,3,Final,6,2026-01-24T00:00:00Z,1900-01-01T21:30:00Z,2026-01-24T21:30:00Z,2026-01-24T05:00:00Z,1900-01-01T02:30:00Z,2026-01-25T02:30:00Z,2026-01-24T21:30:00Z,2026-01-24T19:30:00Z,Sat,1,14,Week 14,false,"","","","",Delta Center,UT,Salt Lake City,N,"","",FALSE,1610612762,Jazz,Utah,UTA,jazz,15,31,116,0,1610612748,Heat,Miami,MIA,heat,24,22,147,0,2025-26,00,2,Regular Season
2026-01-25,0022500644,20260125/GSWMIN,3,Final,2,2026-01-25T00:00:00Z,1900-01-01T17:30:00Z,2026-01-25T17:30:00Z,2026-01-25T05:00:00Z,1900-01-01T22:30:00Z,2026-01-25T22:30:00Z,2026-01-25T14:30:00Z,2026-01-25T16:30:00Z,Sun,1,14,Week 14,false,"",AWS NBA Rivals Week,"","",Target Center,MN,Minneapolis,N,"","",FALSE,1610612750,Timberwolves,Minnesota,MIN,timberwolves,27,19,85,0,1610612744,Warriors,Golden State,GSW,warriors,26,21,111,0,2025-26,00,2,Regular Season
2026-01-25,0022500650,20260125/SACDET,3,Final,1,2026-01-25T00:00:00Z,1900-01-01T15:00:00Z,2026-01-25T15:00:00Z,2026-01-25T05:00:00Z,1900-01-01T20:00:00Z,2026-01-25T20:00:00Z,2026-01-25T12:00:00Z,2026-01-25T15:00:00Z,Sun,1,14,Week 14,false,"","","","",Little Caesars Arena,MI,Detroit,N,"","",FALSE,1610612765,Pistons,Detroit,DET,pistons,33,11,139,0,1610612758,Kings,Sacramento,SAC,kings,12,35,116,0,2025-26,00,2,Regular Season
2026-01-25,0022500653,20260125/TOROKC,3,Final,3,2026-01-25T00:00:00Z,1900-01-01T19:00:00Z,2026-01-25T19:00:00Z,2026-01-25T05:00:00Z,1900-01-01T00:00:00Z,2026-01-26T00:00:00Z,2026-01-25T19:00:00Z,2026-01-25T18:00:00Z,Sun,1,14,Week 14,false,"","","","",Paycom Center,OK,Oklahoma City,N,"","",FALSE,1610612760,Thunder,Oklahoma City,OKC,thunder,37,10,101,0,1610612761,Raptors,Toronto,TOR,raptors,29,19,103,0,2025-26,00,2,Regular Season
2026-01-25,0022500654,20260125/NOPSAS,3,Final,4,2026-01-25T00:00:00Z,1900-01-01T19:00:00Z,2026-01-25T19:00:00Z,2026-01-25T05:00:00Z,1900-01-01T00:00:00Z,2026-01-26T00:00:00Z,2026-01-25T18:00:00Z,2026-01-25T18:00:00Z,Sun,1,14,Week 14,false,"","","","",Frost Bank Center,TX,San Antonio,N,"","",FALSE,1610612759,Spurs,San Antonio,SAS,spurs,31,15,95,0,1610612740,Pelicans,New Orleans,NOP,pelicans,12,36,104,0,2025-26,00,2,Regular Season
2026-01-25,0022500655,20260125/MIAPHX,3,Final,5,2026-01-25T00:00:00Z,1900-01-01T20:00:00Z,2026-01-25T20:00:00Z,2026-01-25T05:00:00Z,1900-01-01T01:00:00Z,2026-01-26T01:00:00Z,2026-01-25T20:00:00Z,2026-01-25T18:00:00Z,Sun,1,14,Week 14,false,"","","","",Mortgage Matchup Center,AZ,Phoenix,N,"","",FALSE,1610612756,Suns,Phoenix,PHX,suns,27,19,102,0,1610612748,Heat,Miami,MIA,heat,25,22,111,0,2025-26,00,2,Regular Season
2026-01-25,0022500656,20260125/BKNLAC,3,Final,6,2026-01-25T00:00:00Z,1900-01-01T21:00:00Z,2026-01-25T21:00:00Z,2026-01-25T05:00:00Z,1900-01-01T02:00:00Z,2026-01-26T02:00:00Z,2026-01-25T21:00:00Z,2026-01-25T18:00:00Z,Sun,1,14,Week 14,false,"","","","",Intuit Dome,CA,Inglewood,N,"","",FALSE,1610612746,Clippers,LA,LAC,clippers,21,24,126,0,1610612751,Nets,Brooklyn,BKN,nets,12,32,89,0,2025-26,00,2,Regular Season
2026-01-26,0022500657,20260126/PHICHA,3,Final,2,2026-01-26T00:00:00Z,1900-01-01T15:00:00Z,2026-01-26T15:00:00Z,2026-01-26T05:00:00Z,1900-01-01T20:00:00Z,2026-01-26T20:00:00Z,2026-01-26T15:00:00Z,2026-01-26T15:00:00Z,Mon,1,15,Week 15,false,"","","","",Spectrum Center,NC,Charlotte,N,"","",FALSE,1610612766,Hornets,Charlotte,CHA,hornets,19,28,130,0,1610612755,76ers,Philadelphia,PHI,sixers,24,21,93,0,2025-26,00,2,Regular Season
2026-01-26,0022500658,20260126/ORLCLE,3,Final,3,2026-01-26T00:00:00Z,1900-01-01T19:00:00Z,2026-01-26T19:00:00Z,2026-01-26T05:00:00Z,1900-01-01T00:00:00Z,2026-01-27T00:00:00Z,2026-01-26T19:00:00Z,2026-01-26T19:00:00Z,Mon,1,15,Week 15,false,"","","","",Rocket Arena,OH,Cleveland,N,"","",FALSE,1610612739,Cavaliers,Cleveland,CLE,cavaliers,28,20,114,0,1610612753,Magic,Orlando,ORL,magic,23,22,98,0,2025-26,00,2,Regular Season
2026-01-26,0022500659,20260126/INDATL,3,Final,1,2026-01-26T00:00:00Z,1900-01-01T13:30:00Z,2026-01-26T13:30:00Z,2026-01-26T05:00:00Z,1900-01-01T18:30:00Z,2026-01-26T18:30:00Z,2026-01-26T13:30:00Z,2026-01-26T13:30:00Z,Mon,1,15,Week 15,false,"","","","",State Farm Arena,GA,Atlanta,N,"","",FALSE,1610612737,Hawks,Atlanta,ATL,hawks,23,25,132,0,1610612754,Pacers,Indiana,IND,pacers,11,36,116,0,2025-26,00,2,Regular Season
2026-01-26,0022500660,20260126/PORBOS,3,Final,4,2026-01-26T00:00:00Z,1900-01-01T20:00:00Z,2026-01-26T20:00:00Z,2026-01-26T05:00:00Z,1900-01-01T01:00:00Z,2026-01-27T01:00:00Z,2026-01-26T17:00:00Z,2026-01-26T20:00:00Z,Mon,1,15,Week 15,false,"","","","",TD Garden,MA,Boston,N,"","",FALSE,1610612738,Celtics,Boston,BOS,celtics,29,17,102,0,1610612757,Trail Blazers,Portland,POR,blazers,23,24,94,0,2025-26,00,2,Regular Season
2026-01-26,0022500661,20260126/LALCHI,3,Final,5,2026-01-26T00:00:00Z,1900-01-01T20:00:00Z,2026-01-26T20:00:00Z,2026-01-26T05:00:00Z,1900-01-01T01:00:00Z,2026-01-27T01:00:00Z,2026-01-26T17:00:00Z,2026-01-26T19:00:00Z,Mon,1,15,Week 15,false,"","","","",United Center,IL,Chicago,N,"","",FALSE,1610612741,Bulls,Chicago,CHI,bulls,23,23,118,0,1610612747,Lakers,Los Angeles,LAL,lakers,28,17,129,0,2025-26,00,2,Regular Season
2026-01-26,0022500662,20260126/MEMHOU,3,Final,6,2026-01-26T00:00:00Z,1900-01-01T20:00:00Z,2026-01-26T20:00:00Z,2026-01-26T05:00:00Z,1900-01-01T01:00:00Z,2026-01-27T01:00:00Z,2026-01-26T19:00:00Z,2026-01-26T19:00:00Z,Mon,1,15,Week 15,false,"","","","",Toyota Center,TX,Houston,N,"","",FALSE,1610612745,Rockets,Houston,HOU,rockets,28,16,108,0,1610612763,Grizzlies,Memphis,MEM,grizzlies,18,26,99,0,2025-26,00,2,Regular Season
2026-01-26,0022500663,20260126/GSWMIN,3,Final,7,2026-01-26T00:00:00Z,1900-01-01T21:30:00Z,2026-01-26T21:30:00Z,2026-01-26T05:00:00Z,1900-01-01T02:30:00Z,2026-01-27T02:30:00Z,2026-01-26T18:30:00Z,2026-01-26T20:30:00Z,Mon,1,15,Week 15,false,"","","","",Target Center,MN,Minneapolis,N,"","",FALSE,1610612750,Timberwolves,Minnesota,MIN,timberwolves,28,19,108,0,1610612744,Warriors,Golden State,GSW,warriors,26,22,83,0,2025-26,00,2,Regular Season
2026-01-27,0022500664,20260127/PORWAS,3,Final,1,2026-01-27T00:00:00Z,1900-01-01T19:00:00Z,2026-01-27T19:00:00Z,2026-01-27T05:00:00Z,1900-01-01T00:00:00Z,2026-01-28T00:00:00Z,2026-01-27T16:00:00Z,2026-01-27T19:00:00Z,Tue,1,15,Week 15,false,"","","","",Capital One Arena,DC,Washington,N,"","",FALSE,1610612764,Wizards,Washington,WAS,wizards,11,34,115,0,1610612757,Trail Blazers,Portland,POR,blazers,23,25,111,0,2025-26,00,2,Regular Season
2026-01-27,0022500665,20260127/SACNYK,3,Final,2,2026-01-27T00:00:00Z,1900-01-01T19:30:00Z,2026-01-27T19:30:00Z,2026-01-27T05:00:00Z,1900-01-01T00:30:00Z,2026-01-28T00:30:00Z,2026-01-27T16:30:00Z,2026-01-27T19:30:00Z,Tue,1,15,Week 15,false,"","","","",Madison Square Garden,NY,New York,N,"","",FALSE,1610612752,Knicks,New York,NYK,knicks,28,18,103,0,1610612758,Kings,Sacramento,SAC,kings,12,36,87,0,2025-26,00,2,Regular Season
2026-01-27,0022500666,20260127/MILPHI,3,Final,3,2026-01-27T00:00:00Z,1900-01-01T20:00:00Z,2026-01-27T20:00:00Z,2026-01-27T05:00:00Z,1900-01-01T01:00:00Z,2026-01-28T01:00:00Z,2026-01-27T19:00:00Z,2026-01-27T20:00:00Z,Tue,1,15,Week 15,false,"","","","",Xfinity Mobile Arena,PA,Philadelphia,N,"","",FALSE,1610612755,76ers,Philadelphia,PHI,sixers,25,21,139,0,1610612749,Bucks,Milwaukee,MIL,bucks,18,27,122,0,2025-26,00,2,Regular Season
2026-01-27,0022500667,20260127/NOPOKC,3,Final,4,2026-01-27T00:00:00Z,1900-01-01T20:00:00Z,2026-01-27T20:00:00Z,2026-01-27T05:00:00Z,1900-01-01T01:00:00Z,2026-01-28T01:00:00Z,2026-01-27T19:00:00Z,2026-01-27T19:00:00Z,Tue,1,15,Week 15,false,"","","","",Paycom Center,OK,Oklahoma City,N,"","",FALSE,1610612760,Thunder,Oklahoma City,OKC,thunder,38,10,104,0,1610612740,Pelicans,New Orleans,NOP,pelicans,12,37,95,0,2025-26,00,2,Regular Season
2026-01-27,0022500668,20260127/DETDEN,3,Final,5,2026-01-27T00:00:00Z,1900-01-01T21:00:00Z,2026-01-27T21:00:00Z,2026-01-27T05:00:00Z,1900-01-01T02:00:00Z,2026-01-28T02:00:00Z,2026-01-27T21:00:00Z,2026-01-27T19:00:00Z,Tue,1,15,Week 15,false,"","","","",Ball Arena,CO,Denver,N,"","",FALSE,1610612743,Nuggets,Denver,DEN,nuggets,31,16,107,0,1610612765,Pistons,Detroit,DET,pistons,34,11,109,0,2025-26,00,2,Regular Season
2026-01-27,0022500669,20260127/BKNPHX,3,Final,6,2026-01-27T00:00:00Z,1900-01-01T21:00:00Z,2026-01-27T21:00:00Z,2026-01-27T05:00:00Z,1900-01-01T02:00:00Z,2026-01-28T02:00:00Z,2026-01-27T21:00:00Z,2026-01-27T19:00:00Z,Tue,1,15,Week 15,false,"","","","",Mortgage Matchup Center,AZ,Phoenix,N,"","",FALSE,1610612756,Suns,Phoenix,PHX,suns,28,19,106,0,1610612751,Nets,Brooklyn,BKN,nets,12,33,102,0,2025-26,00,2,Regular Season
2026-01-27,0022500670,20260127/LACUTA,3,Final,7,2026-01-27T00:00:00Z,1900-01-01T22:00:00Z,2026-01-27T22:00:00Z,2026-01-27T05:00:00Z,1900-01-01T03:00:00Z,2026-01-28T03:00:00Z,2026-01-27T19:00:00Z,2026-01-27T20:00:00Z,Tue,1,15,Week 15,false,"","","","",Delta Center,UT,Salt Lake City,N,"","",FALSE,1610612762,Jazz,Utah,UTA,jazz,15,32,103,0,1610612746,Clippers,LA,LAC,clippers,22,24,115,0,2025-26,00,2,Regular Season
2026-01-28,0022500671,20260128/LALCLE,3,Final,1,2026-01-28T00:00:00Z,1900-01-01T19:00:00Z,2026-01-28T19:00:00Z,2026-01-28T05:00:00Z,1900-01-01T00:00:00Z,2026-01-29T00:00:00Z,2026-01-28T16:00:00Z,2026-01-28T19:00:00Z,Wed,1,15,Week 15,false,"","","","",Rocket Arena,OH,Cleveland,N,"","",FALSE,1610612739,Cavaliers,Cleveland,CLE,cavaliers,29,20,129,0,1610612747,Lakers,Los Angeles,LAL,lakers,28,18,99,0,2025-26,00,2,Regular Season
2026-01-28,0022500672,20260128/CHIIND,3,Final,2,2026-01-28T00:00:00Z,1900-01-01T19:00:00Z,2026-01-28T19:00:00Z,2026-01-28T05:00:00Z,1900-01-01T00:00:00Z,2026-01-29T00:00:00Z,2026-01-28T18:00:00Z,2026-01-28T19:00:00Z,Wed,1,15,Week 15,false,"","","","",Gainbridge Fieldhouse,IN,Indianapolis,N,"","",FALSE,1610612754,Pacers,Indiana,IND,pacers,12,36,113,0,1610612741,Bulls,Chicago,CHI,bulls,23,24,110,0,2025-26,00,2,Regular Season
2026-01-28,0022500673,20260128/ATLBOS,3,Final,3,2026-01-28T00:00:00Z,1900-01-01T19:30:00Z,2026-01-28T19:30:00Z,2026-01-28T05:00:00Z,1900-01-01T00:30:00Z,2026-01-29T00:30:00Z,2026-01-28T19:30:00Z,2026-01-28T19:30:00Z,Wed,1,15,Week 15,false,"","","","",TD Garden,MA,Boston,N,"","",FALSE,1610612738,Celtics,Boston,BOS,celtics,29,18,106,0,1610612737,Hawks,Atlanta,ATL,hawks,24,25,117,0,2025-26,00,2,Regular Season
2026-01-28,0022500674,20260128/ORLMIA,3,Final,4,2026-01-28T00:00:00Z,1900-01-01T19:30:00Z,2026-01-28T19:30:00Z,2026-01-28T05:00:00Z,1900-01-01T00:30:00Z,2026-01-29T00:30:00Z,2026-01-28T19:30:00Z,2026-01-28T19:30:00Z,Wed,1,15,Week 15,false,"","","","",Kaseya Center,FL,Miami,N,"","",FALSE,1610612748,Heat,Miami,MIA,heat,25,23,124,0,1610612753,Magic,Orlando,ORL,magic,24,22,133,0,2025-26,00,2,Regular Season
2026-01-28,0022500675,20260128/NYKTOR,3,Final,5,2026-01-28T00:00:00Z,1900-01-01T19:30:00Z,2026-01-28T19:30:00Z,2026-01-28T05:00:00Z,1900-01-01T00:30:00Z,2026-01-29T00:30:00Z,2026-01-28T19:30:00Z,2026-01-28T19:30:00Z,Wed,1,15,Week 15,false,"","","","",Scotiabank Arena,ON,Toronto,N,"","",FALSE,1610612761,Raptors,Toronto,TOR,raptors,29,20,92,0,1610612752,Knicks,New York,NYK,knicks,29,18,119,0,2025-26,00,2,Regular Season
2026-01-28,0022500676,20260128/CHAMEM,3,Final,6,2026-01-28T00:00:00Z,1900-01-01T20:00:00Z,2026-01-28T20:00:00Z,2026-01-28T05:00:00Z,1900-01-01T01:00:00Z,2026-01-29T01:00:00Z,2026-01-28T20:00:00Z,2026-01-28T19:00:00Z,Wed,1,15,Week 15,false,"","","","",FedExForum,TN,Memphis,N,"","",FALSE,1610612763,Grizzlies,Memphis,MEM,grizzlies,18,27,97,0,1610612766,Hornets,Charlotte,CHA,hornets,20,28,112,0,2025-26,00,2,Regular Season
2026-01-28,0022500677,20260128/MINDAL,3,Final,7,2026-01-28T00:00:00Z,1900-01-01T20:30:00Z,2026-01-28T20:30:00Z,2026-01-28T05:00:00Z,1900-01-01T01:30:00Z,2026-01-29T01:30:00Z,2026-01-28T19:30:00Z,2026-01-28T19:30:00Z,Wed,1,15,Week 15,false,"","","","",American Airlines Center,TX,Dallas,N,"","",FALSE,1610612742,Mavericks,Dallas,DAL,mavericks,19,28,105,0,1610612750,Timberwolves,Minnesota,MIN,timberwolves,29,19,118,0,2025-26,00,2,Regular Season
2026-01-28,0022500678,20260128/GSWUTA,3,Final,8,2026-01-28T00:00:00Z,1900-01-01T21:00:00Z,2026-01-28T21:00:00Z,2026-01-28T05:00:00Z,1900-01-01T02:00:00Z,2026-01-29T02:00:00Z,2026-01-28T18:00:00Z,2026-01-28T19:00:00Z,Wed,1,15,Week 15,false,"","","","",Delta Center,UT,Salt Lake City,N,"","",FALSE,1610612762,Jazz,Utah,UTA,jazz,15,33,124,0,1610612744,Warriors,Golden State,GSW,warriors,27,22,140,0,2025-26,00,2,Regular Season
2026-01-28,0022500679,20260128/SASHOU,3,Final,9,2026-01-28T00:00:00Z,1900-01-01T21:30:00Z,2026-01-28T21:30:00Z,2026-01-28T05:00:00Z,1900-01-01T02:30:00Z,2026-01-29T02:30:00Z,2026-01-28T20:30:00Z,2026-01-28T20:30:00Z,Wed,1,15,Week 15,false,"","","","",Toyota Center,TX,Houston,N,"","",FALSE,1610612745,Rockets,Houston,HOU,rockets,28,17,99,0,1610612759,Spurs,San Antonio,SAS,spurs,32,15,111,0,2025-26,00,2,Regular Season
2026-01-29,0022500529,20260129/MIACHI,3,Final,3,2026-01-29T00:00:00Z,1900-01-01T20:00:00Z,2026-01-29T20:00:00Z,2026-01-29T05:00:00Z,1900-01-01T01:00:00Z,2026-01-30T01:00:00Z,2026-01-29T20:00:00Z,2026-01-29T19:00:00Z,Thu,1,15,Week 15,false,"","","","",United Center,IL,Chicago,N,"","",FALSE,1610612741,Bulls,Chicago,CHI,bulls,23,25,113,0,1610612748,Heat,Miami,MIA,heat,26,23,116,0,2025-26,00,2,Regular Season
2026-01-29,0022500680,20260129/SACPHI,3,Final,1,2026-01-29T00:00:00Z,1900-01-01T19:00:00Z,2026-01-29T19:00:00Z,2026-01-29T05:00:00Z,1900-01-01T00:00:00Z,2026-01-30T00:00:00Z,2026-01-29T16:00:00Z,2026-01-29T19:00:00Z,Thu,1,15,Week 15,false,"","","","",Xfinity Mobile Arena,PA,Philadelphia,N,"","",FALSE,1610612755,76ers,Philadelphia,PHI,sixers,26,21,113,0,1610612758,Kings,Sacramento,SAC,kings,12,37,111,0,2025-26,00,2,Regular Season
2026-01-29,0022500681,20260129/MILWAS,3,Final,2,2026-01-29T00:00:00Z,1900-01-01T19:00:00Z,2026-01-29T19:00:00Z,2026-01-29T05:00:00Z,1900-01-01T00:00:00Z,2026-01-30T00:00:00Z,2026-01-29T18:00:00Z,2026-01-29T19:00:00Z,Thu,1,15,Week 15,false,"","","","",Capital One Arena,DC,Washington,N,"","",FALSE,1610612764,Wizards,Washington,WAS,wizards,12,34,109,0,1610612749,Bucks,Milwaukee,MIL,bucks,18,28,99,0,2025-26,00,2,Regular Season
2026-01-29,0022500682,20260129/HOUATL,3,Final,4,2026-01-29T00:00:00Z,1900-01-01T20:00:00Z,2026-01-29T20:00:00Z,2026-01-29T05:00:00Z,1900-01-01T01:00:00Z,2026-01-30T01:00:00Z,2026-01-29T19:00:00Z,2026-01-29T20:00:00Z,Thu,1,15,Week 15,false,"","","","",State Farm Arena,GA,Atlanta,N,"","",FALSE,1610612737,Hawks,Atlanta,ATL,hawks,24,26,86,0,1610612745,Rockets,Houston,HOU,rockets,29,17,104,0,2025-26,00,2,Regular Season
2026-01-29,0022500683,20260129/CHADAL,3,Final,5,2026-01-29T00:00:00Z,1900-01-01T20:30:00Z,2026-01-29T20:30:00Z,2026-01-29T05:00:00Z,1900-01-01T01:30:00Z,2026-01-30T01:30:00Z,2026-01-29T20:30:00Z,2026-01-29T19:30:00Z,Thu,1,15,Week 15,false,"","","","",American Airlines Center,TX,Dallas,N,"","",FALSE,1610612742,Mavericks,Dallas,DAL,mavericks,19,29,121,0,1610612766,Hornets,Charlotte,CHA,hornets,21,28,123,0,2025-26,00,2,Regular Season
2026-01-29,0022500684,20260129/BKNDEN,3,Final,6,2026-01-29T00:00:00Z,1900-01-01T21:00:00Z,2026-01-29T21:00:00Z,2026-01-29T05:00:00Z,1900-01-01T02:00:00Z,2026-01-30T02:00:00Z,2026-01-29T21:00:00Z,2026-01-29T19:00:00Z,Thu,1,15,Week 15,false,"","","","",Ball Arena,CO,Denver,N,"","",FALSE,1610612743,Nuggets,Denver,DEN,nuggets,32,16,107,0,1610612751,Nets,Brooklyn,BKN,nets,12,34,103,0,2025-26,00,2,Regular Season
2026-01-29,0022500685,20260129/DETPHX,3,Final,7,2026-01-29T00:00:00Z,1900-01-01T21:00:00Z,2026-01-29T21:00:00Z,2026-01-29T05:00:00Z,1900-01-01T02:00:00Z,2026-01-30T02:00:00Z,2026-01-29T21:00:00Z,2026-01-29T19:00:00Z,Thu,1,15,Week 15,false,"","","","",Mortgage Matchup Center,AZ,Phoenix,N,"","",FALSE,1610612756,Suns,Phoenix,PHX,suns,29,19,114,0,1610612765,Pistons,Detroit,DET,pistons,34,12,96,0,2025-26,00,2,Regular Season
2026-01-29,0022500686,20260129/OKCMIN,3,Final,8,2026-01-29T00:00:00Z,1900-01-01T21:30:00Z,2026-01-29T21:30:00Z,2026-01-29T05:00:00Z,1900-01-01T02:30:00Z,2026-01-30T02:30:00Z,2026-01-29T20:30:00Z,2026-01-29T20:30:00Z,Thu,1,15,Week 15,false,"","","","",Target Center,MN,Minneapolis,N,"","",FALSE,1610612750,Timberwolves,Minnesota,MIN,timberwolves,30,19,123,0,1610612760,Thunder,Oklahoma City,OKC,thunder,38,11,111,0,2025-26,00,2,Regular Season
2026-01-30,0022500687,20260130/TORORL,3,Final,2,2026-01-30T00:00:00Z,1900-01-01T19:30:00Z,2026-01-30T19:30:00Z,2026-01-30T05:00:00Z,1900-01-01T00:30:00Z,2026-01-31T00:30:00Z,2026-01-30T19:30:00Z,2026-01-30T19:30:00Z,Fri,1,15,Week 15,false,"","","","",Kia Center,FL,Orlando,N,"","",FALSE,1610612753,Magic,Orlando,ORL,magic,25,22,130,0,1610612761,Raptors,Toronto,TOR,raptors,29,21,120,0,2025-26,00,2,Regular Season
2026-01-30,0022500688,20260130/LALWAS,3,Final,1,2026-01-30T00:00:00Z,1900-01-01T19:00:00Z,2026-01-30T19:00:00Z,2026-01-30T05:00:00Z,1900-01-01T00:00:00Z,2026-01-31T00:00:00Z,2026-01-30T16:00:00Z,2026-01-30T19:00:00Z,Fri,1,15,Week 15,false,"","","","",Capital One Arena,DC,Washington,N,"","",FALSE,1610612764,Wizards,Washington,WAS,wizards,12,35,111,0,1610612747,Lakers,Los Angeles,LAL,lakers,29,18,142,0,2025-26,00,2,Regular Season
2026-01-30,0022500689,20260130/SACBOS,3,Final,3,2026-01-30T00:00:00Z,1900-01-01T19:30:00Z,2026-01-30T19:30:00Z,2026-01-30T05:00:00Z,1900-01-01T00:30:00Z,2026-01-31T00:30:00Z,2026-01-30T16:30:00Z,2026-01-30T19:30:00Z,Fri,1,15,Week 15,false,"","","","",TD Garden,MA,Boston,N,"","",FALSE,1610612738,Celtics,Boston,BOS,celtics,30,18,112,0,1610612758,Kings,Sacramento,SAC,kings,12,38,93,0,2025-26,00,2,Regular Season
2026-01-30,0022500690,20260130/PORNYK,3,Final,4,2026-01-30T00:00:00Z,1900-01-01T19:30:00Z,2026-01-30T19:30:00Z,2026-01-30T05:00:00Z,1900-01-01T00:30:00Z,2026-01-31T00:30:00Z,2026-01-30T16:30:00Z,2026-01-30T19:30:00Z,Fri,1,15,Week 15,false,"","","","",Madison Square Garden,NY,New York,N,"","",FALSE,1610612752,Knicks,New York,NYK,knicks,30,18,127,0,1610612757,Trail Blazers,Portland,POR,blazers,23,26,97,0,2025-26,00,2,Regular Season
2026-01-30,0022500691,20260130/MEMNOP,3,Final,5,2026-01-30T00:00:00Z,1900-01-01T19:30:00Z,2026-01-30T19:30:00Z,2026-01-30T05:00:00Z,1900-01-01T00:30:00Z,2026-01-31T00:30:00Z,2026-01-30T18:30:00Z,2026-01-30T18:30:00Z,Fri,1,15,Week 15,false,"","","","",Smoothie King Center,LA,New Orleans,N,"","",FALSE,1610612740,Pelicans,New Orleans,NOP,pelicans,13,37,114,0,1610612763,Grizzlies,Memphis,MEM,grizzlies,18,28,106,0,2025-26,00,2,Regular Season
2026-01-30,0022500693,20260130/CLEPHX,3,Final,6,2026-01-30T00:00:00Z,1900-01-01T21:00:00Z,2026-01-30T21:00:00Z,2026-01-30T05:00:00Z,1900-01-01T02:00:00Z,2026-01-31T02:00:00Z,2026-01-30T21:00:00Z,2026-01-30T19:00:00Z,Fri,1,15,Week 15,false,"","","","",Mortgage Matchup Center,AZ,Phoenix,N,"","",FALSE,1610612756,Suns,Phoenix,PHX,suns,30,19,126,0,1610612739,Cavaliers,Cleveland,CLE,cavaliers,29,21,113,0,2025-26,00,2,Regular Season
2026-01-30,0022500694,20260130/BKNUTA,3,Final,8,2026-01-30T00:00:00Z,1900-01-01T21:30:00Z,2026-01-30T21:30:00Z,2026-01-30T05:00:00Z,1900-01-01T02:30:00Z,2026-01-31T02:30:00Z,2026-01-30T21:30:00Z,2026-01-30T19:30:00Z,Fri,1,15,Week 15,false,"","","","",Delta Center,UT,Salt Lake City,N,"","",FALSE,1610612762,Jazz,Utah,UTA,jazz,15,34,99,0,1610612751,Nets,Brooklyn,BKN,nets,13,34,109,0,2025-26,00,2,Regular Season
2026-01-30,0022500695,20260130/LACDEN,3,Final,7,2026-01-30T00:00:00Z,1900-01-01T21:00:00Z,2026-01-30T21:00:00Z,2026-01-30T05:00:00Z,1900-01-01T02:00:00Z,2026-01-31T02:00:00Z,2026-01-30T18:00:00Z,2026-01-30T19:00:00Z,Fri,1,15,Week 15,false,"","","","",Ball Arena,CO,Denver,N,"","",FALSE,1610612743,Nuggets,Denver,DEN,nuggets,33,16,122,0,1610612746,Clippers,LA,LAC,clippers,22,25,109,0,2025-26,00,2,Regular Season
2026-01-30,0022500696,20260130/DETGSW,3,Final,9,2026-01-30T00:00:00Z,1900-01-01T22:00:00Z,2026-01-30T22:00:00Z,2026-01-30T05:00:00Z,1900-01-01T03:00:00Z,2026-01-31T03:00:00Z,2026-01-30T22:00:00Z,2026-01-30T19:00:00Z,Fri,1,15,Week 15,false,"","","","",Chase Center,CA,San Francisco,N,"","",FALSE,1610612744,Warriors,Golden State,GSW,warriors,27,23,124,0,1610612765,Pistons,Detroit,DET,pistons,35,12,131,0,2025-26,00,2,Regular Season
2026-01-31,0022500692,20260131/CHIMIA,3,Final,4,2026-01-31T00:00:00Z,1900-01-01T20:00:00Z,2026-01-31T20:00:00Z,2026-01-31T05:00:00Z,1900-01-01T01:00:00Z,2026-02-01T01:00:00Z,2026-01-31T19:00:00Z,2026-01-31T20:00:00Z,Sat,1,15,Week 15,false,"","","","",Kaseya Center,FL,Miami,N,"","",FALSE,1610612748,Heat,Miami,MIA,heat,26,24,118,0,1610612741,Bulls,Chicago,CHI,bulls,24,25,125,0,2025-26,00,2,Regular Season
2026-01-31,0022500697,20260131/SASCHA,3,Final,1,2026-01-31T00:00:00Z,1900-01-01T12:00:00Z,2026-01-31T12:00:00Z,2026-01-31T05:00:00Z,1900-01-01T17:00:00Z,2026-01-31T17:00:00Z,2026-01-31T11:00:00Z,2026-01-31T12:00:00Z,Sat,1,15,Week 15,false,"","","","",Spectrum Center,NC,Charlotte,N,"","",FALSE,1610612766,Hornets,Charlotte,CHA,hornets,22,28,111,0,1610612759,Spurs,San Antonio,SAS,spurs,32,16,106,0,2025-26,00,2,Regular Season
2026-01-31,0022500698,20260131/ATLIND,3,Final,2,2026-01-31T00:00:00Z,1900-01-01T19:00:00Z,2026-01-31T19:00:00Z,2026-01-31T05:00:00Z,1900-01-01T00:00:00Z,2026-02-01T00:00:00Z,2026-01-31T19:00:00Z,2026-01-31T19:00:00Z,Sat,1,15,Week 15,false,"","","","",Gainbridge Fieldhouse,IN,Indianapolis,N,"","",FALSE,1610612754,Pacers,Indiana,IND,pacers,13,36,129,0,1610612737,Hawks,Atlanta,ATL,hawks,24,27,124,0,2025-26,00,2,Regular Season
2026-01-31,0022500699,20260131/NOPPHI,3,Final,3,2026-01-31T00:00:00Z,1900-01-01T19:30:00Z,2026-01-31T19:30:00Z,2026-01-31T05:00:00Z,1900-01-01T00:30:00Z,2026-02-01T00:30:00Z,2026-01-31T18:30:00Z,2026-01-31T19:30:00Z,Sat,1,15,Week 15,false,"","","","",Xfinity Mobile Arena,PA,Philadelphia,N,"","",FALSE,1610612755,76ers,Philadelphia,PHI,sixers,27,21,124,0,1610612740,Pelicans,New Orleans,NOP,pelicans,13,38,114,0,2025-26,00,2,Regular Season
2026-01-31,0022500700,20260131/MINMEM,3,Final,5,2026-01-31T00:00:00Z,1900-01-01T20:00:00Z,2026-01-31T20:00:00Z,2026-01-31T05:00:00Z,1900-01-01T01:00:00Z,2026-02-01T01:00:00Z,2026-01-31T19:00:00Z,2026-01-31T19:00:00Z,Sat,1,15,Week 15,false,"","","","",FedExForum,TN,Memphis,N,"","",FALSE,1610612763,Grizzlies,Memphis,MEM,grizzlies,18,29,114,0,1610612750,Timberwolves,Minnesota,MIN,timberwolves,31,19,131,0,2025-26,00,2,Regular Season
2026-01-31,0022500701,20260131/DALHOU,3,Final,6,2026-01-31T00:00:00Z,1900-01-01T20:30:00Z,2026-01-31T20:30:00Z,2026-01-31T05:00:00Z,1900-01-01T01:30:00Z,2026-02-01T01:30:00Z,2026-01-31T19:30:00Z,2026-01-31T19:30:00Z,Sat,1,15,Week 15,false,"","","","",Toyota Center,TX,Houston,N,"","",FALSE,1610612745,Rockets,Houston,HOU,rockets,30,17,111,0,1610612742,Mavericks,Dallas,DAL,mavericks,19,30,107,0,2025-26,00,2,Regular Season
2026-02-01,0022500702,20260201/MILBOS,3,Final,1,2026-02-01T00:00:00Z,1900-01-01T15:30:00Z,2026-02-01T15:30:00Z,2026-02-01T05:00:00Z,1900-01-01T20:30:00Z,2026-02-01T20:30:00Z,2026-02-01T14:30:00Z,2026-02-01T15:30:00Z,Sun,2,15,Week 15,false,"",NBA Pioneers Classic,"","",TD Garden,MA,Boston,N,"","",FALSE,1610612738,Celtics,Boston,BOS,celtics,31,18,107,0,1610612749,Bucks,Milwaukee,MIL,bucks,18,29,79,0,2025-26,00,2,Regular Season
2026-02-01,0022500703,20260201/ORLSAS,3,Final,8,2026-02-01T00:00:00Z,1900-01-01T21:00:00Z,2026-02-01T21:00:00Z,2026-02-01T05:00:00Z,1900-01-01T02:00:00Z,2026-02-02T02:00:00Z,2026-02-01T21:00:00Z,2026-02-01T20:00:00Z,Sun,2,15,Week 15,false,"","","","",Frost Bank Center,TX,San Antonio,N,"","",FALSE,1610612759,Spurs,San Antonio,SAS,spurs,33,16,112,0,1610612753,Magic,Orlando,ORL,magic,25,23,103,0,2025-26,00,2,Regular Season
2026-02-01,0022500704,20260201/BKNDET,3,Final,2,2026-02-01T00:00:00Z,1900-01-01T18:00:00Z,2026-02-01T18:00:00Z,2026-02-01T05:00:00Z,1900-01-01T23:00:00Z,2026-02-01T23:00:00Z,2026-02-01T18:00:00Z,2026-02-01T18:00:00Z,Sun,2,15,Week 15,false,"","","","",Little Caesars Arena,MI,Detroit,N,"","",FALSE,1610612765,Pistons,Detroit,DET,pistons,36,12,130,0,1610612751,Nets,Brooklyn,BKN,nets,13,35,77,0,2025-26,00,2,Regular Season
2026-02-01,0022500705,20260201/CHIMIA,3,Final,3,2026-02-01T00:00:00Z,1900-01-01T18:00:00Z,2026-02-01T18:00:00Z,2026-02-01T05:00:00Z,1900-01-01T23:00:00Z,2026-02-01T23:00:00Z,2026-02-01T17:00:00Z,2026-02-01T18:00:00Z,Sun,2,15,Week 15,false,"","","","",Kaseya Center,FL,Miami,N,"","",FALSE,1610612748,Heat,Miami,MIA,heat,27,24,134,0,1610612741,Bulls,Chicago,CHI,bulls,24,26,91,0,2025-26,00,2,Regular Season
2026-02-01,0022500706,20260201/UTATOR,3,Final,4,2026-02-01T00:00:00Z,1900-01-01T18:00:00Z,2026-02-01T18:00:00Z,2026-02-01T05:00:00Z,1900-01-01T23:00:00Z,2026-02-01T23:00:00Z,2026-02-01T16:00:00Z,2026-02-01T18:00:00Z,Sun,2,15,Week 15,false,"","","","",Scotiabank Arena,ON,Toronto,N,"","",FALSE,1610612761,Raptors,Toronto,TOR,raptors,30,21,107,0,1610612762,Jazz,Utah,UTA,jazz,15,35,100,0,2025-26,00,2,Regular Season
2026-02-01,0022500707,20260201/SACWAS,3,Final,5,2026-02-01T00:00:00Z,1900-01-01T18:00:00Z,2026-02-01T18:00:00Z,2026-02-01T05:00:00Z,1900-01-01T23:00:00Z,2026-02-01T23:00:00Z,2026-02-01T15:00:00Z,2026-02-01T18:00:00Z,Sun,2,15,Week 15,false,"","","","",Capital One Arena,DC,Washington,N,"","",FALSE,1610612764,Wizards,Washington,WAS,wizards,13,35,116,0,1610612758,Kings,Sacramento,SAC,kings,12,39,112,0,2025-26,00,2,Regular Season
2026-02-01,0022500708,20260201/LALNYK,3,Final,6,2026-02-01T00:00:00Z,1900-01-01T19:00:00Z,2026-02-01T19:00:00Z,2026-02-01T05:00:00Z,1900-01-01T00:00:00Z,2026-02-02T00:00:00Z,2026-02-01T16:00:00Z,2026-02-01T19:00:00Z,Sun,2,15,Week 15,false,"","","","",Madison Square Garden,NY,New York,N,"","",FALSE,1610612752,Knicks,New York,NYK,knicks,31,18,112,0,1610612747,Lakers,Los Angeles,LAL,lakers,29,19,100,0,2025-26,00,2,Regular Season
2026-02-01,0022500709,20260201/LACPHX,3,Final,7,2026-02-01T00:00:00Z,1900-01-01T20:00:00Z,2026-02-01T20:00:00Z,2026-02-01T05:00:00Z,1900-01-01T01:00:00Z,2026-02-02T01:00:00Z,2026-02-01T17:00:00Z,2026-02-01T18:00:00Z,Sun,2,15,Week 15,false,"","","","",Mortgage Matchup Center,AZ,Phoenix,N,"","",FALSE,1610612756,Suns,Phoenix,PHX,suns,30,20,93,0,1610612746,Clippers,LA,LAC,clippers,23,25,117,0,2025-26,00,2,Regular Season
2026-02-01,0022500710,20260201/CLEPOR,3,Final,9,2026-02-01T00:00:00Z,1900-01-01T21:00:00Z,2026-02-01T21:00:00Z,2026-02-01T05:00:00Z,1900-01-01T02:00:00Z,2026-02-02T02:00:00Z,2026-02-01T21:00:00Z,2026-02-01T18:00:00Z,Sun,2,15,Week 15,false,"","","","",Moda Center,OR,Portland,N,"","",FALSE,1610612757,Trail Blazers,Portland,POR,blazers,23,27,111,0,1610612739,Cavaliers,Cleveland,CLE,cavaliers,30,21,130,0,2025-26,00,2,Regular Season
2026-02-01,0022500711,20260201/OKCDEN,3,Final,10,2026-02-01T00:00:00Z,1900-01-01T21:30:00Z,2026-02-01T21:30:00Z,2026-02-01T05:00:00Z,1900-01-01T02:30:00Z,2026-02-02T02:30:00Z,2026-02-01T20:30:00Z,2026-02-01T19:30:00Z,Sun,2,15,Week 15,false,"","","","",Ball Arena,CO,Denver,N,"","",FALSE,1610612743,Nuggets,Denver,DEN,nuggets,33,17,111,0,1610612760,Thunder,Oklahoma City,OKC,thunder,39,11,121,0,2025-26,00,2,Regular Season
2026-02-02,0022500712,20260202/NOPCHA,3,Final,1,2026-02-02T00:00:00Z,1900-01-01T15:00:00Z,2026-02-02T15:00:00Z,2026-02-02T05:00:00Z,1900-01-01T20:00:00Z,2026-02-02T20:00:00Z,2026-02-02T14:00:00Z,2026-02-02T15:00:00Z,Mon,2,16,Week 16,false,"","","","",Spectrum Center,NC,Charlotte,N,"","",FALSE,1610612766,Hornets,Charlotte,CHA,hornets,23,28,102,0,1610612740,Pelicans,New Orleans,NOP,pelicans,13,39,95,0,2025-26,00,2,Regular Season
2026-02-02,0022500713,20260202/HOUIND,3,Final,2,2026-02-02T00:00:00Z,1900-01-01T19:00:00Z,2026-02-02T19:00:00Z,2026-02-02T05:00:00Z,1900-01-01T00:00:00Z,2026-02-03T00:00:00Z,2026-02-02T18:00:00Z,2026-02-02T19:00:00Z,Mon,2,16,Week 16,false,"","","","",Gainbridge Fieldhouse,IN,Indianapolis,N,"","",FALSE,1610612754,Pacers,Indiana,IND,pacers,13,37,114,0,1610612745,Rockets,Houston,HOU,rockets,31,17,118,0,2025-26,00,2,Regular Season
2026-02-02,0022500714,20260202/MINMEM,3,Final,3,2026-02-02T00:00:00Z,1900-01-01T19:30:00Z,2026-02-02T19:30:00Z,2026-02-02T05:00:00Z,1900-01-01T00:30:00Z,2026-02-03T00:30:00Z,2026-02-02T18:30:00Z,2026-02-02T18:30:00Z,Mon,2,16,Week 16,false,"","","","",FedExForum,TN,Memphis,N,"","",FALSE,1610612763,Grizzlies,Memphis,MEM,grizzlies,19,29,137,0,1610612750,Timberwolves,Minnesota,MIN,timberwolves,31,20,128,0,2025-26,00,2,Regular Season
2026-02-02,0022500715,20260202/PHILAC,3,Final,4,2026-02-02T00:00:00Z,1900-01-01T22:00:00Z,2026-02-02T22:00:00Z,2026-02-02T05:00:00Z,1900-01-01T03:00:00Z,2026-02-03T03:00:00Z,2026-02-02T22:00:00Z,2026-02-02T19:00:00Z,Mon,2,16,Week 16,false,"","","","",Intuit Dome,CA,Inglewood,N,"","",FALSE,1610612746,Clippers,LA,LAC,clippers,23,26,113,0,1610612755,76ers,Philadelphia,PHI,sixers,28,21,128,0,2025-26,00,2,Regular Season
2026-02-03,0022500716,20260203/DENDET,3,Final,1,2026-02-03T00:00:00Z,1900-01-01T19:00:00Z,2026-02-03T19:00:00Z,2026-02-03T05:00:00Z,1900-01-01T00:00:00Z,2026-02-04T00:00:00Z,2026-02-03T17:00:00Z,2026-02-03T19:00:00Z,Tue,2,16,Week 16,false,"","","","",Little Caesars Arena,MI,Detroit,N,"","",FALSE,1610612765,Pistons,Detroit,DET,pistons,37,12,124,0,1610612743,Nuggets,Denver,DEN,nuggets,33,18,121,0,2025-26,00,2,Regular Season
2026-02-03,0022500717,20260203/UTAIND,3,Final,2,2026-02-03T00:00:00Z,1900-01-01T19:00:00Z,2026-02-03T19:00:00Z,2026-02-03T05:00:00Z,1900-01-01T00:00:00Z,2026-02-04T00:00:00Z,2026-02-03T17:00:00Z,2026-02-03T19:00:00Z,Tue,2,16,Week 16,false,"","","","",Gainbridge Fieldhouse,IN,Indianapolis,N,"","",FALSE,1610612754,Pacers,Indiana,IND,pacers,13,38,122,0,1610612762,Jazz,Utah,UTA,jazz,16,35,131,0,2025-26,00,2,Regular Season
2026-02-03,0022500718,20260203/NYKWAS,3,Final,3,2026-02-03T00:00:00Z,1900-01-01T19:00:00Z,2026-02-03T19:00:00Z,2026-02-03T05:00:00Z,1900-01-01T00:00:00Z,2026-02-04T00:00:00Z,2026-02-03T19:00:00Z,2026-02-03T19:00:00Z,Tue,2,16,Week 16,false,"","","","",Capital One Arena,DC,Washington,N,"","",FALSE,1610612764,Wizards,Washington,WAS,wizards,13,36,101,0,1610612752,Knicks,New York,NYK,knicks,32,18,132,0,2025-26,00,2,Regular Season
2026-02-03,0022500719,20260203/LALBKN,3,Final,4,2026-02-03T00:00:00Z,1900-01-01T19:30:00Z,2026-02-03T19:30:00Z,2026-02-03T05:00:00Z,1900-01-01T00:30:00Z,2026-02-04T00:30:00Z,2026-02-03T16:30:00Z,2026-02-03T19:30:00Z,Tue,2,16,Week 16,false,"","","","",Barclays Center,NY,Brooklyn,N,"","",FALSE,1610612751,Nets,Brooklyn,BKN,nets,13,36,109,0,1610612747,Lakers,Los Angeles,LAL,lakers,30,19,125,0,2025-26,00,2,Regular Season
2026-02-03,0022500720,20260203/ATLMIA,3,Final,5,2026-02-03T00:00:00Z,1900-01-01T19:30:00Z,2026-02-03T19:30:00Z,2026-02-03T05:00:00Z,1900-01-01T00:30:00Z,2026-02-04T00:30:00Z,2026-02-03T19:30:00Z,2026-02-03T19:30:00Z,Tue,2,16,Week 16,false,"","","","",Kaseya Center,FL,Miami,N,"","",FALSE,1610612748,Heat,Miami,MIA,heat,27,25,115,0,1610612737,Hawks,Atlanta,ATL,hawks,25,27,127,0,2025-26,00,2,Regular Season
2026-02-03,0022500721,20260203/BOSDAL,3,Final,6,2026-02-03T00:00:00Z,1900-01-01T20:00:00Z,2026-02-03T20:00:00Z,2026-02-03T05:00:00Z,1900-01-01T01:00:00Z,2026-02-04T01:00:00Z,2026-02-03T20:00:00Z,2026-02-03T19:00:00Z,Tue,2,16,Week 16,false,"","","","",American Airlines Center,TX,Dallas,N,"","",FALSE,1610612742,Mavericks,Dallas,DAL,mavericks,19,31,100,0,1610612738,Celtics,Boston,BOS,celtics,32,18,110,0,2025-26,00,2,Regular Season
2026-02-03,0022500722,20260203/CHIMIL,3,Final,7,2026-02-03T00:00:00Z,1900-01-01T20:00:00Z,2026-02-03T20:00:00Z,2026-02-03T05:00:00Z,1900-01-01T01:00:00Z,2026-02-04T01:00:00Z,2026-02-03T19:00:00Z,2026-02-03T19:00:00Z,Tue,2,16,Week 16,false,"","","","",Fiserv Forum,WI,Milwaukee,N,"","",FALSE,1610612749,Bucks,Milwaukee,MIL,bucks,19,29,131,0,1610612741,Bulls,Chicago,CHI,bulls,24,27,115,0,2025-26,00,2,Regular Season
2026-02-03,0022500723,20260203/ORLOKC,3,Final,8,2026-02-03T00:00:00Z,1900-01-01T20:00:00Z,2026-02-03T20:00:00Z,2026-02-03T05:00:00Z,1900-01-01T01:00:00Z,2026-02-04T01:00:00Z,2026-02-03T20:00:00Z,2026-02-03T19:00:00Z,Tue,2,16,Week 16,false,"","","","",Paycom Center,OK,Oklahoma City,N,"","",FALSE,1610612760,Thunder,Oklahoma City,OKC,thunder,40,11,128,0,1610612753,Magic,Orlando,ORL,magic,25,24,92,0,2025-26,00,2,Regular Season
2026-02-03,0022500724,20260203/PHIGSW,3,Final,9,2026-02-03T00:00:00Z,1900-01-01T22:00:00Z,2026-02-03T22:00:00Z,2026-02-03T05:00:00Z,1900-01-01T03:00:00Z,2026-02-04T03:00:00Z,2026-02-03T22:00:00Z,2026-02-03T19:00:00Z,Tue,2,16,Week 16,false,"","","","",Chase Center,CA,San Francisco,N,"","",FALSE,1610612744,Warriors,Golden State,GSW,warriors,27,24,94,0,1610612755,76ers,Philadelphia,PHI,sixers,29,21,113,0,2025-26,00,2,Regular Season
2026-02-03,0022500725,20260203/PHXPOR,3,Final,10,2026-02-03T00:00:00Z,1900-01-01T23:00:00Z,2026-02-03T23:00:00Z,2026-02-03T05:00:00Z,1900-01-01T04:00:00Z,2026-02-04T04:00:00Z,2026-02-03T21:00:00Z,2026-02-03T20:00:00Z,Tue,2,16,Week 16,false,"","","","",Moda Center,OR,Portland,N,"","",FALSE,1610612757,Trail Blazers,Portland,POR,blazers,23,28,125,0,1610612756,Suns,Phoenix,PHX,suns,31,20,130,0,2025-26,00,2,Regular Season
2026-02-04,0022500726,20260204/DENNYK,3,Final/OT2,1,2026-02-04T00:00:00Z,1900-01-01T19:00:00Z,2026-02-04T19:00:00Z,2026-02-04T05:00:00Z,1900-01-01T00:00:00Z,2026-02-05T00:00:00Z,2026-02-04T17:00:00Z,2026-02-04T19:00:00Z,Wed,2,16,Week 16,false,"","","","",Madison Square Garden,NY,New York,N,"","",FALSE,1610612752,Knicks,New York,NYK,knicks,33,18,134,0,1610612743,Nuggets,Denver,DEN,nuggets,33,19,127,0,2025-26,00,2,Regular Season
2026-02-04,0022500727,20260204/MINTOR,3,Final,2,2026-02-04T00:00:00Z,1900-01-01T19:30:00Z,2026-02-04T19:30:00Z,2026-02-04T05:00:00Z,1900-01-01T00:30:00Z,2026-02-05T00:30:00Z,2026-02-04T18:30:00Z,2026-02-04T19:30:00Z,Wed,2,16,Week 16,false,"","","","",Scotiabank Arena,ON,Toronto,N,"","",FALSE,1610612761,Raptors,Toronto,TOR,raptors,30,22,126,0,1610612750,Timberwolves,Minnesota,MIN,timberwolves,32,20,128,0,2025-26,00,2,Regular Season
2026-02-04,0022500728,20260204/BOSHOU,3,Final,3,2026-02-04T00:00:00Z,1900-01-01T20:00:00Z,2026-02-04T20:00:00Z,2026-02-04T05:00:00Z,1900-01-01T01:00:00Z,2026-02-05T01:00:00Z,2026-02-04T20:00:00Z,2026-02-04T19:00:00Z,Wed,2,16,Week 16,false,"","","","",Toyota Center,TX,Houston,N,"","",FALSE,1610612745,Rockets,Houston,HOU,rockets,31,18,93,0,1610612738,Celtics,Boston,BOS,celtics,33,18,114,0,2025-26,00,2,Regular Season
2026-02-04,0022500729,20260204/NOPMIL,3,Final/OT,4,2026-02-04T00:00:00Z,1900-01-01T20:00:00Z,2026-02-04T20:00:00Z,2026-02-04T05:00:00Z,1900-01-01T01:00:00Z,2026-02-05T01:00:00Z,2026-02-04T19:00:00Z,2026-02-04T19:00:00Z,Wed,2,16,Week 16,false,"","","","",Fiserv Forum,WI,Milwaukee,N,"","",FALSE,1610612749,Bucks,Milwaukee,MIL,bucks,20,29,141,0,1610612740,Pelicans,New Orleans,NOP,pelicans,13,40,137,0,2025-26,00,2,Regular Season
2026-02-04,0022500730,20260204/OKCSAS,3,Final,5,2026-02-04T00:00:00Z,1900-01-01T21:30:00Z,2026-02-04T21:30:00Z,2026-02-04T05:00:00Z,1900-01-01T02:30:00Z,2026-02-05T02:30:00Z,2026-02-04T20:30:00Z,2026-02-04T20:30:00Z,Wed,2,16,Week 16,false,"","","","",Frost Bank Center,TX,San Antonio,N,"","",FALSE,1610612759,Spurs,San Antonio,SAS,spurs,34,16,116,0,1610612760,Thunder,Oklahoma City,OKC,thunder,40,12,106,0,2025-26,00,2,Regular Season
2026-02-04,0022500731,20260204/MEMSAC,3,Final,6,2026-02-04T00:00:00Z,1900-01-01T22:00:00Z,2026-02-04T22:00:00Z,2026-02-04T05:00:00Z,1900-01-01T03:00:00Z,2026-02-05T03:00:00Z,2026-02-04T21:00:00Z,2026-02-04T19:00:00Z,Wed,2,16,Week 16,false,"","","","",Golden 1 Center,CA,Sacramento,N,"","",FALSE,1610612758,Kings,Sacramento,SAC,kings,12,40,125,0,1610612763,Grizzlies,Memphis,MEM,grizzlies,20,29,129,0,2025-26,00,2,Regular Season
2026-02-04,0022500732,20260204/CLELAC,3,Final,7,2026-02-04T00:00:00Z,1900-01-01T22:30:00Z,2026-02-04T22:30:00Z,2026-02-04T05:00:00Z,1900-01-01T03:30:00Z,2026-02-05T03:30:00Z,2026-02-04T22:30:00Z,2026-02-04T19:30:00Z,Wed,2,16,Week 16,false,"","","","",Intuit Dome,CA,Inglewood,N,"","",FALSE,1610612746,Clippers,LA,LAC,clippers,23,27,91,0,1610612739,Cavaliers,Cleveland,CLE,cavaliers,31,21,124,0,2025-26,00,2,Regular Season
2026-02-05,0022500733,20260205/WASDET,3,Final,1,2026-02-05T00:00:00Z,1900-01-01T19:00:00Z,2026-02-05T19:00:00Z,2026-02-05T05:00:00Z,1900-01-01T00:00:00Z,2026-02-06T00:00:00Z,2026-02-05T19:00:00Z,2026-02-05T19:00:00Z,Thu,2,16,Week 16,false,"","","","",Little Caesars Arena,MI,Detroit,N,"","",FALSE,1610612765,Pistons,Detroit,DET,pistons,37,13,117,0,1610612764,Wizards,Washington,WAS,wizards,14,36,126,0,2025-26,00,2,Regular Season
2026-02-05,0022500734,20260205/BKNORL,3,Final,2,2026-02-05T00:00:00Z,1900-01-01T19:00:00Z,2026-02-05T19:00:00Z,2026-02-05T05:00:00Z,1900-01-01T00:00:00Z,2026-02-06T00:00:00Z,2026-02-05T19:00:00Z,2026-02-05T19:00:00Z,Thu,2,16,Week 16,false,"","","","",Kia Center,FL,Orlando,N,"","",FALSE,1610612753,Magic,Orlando,ORL,magic,26,24,118,0,1610612751,Nets,Brooklyn,BKN,nets,13,37,98,0,2025-26,00,2,Regular Season
2026-02-05,0022500735,20260205/UTAATL,3,Final,3,2026-02-05T00:00:00Z,1900-01-01T19:30:00Z,2026-02-05T19:30:00Z,2026-02-05T05:00:00Z,1900-01-01T00:30:00Z,2026-02-06T00:30:00Z,2026-02-05T17:30:00Z,2026-02-05T19:30:00Z,Thu,2,16,Week 16,false,"","","","",State Farm Arena,GA,Atlanta,N,"","",FALSE,1610612737,Hawks,Atlanta,ATL,hawks,26,27,121,0,1610612762,Jazz,Utah,UTA,jazz,16,36,119,0,2025-26,00,2,Regular Season
2026-02-05,0022500736,20260205/CHITOR,3,Final,4,2026-02-05T00:00:00Z,1900-01-01T19:30:00Z,2026-02-05T19:30:00Z,2026-02-05T05:00:00Z,1900-01-01T00:30:00Z,2026-02-06T00:30:00Z,2026-02-05T18:30:00Z,2026-02-05T19:30:00Z,Thu,2,16,Week 16,false,"","","","",Scotiabank Arena,ON,Toronto,N,"","",FALSE,1610612761,Raptors,Toronto,TOR,raptors,31,22,123,0,1610612741,Bulls,Chicago,CHI,bulls,24,28,107,0,2025-26,00,2,Regular Season
2026-02-05,0022500737,20260205/CHAHOU,3,Final,5,2026-02-05T00:00:00Z,1900-01-01T20:00:00Z,2026-02-05T20:00:00Z,2026-02-05T05:00:00Z,1900-01-01T01:00:00Z,2026-02-06T01:00:00Z,2026-02-05T20:00:00Z,2026-02-05T19:00:00Z,Thu,2,16,Week 16,false,"","","","",Toyota Center,TX,Houston,N,"","",FALSE,1610612745,Rockets,Houston,HOU,rockets,31,19,99,0,1610612766,Hornets,Charlotte,CHA,hornets,24,28,109,0,2025-26,00,2,Regular Season
2026-02-05,0022500738,20260205/SASDAL,3,Final,6,2026-02-05T00:00:00Z,1900-01-01T20:30:00Z,2026-02-05T20:30:00Z,2026-02-05T05:00:00Z,1900-01-01T01:30:00Z,2026-02-06T01:30:00Z,2026-02-05T19:30:00Z,2026-02-05T19:30:00Z,Thu,2,16,Week 16,false,"","","","",American Airlines Center,TX,Dallas,N,"","",FALSE,1610612742,Mavericks,Dallas,DAL,mavericks,19,32,123,0,1610612759,Spurs,San Antonio,SAS,spurs,35,16,135,0,2025-26,00,2,Regular Season
2026-02-05,0022500739,20260205/GSWPHX,3,Final,7,2026-02-05T00:00:00Z,1900-01-01T22:00:00Z,2026-02-05T22:00:00Z,2026-02-05T05:00:00Z,1900-01-01T03:00:00Z,2026-02-06T03:00:00Z,2026-02-05T19:00:00Z,2026-02-05T20:00:00Z,Thu,2,16,Week 16,false,"","","","",Mortgage Matchup Center,AZ,Phoenix,N,"","",FALSE,1610612756,Suns,Phoenix,PHX,suns,31,21,97,0,1610612744,Warriors,Golden State,GSW,warriors,28,24,101,0,2025-26,00,2,Regular Season
2026-02-05,0022500740,20260205/PHILAL,3,Final,8,2026-02-05T00:00:00Z,1900-01-01T22:00:00Z,2026-02-05T22:00:00Z,2026-02-05T05:00:00Z,1900-01-01T03:00:00Z,2026-02-06T03:00:00Z,2026-02-05T22:00:00Z,2026-02-05T19:00:00Z,Thu,2,16,Week 16,false,"","","","",Crypto.com Arena,CA,Los Angeles,N,"","",FALSE,1610612747,Lakers,Los Angeles,LAL,lakers,31,19,119,0,1610612755,76ers,Philadelphia,PHI,sixers,29,22,115,0,2025-26,00,2,Regular Season
2026-02-06,0022500741,20260206/MIABOS,3,Final,1,2026-02-06T00:00:00Z,1900-01-01T19:30:00Z,2026-02-06T19:30:00Z,2026-02-06T05:00:00Z,1900-01-01T00:30:00Z,2026-02-07T00:30:00Z,2026-02-06T19:30:00Z,2026-02-06T19:30:00Z,Fri,2,16,Week 16,false,"","","","",TD Garden,MA,Boston,N,"","",FALSE,1610612738,Celtics,Boston,BOS,celtics,34,18,98,0,1610612748,Heat,Miami,MIA,heat,27,26,96,0,2025-26,00,2,Regular Season
2026-02-06,0022500742,20260206/NYKDET,3,Final,2,2026-02-06T00:00:00Z,1900-01-01T19:30:00Z,2026-02-06T19:30:00Z,2026-02-06T05:00:00Z,1900-01-01T00:30:00Z,2026-02-07T00:30:00Z,2026-02-06T19:30:00Z,2026-02-06T19:30:00Z,Fri,2,16,Week 16,false,"","","","",Little Caesars Arena,MI,Detroit,N,"","",FALSE,1610612765,Pistons,Detroit,DET,pistons,38,13,118,0,1610612752,Knicks,New York,NYK,knicks,33,19,80,0,2025-26,00,2,Regular Season
2026-02-06,0022500743,20260206/INDMIL,3,Final,3,2026-02-06T00:00:00Z,1900-01-01T20:00:00Z,2026-02-06T20:00:00Z,2026-02-06T05:00:00Z,1900-01-01T01:00:00Z,2026-02-07T01:00:00Z,2026-02-06T20:00:00Z,2026-02-06T19:00:00Z,Fri,2,16,Week 16,false,"","","","",Fiserv Forum,WI,Milwaukee,N,"","",FALSE,1610612749,Bucks,Milwaukee,MIL,bucks,21,29,105,0,1610612754,Pacers,Indiana,IND,pacers,13,39,99,0,2025-26,00,2,Regular Season
2026-02-06,0022500744,20260206/NOPMIN,3,Final,4,2026-02-06T00:00:00Z,1900-01-01T20:00:00Z,2026-02-06T20:00:00Z,2026-02-06T05:00:00Z,1900-01-01T01:00:00Z,2026-02-07T01:00:00Z,2026-02-06T19:00:00Z,2026-02-06T19:00:00Z,Fri,2,16,Week 16,false,"","","","",Target Center,MN,Minneapolis,N,"","",FALSE,1610612750,Timberwolves,Minnesota,MIN,timberwolves,32,21,115,0,1610612740,Pelicans,New Orleans,NOP,pelicans,14,40,119,0,2025-26,00,2,Regular Season
2026-02-06,0022500745,20260206/MEMPOR,3,Final,5,2026-02-06T00:00:00Z,1900-01-01T22:00:00Z,2026-02-06T22:00:00Z,2026-02-06T05:00:00Z,1900-01-01T03:00:00Z,2026-02-07T03:00:00Z,2026-02-06T21:00:00Z,2026-02-06T19:00:00Z,Fri,2,16,Week 16,false,"","","","",Moda Center,OR,Portland,N,"","",FALSE,1610612757,Trail Blazers,Portland,POR,blazers,24,28,135,0,1610612763,Grizzlies,Memphis,MEM,grizzlies,20,30,115,0,2025-26,00,2,Regular Season
2026-02-06,0022500746,20260206/LACSAC,3,Final,6,2026-02-06T00:00:00Z,1900-01-01T22:00:00Z,2026-02-06T22:00:00Z,2026-02-06T05:00:00Z,1900-01-01T03:00:00Z,2026-02-07T03:00:00Z,2026-02-06T19:00:00Z,2026-02-06T19:00:00Z,Fri,2,16,Week 16,false,"","","","",Golden 1 Center,CA,Sacramento,N,"","",FALSE,1610612758,Kings,Sacramento,SAC,kings,12,41,111,0,1610612746,Clippers,LA,LAC,clippers,24,27,114,0,2025-26,00,2,Regular Season
2026-02-07,0022500747,20260207/WASBKN,3,Final,1,2026-02-07T00:00:00Z,1900-01-01T15:00:00Z,2026-02-07T15:00:00Z,2026-02-07T05:00:00Z,1900-01-01T20:00:00Z,2026-02-07T20:00:00Z,2026-02-07T15:00:00Z,2026-02-07T15:00:00Z,Sat,2,16,Week 16,false,"","","","",Barclays Center,NY,Brooklyn,N,"","",FALSE,1610612751,Nets,Brooklyn,BKN,nets,14,37,127,0,1610612764,Wizards,Washington,WAS,wizards,14,37,113,0,2025-26,00,2,Regular Season
2026-02-07,0022500748,20260207/HOUOKC,3,Final,2,2026-02-07T00:00:00Z,1900-01-01T15:30:00Z,2026-02-07T15:30:00Z,2026-02-07T05:00:00Z,1900-01-01T20:30:00Z,2026-02-07T20:30:00Z,2026-02-07T14:30:00Z,2026-02-07T14:30:00Z,Sat,2,16,Week 16,false,"","","","",Paycom Center,OK,Oklahoma City,N,"","",FALSE,1610612760,Thunder,Oklahoma City,OKC,thunder,40,13,106,0,1610612745,Rockets,Houston,HOU,rockets,32,19,112,0,2025-26,00,2,Regular Season
2026-02-07,0022500749,20260207/DALSAS,3,Final,3,2026-02-07T00:00:00Z,1900-01-01T18:00:00Z,2026-02-07T18:00:00Z,2026-02-07T05:00:00Z,1900-01-01T23:00:00Z,2026-02-07T23:00:00Z,2026-02-07T17:00:00Z,2026-02-07T17:00:00Z,Sat,2,16,Week 16,false,"","","","",Frost Bank Center,TX,San Antonio,N,"","",FALSE,1610612759,Spurs,San Antonio,SAS,spurs,36,16,138,0,1610612742,Mavericks,Dallas,DAL,mavericks,19,33,125,0,2025-26,00,2,Regular Season
2026-02-07,0022500750,20260207/UTAORL,3,Final,4,2026-02-07T00:00:00Z,1900-01-01T19:00:00Z,2026-02-07T19:00:00Z,2026-02-07T05:00:00Z,1900-01-01T00:00:00Z,2026-02-08T00:00:00Z,2026-02-07T17:00:00Z,2026-02-07T19:00:00Z,Sat,2,16,Week 16,false,"","","","",Kia Center,FL,Orlando,N,"","",FALSE,1610612753,Magic,Orlando,ORL,magic,27,24,120,0,1610612762,Jazz,Utah,UTA,jazz,16,37,117,0,2025-26,00,2,Regular Season
2026-02-07,0022500751,20260207/CHAATL,3,Final,5,2026-02-07T00:00:00Z,1900-01-01T19:30:00Z,2026-02-07T19:30:00Z,2026-02-07T05:00:00Z,1900-01-01T00:30:00Z,2026-02-08T00:30:00Z,2026-02-07T19:30:00Z,2026-02-07T19:30:00Z,Sat,2,16,Week 16,false,"","","","",State Farm Arena,GA,Atlanta,N,"","",FALSE,1610612737,Hawks,Atlanta,ATL,hawks,26,28,119,0,1610612766,Hornets,Charlotte,CHA,hornets,25,28,126,0,2025-26,00,2,Regular Season
2026-02-07,0022500752,20260207/DENCHI,3,Final,6,2026-02-07T00:00:00Z,1900-01-01T20:00:00Z,2026-02-07T20:00:00Z,2026-02-07T05:00:00Z,1900-01-01T01:00:00Z,2026-02-08T01:00:00Z,2026-02-07T18:00:00Z,2026-02-07T19:00:00Z,Sat,2,16,Week 16,false,"","","","",United Center,IL,Chicago,N,"","",FALSE,1610612741,Bulls,Chicago,CHI,bulls,24,29,120,0,1610612743,Nuggets,Denver,DEN,nuggets,34,19,136,0,2025-26,00,2,Regular Season
2026-02-07,0022500753,20260207/GSWLAL,3,Final,7,2026-02-07T00:00:00Z,1900-01-01T20:30:00Z,2026-02-07T20:30:00Z,2026-02-07T05:00:00Z,1900-01-01T01:30:00Z,2026-02-08T01:30:00Z,2026-02-07T17:30:00Z,2026-02-07T17:30:00Z,Sat,2,16,Week 16,false,"","","","",Crypto.com Arena,CA,Los Angeles,N,"","",FALSE,1610612747,Lakers,Los Angeles,LAL,lakers,32,19,105,0,1610612744,Warriors,Golden State,GSW,warriors,28,25,99,0,2025-26,00,2,Regular Season
2026-02-07,0022500754,20260207/PHIPHX,3,Final,8,2026-02-07T00:00:00Z,1900-01-01T21:00:00Z,2026-02-07T21:00:00Z,2026-02-07T05:00:00Z,1900-01-01T02:00:00Z,2026-02-08T02:00:00Z,2026-02-07T21:00:00Z,2026-02-07T19:00:00Z,Sat,2,16,Week 16,false,"","","","",Mortgage Matchup Center,AZ,Phoenix,N,"","",FALSE,1610612756,Suns,Phoenix,PHX,suns,31,22,103,0,1610612755,76ers,Philadelphia,PHI,sixers,30,22,109,0,2025-26,00,2,Regular Season
2026-02-07,0022500755,20260207/MEMPOR,3,Final,9,2026-02-07T00:00:00Z,1900-01-01T22:00:00Z,2026-02-07T22:00:00Z,2026-02-07T05:00:00Z,1900-01-01T03:00:00Z,2026-02-08T03:00:00Z,2026-02-07T21:00:00Z,2026-02-07T19:00:00Z,Sat,2,16,Week 16,false,"","","","",Moda Center,OR,Portland,N,"","",FALSE,1610612757,Trail Blazers,Portland,POR,blazers,25,28,122,0,1610612763,Grizzlies,Memphis,MEM,grizzlies,20,31,115,0,2025-26,00,2,Regular Season
2026-02-07,0022500756,20260207/CLESAC,3,Final,10,2026-02-07T00:00:00Z,1900-01-01T22:00:00Z,2026-02-07T22:00:00Z,2026-02-07T05:00:00Z,1900-01-01T03:00:00Z,2026-02-08T03:00:00Z,2026-02-07T22:00:00Z,2026-02-07T19:00:00Z,Sat,2,16,Week 16,false,"","","","",Golden 1 Center,CA,Sacramento,N,"","",FALSE,1610612758,Kings,Sacramento,SAC,kings,12,42,126,0,1610612739,Cavaliers,Cleveland,CLE,cavaliers,32,21,132,0,2025-26,00,2,Regular Season
2026-02-08,0022500757,20260208/NYKBOS,3,Final,1,2026-02-08T00:00:00Z,1900-01-01T12:30:00Z,2026-02-08T12:30:00Z,2026-02-08T05:00:00Z,1900-01-01T17:30:00Z,2026-02-08T17:30:00Z,2026-02-08T12:30:00Z,2026-02-08T12:30:00Z,Sun,2,16,Week 16,false,"","","","",TD Garden,MA,Boston,N,"","",FALSE,1610612738,Celtics,Boston,BOS,celtics,34,19,89,0,1610612752,Knicks,New York,NYK,knicks,34,19,111,0,2025-26,00,2,Regular Season
2026-02-08,0022500758,20260208/MIAWAS,3,Final,2,2026-02-08T00:00:00Z,1900-01-01T14:00:00Z,2026-02-08T14:00:00Z,2026-02-08T05:00:00Z,1900-01-01T19:00:00Z,2026-02-08T19:00:00Z,2026-02-08T14:00:00Z,2026-02-08T14:00:00Z,Sun,2,16,Week 16,false,"","","","",Capital One Arena,DC,Washington,N,"","",FALSE,1610612764,Wizards,Washington,WAS,wizards,14,38,101,0,1610612748,Heat,Miami,MIA,heat,28,26,132,0,2025-26,00,2,Regular Season
2026-02-08,0022500759,20260208/INDTOR,3,Final,3,2026-02-08T00:00:00Z,1900-01-01T15:00:00Z,2026-02-08T15:00:00Z,2026-02-08T05:00:00Z,1900-01-01T20:00:00Z,2026-02-08T20:00:00Z,2026-02-08T15:00:00Z,2026-02-08T15:00:00Z,Sun,2,16,Week 16,false,"","","","",Scotiabank Arena,ON,Toronto,N,"","",FALSE,1610612761,Raptors,Toronto,TOR,raptors,32,22,122,0,1610612754,Pacers,Indiana,IND,pacers,13,40,104,0,2025-26,00,2,Regular Season
2026-02-08,0022500760,20260208/LACMIN,3,Final,4,2026-02-08T00:00:00Z,1900-01-01T15:00:00Z,2026-02-08T15:00:00Z,2026-02-08T05:00:00Z,1900-01-01T20:00:00Z,2026-02-08T20:00:00Z,2026-02-08T12:00:00Z,2026-02-08T14:00:00Z,Sun,2,16,Week 16,false,"","","","",Target Center,MN,Minneapolis,N,"","",FALSE,1610612750,Timberwolves,Minnesota,MIN,timberwolves,32,22,96,0,1610612746,Clippers,LA,LAC,clippers,25,27,115,0,2025-26,00,2,Regular Season
2026-02-09,0022500761,20260209/DETCHA,3,Final,1,2026-02-09T00:00:00Z,1900-01-01T19:00:00Z,2026-02-09T19:00:00Z,2026-02-09T05:00:00Z,1900-01-01T00:00:00Z,2026-02-10T00:00:00Z,2026-02-09T19:00:00Z,2026-02-09T19:00:00Z,Mon,2,17,Week 17,false,"","","","",Spectrum Center,NC,Charlotte,N,"","",FALSE,1610612766,Hornets,Charlotte,CHA,hornets,25,29,104,0,1610612765,Pistons,Detroit,DET,pistons,39,13,110,0,2025-26,00,2,Regular Season
2026-02-09,0022500762,20260209/CHIBKN,3,Final,2,2026-02-09T00:00:00Z,1900-01-01T19:30:00Z,2026-02-09T19:30:00Z,2026-02-09T05:00:00Z,1900-01-01T00:30:00Z,2026-02-10T00:30:00Z,2026-02-09T18:30:00Z,2026-02-09T19:30:00Z,Mon,2,17,Week 17,false,"","","","",Barclays Center,NY,Brooklyn,N,"","",FALSE,1610612751,Nets,Brooklyn,BKN,nets,15,37,123,0,1610612741,Bulls,Chicago,CHI,bulls,24,30,115,0,2025-26,00,2,Regular Season
2026-02-09,0022500763,20260209/UTAMIA,3,Final,3,2026-02-09T00:00:00Z,1900-01-01T19:30:00Z,2026-02-09T19:30:00Z,2026-02-09T05:00:00Z,1900-01-01T00:30:00Z,2026-02-10T00:30:00Z,2026-02-09T17:30:00Z,2026-02-09T19:30:00Z,Mon,2,17,Week 17,false,"","","","",Kaseya Center,FL,Miami,N,"","",FALSE,1610612748,Heat,Miami,MIA,heat,28,27,111,0,1610612762,Jazz,Utah,UTA,jazz,17,37,115,0,2025-26,00,2,Regular Season
2026-02-09,0022500764,20260209/MILORL,3,Final,4,2026-02-09T00:00:00Z,1900-01-01T19:30:00Z,2026-02-09T19:30:00Z,2026-02-09T05:00:00Z,1900-01-01T00:30:00Z,2026-02-10T00:30:00Z,2026-02-09T18:30:00Z,2026-02-09T19:30:00Z,Mon,2,17,Week 17,false,"","","","",Kia Center,FL,Orlando,N,"","",FALSE,1610612753,Magic,Orlando,ORL,magic,28,24,118,0,1610612749,Bucks,Milwaukee,MIL,bucks,21,30,99,0,2025-26,00,2,Regular Season
2026-02-09,0022500765,20260209/ATLMIN,3,Final,5,2026-02-09T00:00:00Z,1900-01-01T20:00:00Z,2026-02-09T20:00:00Z,2026-02-09T05:00:00Z,1900-01-01T01:00:00Z,2026-02-10T01:00:00Z,2026-02-09T20:00:00Z,2026-02-09T19:00:00Z,Mon,2,17,Week 17,false,"","","","",Target Center,MN,Minneapolis,N,"","",FALSE,1610612750,Timberwolves,Minnesota,MIN,timberwolves,33,22,138,0,1610612737,Hawks,Atlanta,ATL,hawks,26,29,116,0,2025-26,00,2,Regular Season
2026-02-09,0022500766,20260209/SACNOP,3,Final,6,2026-02-09T00:00:00Z,1900-01-01T20:00:00Z,2026-02-09T20:00:00Z,2026-02-09T05:00:00Z,1900-01-01T01:00:00Z,2026-02-10T01:00:00Z,2026-02-09T17:00:00Z,2026-02-09T19:00:00Z,Mon,2,17,Week 17,false,"","","","",Smoothie King Center,LA,New Orleans,N,"","",FALSE,1610612740,Pelicans,New Orleans,NOP,pelicans,15,40,120,0,1610612758,Kings,Sacramento,SAC,kings,12,43,94,0,2025-26,00,2,Regular Season
2026-02-09,0022500767,20260209/CLEDEN,3,Final,7,2026-02-09T00:00:00Z,1900-01-01T21:00:00Z,2026-02-09T21:00:00Z,2026-02-09T05:00:00Z,1900-01-01T02:00:00Z,2026-02-10T02:00:00Z,2026-02-09T21:00:00Z,2026-02-09T19:00:00Z,Mon,2,17,Week 17,false,"","","","",Ball Arena,CO,Denver,N,"","",FALSE,1610612743,Nuggets,Denver,DEN,nuggets,34,20,117,0,1610612739,Cavaliers,Cleveland,CLE,cavaliers,33,21,119,0,2025-26,00,2,Regular Season
2026-02-09,0022500768,20260209/MEMGSW,3,Final,8,2026-02-09T00:00:00Z,1900-01-01T22:00:00Z,2026-02-09T22:00:00Z,2026-02-09T05:00:00Z,1900-01-01T03:00:00Z,2026-02-10T03:00:00Z,2026-02-09T21:00:00Z,2026-02-09T19:00:00Z,Mon,2,17,Week 17,false,"","","","",Chase Center,CA,San Francisco,N,"","",FALSE,1610612744,Warriors,Golden State,GSW,warriors,29,25,114,0,1610612763,Grizzlies,Memphis,MEM,grizzlies,20,32,113,0,2025-26,00,2,Regular Season
2026-02-09,0022500769,20260209/OKCLAL,3,Final,9,2026-02-09T00:00:00Z,1900-01-01T22:00:00Z,2026-02-09T22:00:00Z,2026-02-09T05:00:00Z,1900-01-01T03:00:00Z,2026-02-10T03:00:00Z,2026-02-09T21:00:00Z,2026-02-09T19:00:00Z,Mon,2,17,Week 17,false,"","","","",Crypto.com Arena,CA,Los Angeles,N,"","",FALSE,1610612747,Lakers,Los Angeles,LAL,lakers,32,20,110,0,1610612760,Thunder,Oklahoma City,OKC,thunder,41,13,119,0,2025-26,00,2,Regular Season
2026-02-09,0022500770,20260209/PHIPOR,3,Final,10,2026-02-09T00:00:00Z,1900-01-01T22:00:00Z,2026-02-09T22:00:00Z,2026-02-09T05:00:00Z,1900-01-01T03:00:00Z,2026-02-10T03:00:00Z,2026-02-09T22:00:00Z,2026-02-09T19:00:00Z,Mon,2,17,Week 17,false,"","","","",Moda Center,OR,Portland,N,"","",FALSE,1610612757,Trail Blazers,Portland,POR,blazers,26,28,135,0,1610612755,76ers,Philadelphia,PHI,sixers,30,23,118,0,2025-26,00,2,Regular Season
2026-02-10,0022500771,20260210/INDNYK,3,Final/OT,1,2026-02-10T00:00:00Z,1900-01-01T19:30:00Z,2026-02-10T19:30:00Z,2026-02-10T05:00:00Z,1900-01-01T00:30:00Z,2026-02-11T00:30:00Z,2026-02-10T19:30:00Z,2026-02-10T19:30:00Z,Tue,2,17,Week 17,false,"","","","",Madison Square Garden,NY,New York,N,"","",FALSE,1610612752,Knicks,New York,NYK,knicks,34,20,134,0,1610612754,Pacers,Indiana,IND,pacers,14,40,137,0,2025-26,00,2,Regular Season
2026-02-10,0022500772,20260210/LACHOU,3,Final,2,2026-02-10T00:00:00Z,1900-01-01T20:00:00Z,2026-02-10T20:00:00Z,2026-02-10T05:00:00Z,1900-01-01T01:00:00Z,2026-02-11T01:00:00Z,2026-02-10T17:00:00Z,2026-02-10T19:00:00Z,Tue,2,17,Week 17,false,"","","","",Toyota Center,TX,Houston,N,"","",FALSE,1610612745,Rockets,Houston,HOU,rockets,33,19,102,0,1610612746,Clippers,LA,LAC,clippers,25,28,95,0,2025-26,00,2,Regular Season
2026-02-10,0022500773,20260210/DALPHX,3,Final,3,2026-02-10T00:00:00Z,1900-01-01T21:00:00Z,2026-02-10T21:00:00Z,2026-02-10T05:00:00Z,1900-01-01T02:00:00Z,2026-02-11T02:00:00Z,2026-02-10T20:00:00Z,2026-02-10T19:00:00Z,Tue,2,17,Week 17,false,"","","","",Mortgage Matchup Center,AZ,Phoenix,N,"","",FALSE,1610612756,Suns,Phoenix,PHX,suns,32,22,120,0,1610612742,Mavericks,Dallas,DAL,mavericks,19,34,111,0,2025-26,00,2,Regular Season
2026-02-10,0022500774,20260210/SASLAL,3,Final,4,2026-02-10T00:00:00Z,1900-01-01T22:30:00Z,2026-02-10T22:30:00Z,2026-02-10T05:00:00Z,1900-01-01T03:30:00Z,2026-02-11T03:30:00Z,2026-02-10T21:30:00Z,2026-02-10T19:30:00Z,Tue,2,17,Week 17,false,"","","","",Crypto.com Arena,CA,Los Angeles,N,"","",FALSE,1610612747,Lakers,Los Angeles,LAL,lakers,32,21,108,0,1610612759,Spurs,San Antonio,SAS,spurs,37,16,136,0,2025-26,00,2,Regular Season
2026-02-11,0022500775,20260211/ATLCHA,3,Final,1,2026-02-11T00:00:00Z,1900-01-01T19:00:00Z,2026-02-11T19:00:00Z,2026-02-11T05:00:00Z,1900-01-01T00:00:00Z,2026-02-12T00:00:00Z,2026-02-11T19:00:00Z,2026-02-11T19:00:00Z,Wed,2,17,Week 17,false,"","","","",Spectrum Center,NC,Charlotte,N,"","",FALSE,1610612766,Hornets,Charlotte,CHA,hornets,26,29,110,0,1610612737,Hawks,Atlanta,ATL,hawks,26,30,107,0,2025-26,00,2,Regular Season
2026-02-11,0022500776,20260211/WASCLE,3,Final,2,2026-02-11T00:00:00Z,1900-01-01T19:00:00Z,2026-02-11T19:00:00Z,2026-02-11T05:00:00Z,1900-01-01T00:00:00Z,2026-02-12T00:00:00Z,2026-02-11T19:00:00Z,2026-02-11T19:00:00Z,Wed,2,17,Week 17,false,"","","","",Rocket Arena,OH,Cleveland,N,"","",FALSE,1610612739,Cavaliers,Cleveland,CLE,cavaliers,34,21,138,0,1610612764,Wizards,Washington,WAS,wizards,14,39,113,0,2025-26,00,2,Regular Season
2026-02-11,0022500777,20260211/MILORL,3,Final,3,2026-02-11T00:00:00Z,1900-01-01T19:00:00Z,2026-02-11T19:00:00Z,2026-02-11T05:00:00Z,1900-01-01T00:00:00Z,2026-02-12T00:00:00Z,2026-02-11T18:00:00Z,2026-02-11T19:00:00Z,Wed,2,17,Week 17,false,"","","","",Kia Center,FL,Orlando,N,"","",FALSE,1610612753,Magic,Orlando,ORL,magic,28,25,108,0,1610612749,Bucks,Milwaukee,MIL,bucks,22,30,116,0,2025-26,00,2,Regular Season
2026-02-11,0022500778,20260211/CHIBOS,3,Final,4,2026-02-11T00:00:00Z,1900-01-01T19:30:00Z,2026-02-11T19:30:00Z,2026-02-11T05:00:00Z,1900-01-01T00:30:00Z,2026-02-12T00:30:00Z,2026-02-11T18:30:00Z,2026-02-11T19:30:00Z,Wed,2,17,Week 17,false,"","","","",TD Garden,MA,Boston,N,"","",FALSE,1610612738,Celtics,Boston,BOS,celtics,35,19,124,0,1610612741,Bulls,Chicago,CHI,bulls,24,31,105,0,2025-26,00,2,Regular Season
2026-02-11,0022500779,20260211/INDBKN,3,Final,5,2026-02-11T00:00:00Z,1900-01-01T19:30:00Z,2026-02-11T19:30:00Z,2026-02-11T05:00:00Z,1900-01-01T00:30:00Z,2026-02-12T00:30:00Z,2026-02-11T19:30:00Z,2026-02-11T19:30:00Z,Wed,2,17,Week 17,false,"","","","",Barclays Center,NY,Brooklyn,N,"","",FALSE,1610612751,Nets,Brooklyn,BKN,nets,15,38,110,0,1610612754,Pacers,Indiana,IND,pacers,15,40,115,0,2025-26,00,2,Regular Season
2026-02-11,0022500780,20260211/NYKPHI,3,Final,6,2026-02-11T00:00:00Z,1900-01-01T19:30:00Z,2026-02-11T19:30:00Z,2026-02-11T05:00:00Z,1900-01-01T00:30:00Z,2026-02-12T00:30:00Z,2026-02-11T19:30:00Z,2026-02-11T19:30:00Z,Wed,2,17,Week 17,false,"","","","",Xfinity Mobile Arena,PA,Philadelphia,N,"","",FALSE,1610612755,76ers,Philadelphia,PHI,sixers,30,24,89,0,1610612752,Knicks,New York,NYK,knicks,35,20,138,0,2025-26,00,2,Regular Season
2026-02-11,0022500781,20260211/DETTOR,3,Final,7,2026-02-11T00:00:00Z,1900-01-01T19:30:00Z,2026-02-11T19:30:00Z,2026-02-11T05:00:00Z,1900-01-01T00:30:00Z,2026-02-12T00:30:00Z,2026-02-11T19:30:00Z,2026-02-11T19:30:00Z,Wed,2,17,Week 17,false,"","","","",Scotiabank Arena,ON,Toronto,N,"","",FALSE,1610612761,Raptors,Toronto,TOR,raptors,32,23,95,0,1610612765,Pistons,Detroit,DET,pistons,40,13,113,0,2025-26,00,2,Regular Season
2026-02-11,0022500782,20260211/LACHOU,3,Final,8,2026-02-11T00:00:00Z,1900-01-01T20:00:00Z,2026-02-11T20:00:00Z,2026-02-11T05:00:00Z,1900-01-01T01:00:00Z,2026-02-12T01:00:00Z,2026-02-11T17:00:00Z,2026-02-11T19:00:00Z,Wed,2,17,Week 17,false,"","","","",Toyota Center,TX,Houston,N,"","",FALSE,1610612745,Rockets,Houston,HOU,rockets,33,20,102,0,1610612746,Clippers,LA,LAC,clippers,26,28,105,0,2025-26,00,2,Regular Season
2026-02-11,0022500783,20260211/PORMIN,3,Final,9,2026-02-11T00:00:00Z,1900-01-01T20:00:00Z,2026-02-11T20:00:00Z,2026-02-11T05:00:00Z,1900-01-01T01:00:00Z,2026-02-12T01:00:00Z,2026-02-11T17:00:00Z,2026-02-11T19:00:00Z,Wed,2,17,Week 17,false,"","","","",Target Center,MN,Minneapolis,N,"","",FALSE,1610612750,Timberwolves,Minnesota,MIN,timberwolves,34,22,133,0,1610612757,Trail Blazers,Portland,POR,blazers,26,29,109,0,2025-26,00,2,Regular Season
2026-02-11,0022500784,20260211/MIANOP,3,Final,10,2026-02-11T00:00:00Z,1900-01-01T20:00:00Z,2026-02-11T20:00:00Z,2026-02-11T05:00:00Z,1900-01-01T01:00:00Z,2026-02-12T01:00:00Z,2026-02-11T20:00:00Z,2026-02-11T19:00:00Z,Wed,2,17,Week 17,false,"","","","",Smoothie King Center,LA,New Orleans,N,"","",FALSE,1610612740,Pelicans,New Orleans,NOP,pelicans,15,41,111,0,1610612748,Heat,Miami,MIA,heat,29,27,123,0,2025-26,00,2,Regular Season
2026-02-11,0022500785,20260211/OKCPHX,3,Final,11,2026-02-11T00:00:00Z,1900-01-01T21:00:00Z,2026-02-11T21:00:00Z,2026-02-11T05:00:00Z,1900-01-01T02:00:00Z,2026-02-12T02:00:00Z,2026-02-11T20:00:00Z,2026-02-11T19:00:00Z,Wed,2,17,Week 17,false,"","","","",Mortgage Matchup Center,AZ,Phoenix,N,"","",FALSE,1610612756,Suns,Phoenix,PHX,suns,32,23,109,0,1610612760,Thunder,Oklahoma City,OKC,thunder,42,13,136,0,2025-26,00,2,Regular Season
2026-02-11,0022500786,20260211/SACUTA,3,Final,12,2026-02-11T00:00:00Z,1900-01-01T21:00:00Z,2026-02-11T21:00:00Z,2026-02-11T05:00:00Z,1900-01-01T02:00:00Z,2026-02-12T02:00:00Z,2026-02-11T18:00:00Z,2026-02-11T19:00:00Z,Wed,2,17,Week 17,false,"","","","",Delta Center,UT,Salt Lake City,N,"","",FALSE,1610612762,Jazz,Utah,UTA,jazz,18,37,121,0,1610612758,Kings,Sacramento,SAC,kings,12,44,93,0,2025-26,00,2,Regular Season
2026-02-11,0022500787,20260211/MEMDEN,3,Final,13,2026-02-11T00:00:00Z,1900-01-01T21:00:00Z,2026-02-11T21:00:00Z,2026-02-11T05:00:00Z,1900-01-01T02:00:00Z,2026-02-12T02:00:00Z,2026-02-11T20:00:00Z,2026-02-11T19:00:00Z,Wed,2,17,Week 17,false,"","","","",Ball Arena,CO,Denver,N,"","",FALSE,1610612743,Nuggets,Denver,DEN,nuggets,35,20,122,0,1610612763,Grizzlies,Memphis,MEM,grizzlies,20,33,116,0,2025-26,00,2,Regular Season
2026-02-11,0022500788,20260211/SASGSW,3,Final,14,2026-02-11T00:00:00Z,1900-01-01T22:00:00Z,2026-02-11T22:00:00Z,2026-02-11T05:00:00Z,1900-01-01T03:00:00Z,2026-02-12T03:00:00Z,2026-02-11T21:00:00Z,2026-02-11T19:00:00Z,Wed,2,17,Week 17,false,"","","","",Chase Center,CA,San Francisco,N,"","",FALSE,1610612744,Warriors,Golden State,GSW,warriors,29,26,113,0,1610612759,Spurs,San Antonio,SAS,spurs,38,16,126,0,2025-26,00,2,Regular Season
2026-02-12,0022500789,20260212/MILOKC,3,Final,1,2026-02-12T00:00:00Z,1900-01-01T19:30:00Z,2026-02-12T19:30:00Z,2026-02-12T05:00:00Z,1900-01-01T00:30:00Z,2026-02-13T00:30:00Z,2026-02-12T18:30:00Z,2026-02-12T18:30:00Z,Thu,2,17,Week 17,false,"","","","",Paycom Center,OK,Oklahoma City,N,"","",FALSE,1610612760,Thunder,Oklahoma City,OKC,thunder,42,14,93,0,1610612749,Bucks,Milwaukee,MIL,bucks,23,30,110,0,2025-26,00,2,Regular Season
2026-02-12,0022500790,20260212/PORUTA,3,Final,2,2026-02-12T00:00:00Z,1900-01-01T21:00:00Z,2026-02-12T21:00:00Z,2026-02-12T05:00:00Z,1900-01-01T02:00:00Z,2026-02-13T02:00:00Z,2026-02-12T18:00:00Z,2026-02-12T19:00:00Z,Thu,2,17,Week 17,false,"","","","",Delta Center,UT,Salt Lake City,N,"","",FALSE,1610612762,Jazz,Utah,UTA,jazz,18,38,119,0,1610612757,Trail Blazers,Portland,POR,blazers,27,29,135,0,2025-26,00,2,Regular Season
2026-02-12,0022500791,20260212/DALLAL,3,Final,3,2026-02-12T00:00:00Z,1900-01-01T22:00:00Z,2026-02-12T22:00:00Z,2026-02-12T05:00:00Z,1900-01-01T03:00:00Z,2026-02-13T03:00:00Z,2026-02-12T21:00:00Z,2026-02-12T19:00:00Z,Thu,2,17,Week 17,false,"","","","",Crypto.com Arena,CA,Los Angeles,N,"","",FALSE,1610612747,Lakers,Los Angeles,LAL,lakers,33,21,124,0,1610612742,Mavericks,Dallas,DAL,mavericks,19,35,104,0,2025-26,00,2,Regular Season
2026-02-13,0032500004,20260213/AUSMEL,3,Final,2,2026-02-13T00:00:00Z,1900-01-01T21:00:00Z,2026-02-13T21:00:00Z,2026-02-13T05:00:00Z,1900-01-01T02:00:00Z,2026-02-14T02:00:00Z,2026-02-13T18:00:00Z,2026-02-13T18:00:00Z,Fri,2,17,All-Star,false,"",Rising Stars Semifinal,Game 1,"",Intuit Dome,CA,Inglewood,N,"","",FALSE,1610616862,Team Melo,"",MEL,team-melo,1,0,40,0,1610616865,Team Austin,"",AUS,team-austin,0,1,34,0,2025-26,00,3,All-Star
2026-02-13,0032500005,20260213/VINTMC,3,Final,3,2026-02-13T00:00:00Z,1900-01-01T21:55:00Z,2026-02-13T21:55:00Z,2026-02-13T05:00:00Z,1900-01-01T02:55:00Z,2026-02-14T02:55:00Z,2026-02-13T18:55:00Z,2026-02-13T18:55:00Z,Fri,2,17,All-Star,false,"",Rising Stars Semifinal,Game 2,"",Intuit Dome,CA,Inglewood,N,"","",FALSE,1610616864,Team T-Mac,"",TMC,team-t-mac,0,1,36,0,1610616863,Team Vince,"",VIN,team-vince,1,0,41,0,2025-26,00,3,All-Star
2026-02-13,0032500006,20260213/VINMEL,3,Final,4,2026-02-13T00:00:00Z,1900-01-01T22:35:00Z,2026-02-13T22:35:00Z,2026-02-13T05:00:00Z,1900-01-01T03:35:00Z,2026-02-14T03:35:00Z,2026-02-13T19:35:00Z,2026-02-13T19:35:00Z,Fri,2,17,All-Star,false,"",Rising Stars Final,Championship,"",Intuit Dome,CA,Inglewood,N,"","",FALSE,1610616862,Team Melo,"",MEL,team-melo,1,1,24,0,1610616863,Team Vince,"",VIN,team-vince,2,0,25,0,2025-26,00,3,All-Star
2026-02-15,0032500011,20260215/WLDSTR,3,Final/OT,1,2026-02-15T00:00:00Z,1900-01-01T17:00:00Z,2026-02-15T17:00:00Z,2026-02-15T05:00:00Z,1900-01-01T22:00:00Z,2026-02-15T22:00:00Z,2026-02-15T14:00:00Z,2026-02-15T14:00:00Z,Sun,2,17,All-Star,false,"",All-Star,Game 1,"",Intuit Dome,CA,Inglewood,N,"","",FALSE,1610616859,Stars,"",STR,stars,1,0,37,0,1610616861,World,"",WLD,world,0,1,35,0,2025-26,00,3,All-Star
2026-02-15,0032500021,20260215/STRSTP,3,Final,2,2026-02-15T00:00:00Z,1900-01-01T17:55:00Z,2026-02-15T17:55:00Z,2026-02-15T05:00:00Z,1900-01-01T22:55:00Z,2026-02-15T22:55:00Z,2026-02-15T14:55:00Z,2026-02-15T14:55:00Z,Sun,2,17,All-Star,false,"",All-Star,Game 2,"",Intuit Dome,CA,Inglewood,N,"","",FALSE,1610616860,Stripes,"",STP,stripes,1,0,42,0,1610616859,Stars,"",STR,stars,1,1,40,0,2025-26,00,3,All-Star
2026-02-15,0032500031,20260215/WLDSTP,3,Final,3,2026-02-15T00:00:00Z,1900-01-01T18:25:00Z,2026-02-15T18:25:00Z,2026-02-15T05:00:00Z,1900-01-01T23:25:00Z,2026-02-15T23:25:00Z,2026-02-15T15:25:00Z,2026-02-15T15:25:00Z,Sun,2,17,All-Star,false,"",All-Star,Game 3,"",Intuit Dome,CA,Inglewood,N,"","",FALSE,1610616860,Stripes,"",STP,stripes,2,0,48,0,1610616861,World,"",WLD,world,0,2,45,0,2025-26,00,3,All-Star
2026-02-15,0032500041,20260215/STRSTP,3,Final,4,2026-02-15T00:00:00Z,1900-01-01T19:10:00Z,2026-02-15T19:10:00Z,2026-02-15T05:00:00Z,1900-01-01T00:10:00Z,2026-02-16T00:10:00Z,2026-02-15T16:10:00Z,2026-02-15T16:10:00Z,Sun,2,17,All-Star,false,"",All-Star Championship,"","",Intuit Dome,CA,Inglewood,N,"","",FALSE,1610616860,Stripes,"",STP,stripes,2,1,21,0,1610616859,Stars,"",STR,stars,2,1,47,0,2025-26,00,3,All-Star
2026-02-19,0022500792,20260219/HOUCHA,3,Final,1,2026-02-19T00:00:00Z,1900-01-01T19:00:00Z,2026-02-19T19:00:00Z,2026-02-19T05:00:00Z,1900-01-01T00:00:00Z,2026-02-20T00:00:00Z,2026-02-19T18:00:00Z,2026-02-19T19:00:00Z,Thu,2,18,Week 18,false,"","","","",Spectrum Center,NC,Charlotte,N,"","",FALSE,1610612766,Hornets,Charlotte,CHA,hornets,26,30,101,0,1610612745,Rockets,Houston,HOU,rockets,34,20,105,0,2025-26,00,2,Regular Season
2026-02-19,0022500793,20260219/BKNCLE,3,Final,2,2026-02-19T00:00:00Z,1900-01-01T19:00:00Z,2026-02-19T19:00:00Z,2026-02-19T05:00:00Z,1900-01-01T00:00:00Z,2026-02-20T00:00:00Z,2026-02-19T19:00:00Z,2026-02-19T19:00:00Z,Thu,2,18,Week 18,false,"","","","",Rocket Arena,OH,Cleveland,N,"","",FALSE,1610612739,Cavaliers,Cleveland,CLE,cavaliers,35,21,112,0,1610612751,Nets,Brooklyn,BKN,nets,15,39,84,0,2025-26,00,2,Regular Season
2026-02-19,0022500794,20260219/ATLPHI,3,Final,3,2026-02-19T00:00:00Z,1900-01-01T19:00:00Z,2026-02-19T19:00:00Z,2026-02-19T05:00:00Z,1900-01-01T00:00:00Z,2026-02-20T00:00:00Z,2026-02-19T19:00:00Z,2026-02-19T19:00:00Z,Thu,2,18,Week 18,false,"","","","",Xfinity Mobile Arena,PA,Philadelphia,N,"","",FALSE,1610612755,76ers,Philadelphia,PHI,sixers,30,25,107,0,1610612737,Hawks,Atlanta,ATL,hawks,27,30,117,0,2025-26,00,2,Regular Season
2026-02-19,0022500795,20260219/INDWAS,3,Final,4,2026-02-19T00:00:00Z,1900-01-01T19:00:00Z,2026-02-19T19:00:00Z,2026-02-19T05:00:00Z,1900-01-01T00:00:00Z,2026-02-20T00:00:00Z,2026-02-19T19:00:00Z,2026-02-19T19:00:00Z,Thu,2,18,Week 18,false,"","","","",Capital One Arena,DC,Washington,N,"","",FALSE,1610612764,Wizards,Washington,WAS,wizards,15,39,112,0,1610612754,Pacers,Indiana,IND,pacers,15,41,105,0,2025-26,00,2,Regular Season
2026-02-19,0022500796,20260219/DETNYK,3,Final,5,2026-02-19T00:00:00Z,1900-01-01T19:30:00Z,2026-02-19T19:30:00Z,2026-02-19T05:00:00Z,1900-01-01T00:30:00Z,2026-02-20T00:30:00Z,2026-02-19T19:30:00Z,2026-02-19T19:30:00Z,Thu,2,18,Week 18,false,"","","","",Madison Square Garden,NY,New York,N,"","",FALSE,1610612752,Knicks,New York,NYK,knicks,35,21,111,0,1610612765,Pistons,Detroit,DET,pistons,41,13,126,0,2025-26,00,2,Regular Season
2026-02-19,0022500797,20260219/TORCHI,3,Final,6,2026-02-19T00:00:00Z,1900-01-01T20:00:00Z,2026-02-19T20:00:00Z,2026-02-19T05:00:00Z,1900-01-01T01:00:00Z,2026-02-20T01:00:00Z,2026-02-19T20:00:00Z,2026-02-19T19:00:00Z,Thu,2,18,Week 18,false,"","","","",United Center,IL,Chicago,N,"","",FALSE,1610612741,Bulls,Chicago,CHI,bulls,24,32,101,0,1610612761,Raptors,Toronto,TOR,raptors,33,23,110,0,2025-26,00,2,Regular Season
2026-02-19,0022500798,20260219/PHXSAS,3,Final,7,2026-02-19T00:00:00Z,1900-01-01T20:30:00Z,2026-02-19T20:30:00Z,2026-02-19T05:00:00Z,1900-01-01T01:30:00Z,2026-02-20T01:30:00Z,2026-02-19T18:30:00Z,2026-02-19T19:30:00Z,Thu,2,18,Week 18,false,"","","","",Moody Center,TX,Austin,N,"","",FALSE,1610612759,Spurs,San Antonio,SAS,spurs,39,16,121,0,1610612756,Suns,Phoenix,PHX,suns,32,24,94,0,2025-26,00,2,Regular Season
2026-02-19,0022500799,20260219/BOSGSW,3,Final,8,2026-02-19T00:00:00Z,1900-01-01T22:00:00Z,2026-02-19T22:00:00Z,2026-02-19T05:00:00Z,1900-01-01T03:00:00Z,2026-02-20T03:00:00Z,2026-02-19T22:00:00Z,2026-02-19T19:00:00Z,Thu,2,18,Week 18,false,"","","","",Chase Center,CA,San Francisco,N,"","",FALSE,1610612744,Warriors,Golden State,GSW,warriors,29,27,110,0,1610612738,Celtics,Boston,BOS,celtics,36,19,121,0,2025-26,00,2,Regular Season
2026-02-19,0022500800,20260219/ORLSAC,3,Final,9,2026-02-19T00:00:00Z,1900-01-01T22:00:00Z,2026-02-19T22:00:00Z,2026-02-19T05:00:00Z,1900-01-01T03:00:00Z,2026-02-20T03:00:00Z,2026-02-19T22:00:00Z,2026-02-19T19:00:00Z,Thu,2,18,Week 18,false,"","","","",Golden 1 Center,CA,Sacramento,N,"","",FALSE,1610612758,Kings,Sacramento,SAC,kings,12,45,94,0,1610612753,Magic,Orlando,ORL,magic,29,25,131,0,2025-26,00,2,Regular Season
2026-02-19,0022500801,20260219/DENLAC,3,Final,10,2026-02-19T00:00:00Z,1900-01-01T22:30:00Z,2026-02-19T22:30:00Z,2026-02-19T05:00:00Z,1900-01-01T03:30:00Z,2026-02-20T03:30:00Z,2026-02-19T20:30:00Z,2026-02-19T19:30:00Z,Thu,2,18,Week 18,false,"","","","",Intuit Dome,CA,Inglewood,N,"","",FALSE,1610612746,Clippers,LA,LAC,clippers,27,28,115,0,1610612743,Nuggets,Denver,DEN,nuggets,35,21,114,0,2025-26,00,2,Regular Season
2026-02-20,0022500802,20260220/CLECHA,3,Final,1,2026-02-20T00:00:00Z,1900-01-01T19:00:00Z,2026-02-20T19:00:00Z,2026-02-20T05:00:00Z,1900-01-01T00:00:00Z,2026-02-21T00:00:00Z,2026-02-20T19:00:00Z,2026-02-20T19:00:00Z,Fri,2,18,Week 18,false,"","","","",Spectrum Center,NC,Charlotte,N,"","",FALSE,1610612766,Hornets,Charlotte,CHA,hornets,26,31,113,0,1610612739,Cavaliers,Cleveland,CLE,cavaliers,36,21,118,0,2025-26,00,2,Regular Season
2026-02-20,0022500803,20260220/INDWAS,3,Final,2,2026-02-20T00:00:00Z,1900-01-01T19:00:00Z,2026-02-20T19:00:00Z,2026-02-20T05:00:00Z,1900-01-01T00:00:00Z,2026-02-21T00:00:00Z,2026-02-20T19:00:00Z,2026-02-20T19:00:00Z,Fri,2,18,Week 18,false,"","","","",Capital One Arena,DC,Washington,N,"","",FALSE,1610612764,Wizards,Washington,WAS,wizards,16,39,131,0,1610612754,Pacers,Indiana,IND,pacers,15,42,118,0,2025-26,00,2,Regular Season
2026-02-20,0022500804,20260220/UTAMEM,3,Final,3,2026-02-20T00:00:00Z,1900-01-01T19:00:00Z,2026-02-20T19:00:00Z,2026-02-20T05:00:00Z,1900-01-01T00:00:00Z,2026-02-21T00:00:00Z,2026-02-20T17:00:00Z,2026-02-20T18:00:00Z,Fri,2,18,Week 18,false,"","","","",FedExForum,TN,Memphis,N,"","",FALSE,1610612763,Grizzlies,Memphis,MEM,grizzlies,21,33,123,0,1610612762,Jazz,Utah,UTA,jazz,18,39,114,0,2025-26,00,2,Regular Season
2026-02-20,0022500805,20260220/MIAATL,3,Final,4,2026-02-20T00:00:00Z,1900-01-01T19:30:00Z,2026-02-20T19:30:00Z,2026-02-20T05:00:00Z,1900-01-01T00:30:00Z,2026-02-21T00:30:00Z,2026-02-20T19:30:00Z,2026-02-20T19:30:00Z,Fri,2,18,Week 18,false,"","","","",State Farm Arena,GA,Atlanta,N,"","",FALSE,1610612737,Hawks,Atlanta,ATL,hawks,27,31,97,0,1610612748,Heat,Miami,MIA,heat,30,27,128,0,2025-26,00,2,Regular Season
2026-02-20,0022500806,20260220/DALMIN,3,Final,5,2026-02-20T00:00:00Z,1900-01-01T19:30:00Z,2026-02-20T19:30:00Z,2026-02-20T05:00:00Z,1900-01-01T00:30:00Z,2026-02-21T00:30:00Z,2026-02-20T18:30:00Z,2026-02-20T18:30:00Z,Fri,2,18,Week 18,false,"","","","",Target Center,MN,Minneapolis,N,"","",FALSE,1610612750,Timberwolves,Minnesota,MIN,timberwolves,35,22,122,0,1610612742,Mavericks,Dallas,DAL,mavericks,19,36,111,0,2025-26,00,2,Regular Season
2026-02-20,0022500807,20260220/MILNOP,3,Final,6,2026-02-20T00:00:00Z,1900-01-01T20:00:00Z,2026-02-20T20:00:00Z,2026-02-20T05:00:00Z,1900-01-01T01:00:00Z,2026-02-21T01:00:00Z,2026-02-20T19:00:00Z,2026-02-20T19:00:00Z,Fri,2,18,Week 18,false,"","","","",Smoothie King Center,LA,New Orleans,N,"","",FALSE,1610612740,Pelicans,New Orleans,NOP,pelicans,15,42,118,0,1610612749,Bucks,Milwaukee,MIL,bucks,24,30,139,0,2025-26,00,2,Regular Season
2026-02-20,0022500808,20260220/BKNOKC,3,Final,7,2026-02-20T00:00:00Z,1900-01-01T20:00:00Z,2026-02-20T20:00:00Z,2026-02-20T05:00:00Z,1900-01-01T01:00:00Z,2026-02-21T01:00:00Z,2026-02-20T20:00:00Z,2026-02-20T19:00:00Z,Fri,2,18,Week 18,false,"","","","",Paycom Center,OK,Oklahoma City,N,"","",FALSE,1610612760,Thunder,Oklahoma City,OKC,thunder,43,14,105,0,1610612751,Nets,Brooklyn,BKN,nets,15,40,86,0,2025-26,00,2,Regular Season
2026-02-20,0022500809,20260220/LACLAL,3,Final,8,2026-02-20T00:00:00Z,1900-01-01T22:00:00Z,2026-02-20T22:00:00Z,2026-02-20T05:00:00Z,1900-01-01T03:00:00Z,2026-02-21T03:00:00Z,2026-02-20T19:00:00Z,2026-02-20T19:00:00Z,Fri,2,18,Week 18,false,"","","","",Crypto.com Arena,CA,Los Angeles,N,"","",FALSE,1610612747,Lakers,Los Angeles,LAL,lakers,34,21,125,0,1610612746,Clippers,LA,LAC,clippers,27,29,122,0,2025-26,00,2,Regular Season
2026-02-20,0022500810,20260220/DENPOR,3,Final,9,2026-02-20T00:00:00Z,1900-01-01T22:00:00Z,2026-02-20T22:00:00Z,2026-02-20T05:00:00Z,1900-01-01T03:00:00Z,2026-02-21T03:00:00Z,2026-02-20T20:00:00Z,2026-02-20T19:00:00Z,Fri,2,18,Week 18,false,"","","","",Moda Center,OR,Portland,N,"","",FALSE,1610612757,Trail Blazers,Portland,POR,blazers,27,30,103,0,1610612743,Nuggets,Denver,DEN,nuggets,36,21,157,0,2025-26,00,2,Regular Season
2026-02-21,0022500811,20260221/ORLPHX,3,Final/OT2,1,2026-02-21T00:00:00Z,1900-01-01T17:00:00Z,2026-02-21T17:00:00Z,2026-02-21T05:00:00Z,1900-01-01T22:00:00Z,2026-02-21T22:00:00Z,2026-02-21T17:00:00Z,2026-02-21T15:00:00Z,Sat,2,18,Week 18,false,"","","","",Mortgage Matchup Center,AZ,Phoenix,N,"","",FALSE,1610612756,Suns,Phoenix,PHX,suns,33,24,113,0,1610612753,Magic,Orlando,ORL,magic,29,26,110,0,2025-26,00,2,Regular Season
2026-02-21,0022500812,20260221/PHINOP,3,Final,2,2026-02-21T00:00:00Z,1900-01-01T19:00:00Z,2026-02-21T19:00:00Z,2026-02-21T05:00:00Z,1900-01-01T00:00:00Z,2026-02-22T00:00:00Z,2026-02-21T19:00:00Z,2026-02-21T18:00:00Z,Sat,2,18,Week 18,false,"","","","",Smoothie King Center,LA,New Orleans,N,"","",FALSE,1610612740,Pelicans,New Orleans,NOP,pelicans,16,42,126,0,1610612755,76ers,Philadelphia,PHI,sixers,30,26,111,0,2025-26,00,2,Regular Season
2026-02-21,0022500813,20260221/MEMMIA,3,Final,3,2026-02-21T00:00:00Z,1900-01-01T20:00:00Z,2026-02-21T20:00:00Z,2026-02-21T05:00:00Z,1900-01-01T01:00:00Z,2026-02-22T01:00:00Z,2026-02-21T19:00:00Z,2026-02-21T20:00:00Z,Sat,2,18,Week 18,false,"","","","",Kaseya Center,FL,Miami,N,"","",FALSE,1610612748,Heat,Miami,MIA,heat,31,27,136,0,1610612763,Grizzlies,Memphis,MEM,grizzlies,21,34,120,0,2025-26,00,2,Regular Season
2026-02-21,0022500814,20260221/DETCHI,3,Final,4,2026-02-21T00:00:00Z,1900-01-01T20:00:00Z,2026-02-21T20:00:00Z,2026-02-21T05:00:00Z,1900-01-01T01:00:00Z,2026-02-22T01:00:00Z,2026-02-21T20:00:00Z,2026-02-21T19:00:00Z,Sat,2,18,Week 18,false,"","","","",United Center,IL,Chicago,N,"","",FALSE,1610612741,Bulls,Chicago,CHI,bulls,24,33,110,0,1610612765,Pistons,Detroit,DET,pistons,42,13,126,0,2025-26,00,2,Regular Season
2026-02-21,0022500815,20260221/SACSAS,3,Final,5,2026-02-21T00:00:00Z,1900-01-01T20:00:00Z,2026-02-21T20:00:00Z,2026-02-21T05:00:00Z,1900-01-01T01:00:00Z,2026-02-22T01:00:00Z,2026-02-21T17:00:00Z,2026-02-21T19:00:00Z,Sat,2,18,Week 18,false,"","","","",Moody Center,TX,Austin,N,"","",FALSE,1610612759,Spurs,San Antonio,SAS,spurs,40,16,139,0,1610612758,Kings,Sacramento,SAC,kings,12,46,122,0,2025-26,00,2,Regular Season
2026-02-21,0022500816,20260221/HOUNYK,3,Final,6,2026-02-21T00:00:00Z,1900-01-01T20:30:00Z,2026-02-21T20:30:00Z,2026-02-21T05:00:00Z,1900-01-01T01:30:00Z,2026-02-22T01:30:00Z,2026-02-21T19:30:00Z,2026-02-21T20:30:00Z,Sat,2,18,Week 18,false,"","","","",Madison Square Garden,NY,New York,N,"","",FALSE,1610612752,Knicks,New York,NYK,knicks,36,21,108,0,1610612745,Rockets,Houston,HOU,rockets,34,21,106,0,2025-26,00,2,Regular Season
2026-02-22,0022500817,20260222/CLEOKC,3,Final,1,2026-02-22T00:00:00Z,1900-01-01T13:00:00Z,2026-02-22T13:00:00Z,2026-02-22T05:00:00Z,1900-01-01T18:00:00Z,2026-02-22T18:00:00Z,2026-02-22T13:00:00Z,2026-02-22T12:00:00Z,Sun,2,18,Week 18,false,"","","","",Paycom Center,OK,Oklahoma City,N,"","",FALSE,1610612760,Thunder,Oklahoma City,OKC,thunder,44,14,121,0,1610612739,Cavaliers,Cleveland,CLE,cavaliers,36,22,113,0,2025-26,00,2,Regular Season
2026-02-22,0022500818,20260222/BKNATL,3,Final,2,2026-02-22T00:00:00Z,1900-01-01T15:30:00Z,2026-02-22T15:30:00Z,2026-02-22T05:00:00Z,1900-01-01T20:30:00Z,2026-02-22T20:30:00Z,2026-02-22T15:30:00Z,2026-02-22T15:30:00Z,Sun,2,18,Week 18,false,"","","","",State Farm Arena,GA,Atlanta,N,"","",FALSE,1610612737,Hawks,Atlanta,ATL,hawks,28,31,115,0,1610612751,Nets,Brooklyn,BKN,nets,15,41,104,0,2025-26,00,2,Regular Season
2026-02-22,0022500819,20260222/TORMIL,3,Final,3,2026-02-22T00:00:00Z,1900-01-01T15:30:00Z,2026-02-22T15:30:00Z,2026-02-22T05:00:00Z,1900-01-01T20:30:00Z,2026-02-22T20:30:00Z,2026-02-22T15:30:00Z,2026-02-22T14:30:00Z,Sun,2,18,Week 18,false,"","","","",Fiserv Forum,WI,Milwaukee,N,"","",FALSE,1610612749,Bucks,Milwaukee,MIL,bucks,24,31,94,0,1610612761,Raptors,Toronto,TOR,raptors,34,23,122,0,2025-26,00,2,Regular Season
2026-02-22,0022500820,20260222/DENGSW,3,Final,4,2026-02-22T00:00:00Z,1900-01-01T15:30:00Z,2026-02-22T15:30:00Z,2026-02-22T05:00:00Z,1900-01-01T20:30:00Z,2026-02-22T20:30:00Z,2026-02-22T13:30:00Z,2026-02-22T12:30:00Z,Sun,2,18,Week 18,false,"","","","",Chase Center,CA,San Francisco,N,"","",FALSE,1610612744,Warriors,Golden State,GSW,warriors,30,27,128,0,1610612743,Nuggets,Denver,DEN,nuggets,36,22,117,0,2025-26,00,2,Regular Season
2026-02-22,0022500821,20260222/DALIND,3,Final,5,2026-02-22T00:00:00Z,1900-01-01T17:00:00Z,2026-02-22T17:00:00Z,2026-02-22T05:00:00Z,1900-01-01T22:00:00Z,2026-02-22T22:00:00Z,2026-02-22T16:00:00Z,2026-02-22T17:00:00Z,Sun,2,18,Week 18,false,"","","","",Gainbridge Fieldhouse,IN,Indianapolis,N,"","",FALSE,1610612754,Pacers,Indiana,IND,pacers,15,43,130,0,1610612742,Mavericks,Dallas,DAL,mavericks,20,36,134,0,2025-26,00,2,Regular Season
2026-02-22,0022500822,20260222/CHAWAS,3,Final,6,2026-02-22T00:00:00Z,1900-01-01T18:00:00Z,2026-02-22T18:00:00Z,2026-02-22T05:00:00Z,1900-01-01T23:00:00Z,2026-02-22T23:00:00Z,2026-02-22T18:00:00Z,2026-02-22T18:00:00Z,Sun,2,18,Week 18,false,"","","","",Capital One Arena,DC,Washington,N,"","",FALSE,1610612764,Wizards,Washington,WAS,wizards,16,40,112,0,1610612766,Hornets,Charlotte,CHA,hornets,27,31,129,0,2025-26,00,2,Regular Season
2026-02-22,0022500823,20260222/BOSLAL,3,Final,7,2026-02-22T00:00:00Z,1900-01-01T18:30:00Z,2026-02-22T18:30:00Z,2026-02-22T05:00:00Z,1900-01-01T23:30:00Z,2026-02-22T23:30:00Z,2026-02-22T18:30:00Z,2026-02-22T15:30:00Z,Sun,2,18,Week 18,false,"","","","",Crypto.com Arena,CA,Los Angeles,N,"","",FALSE,1610612747,Lakers,Los Angeles,LAL,lakers,34,22,89,0,1610612738,Celtics,Boston,BOS,celtics,37,19,111,0,2025-26,00,2,Regular Season
2026-02-22,0022500824,20260222/PHIMIN,3,Final,8,2026-02-22T00:00:00Z,1900-01-01T19:00:00Z,2026-02-22T19:00:00Z,2026-02-22T05:00:00Z,1900-01-01T00:00:00Z,2026-02-23T00:00:00Z,2026-02-22T19:00:00Z,2026-02-22T18:00:00Z,Sun,2,18,Week 18,false,"","","","",Target Center,MN,Minneapolis,N,"","",FALSE,1610612750,Timberwolves,Minnesota,MIN,timberwolves,35,23,108,0,1610612755,76ers,Philadelphia,PHI,sixers,31,26,135,0,2025-26,00,2,Regular Season
2026-02-22,0022500825,20260222/NYKCHI,3,Final,9,2026-02-22T00:00:00Z,1900-01-01T20:00:00Z,2026-02-22T20:00:00Z,2026-02-22T05:00:00Z,1900-01-01T01:00:00Z,2026-02-23T01:00:00Z,2026-02-22T20:00:00Z,2026-02-22T19:00:00Z,Sun,2,18,Week 18,false,"","","","",United Center,IL,Chicago,N,"","",FALSE,1610612741,Bulls,Chicago,CHI,bulls,24,34,99,0,1610612752,Knicks,New York,NYK,knicks,37,21,105,0,2025-26,00,2,Regular Season
2026-02-22,0022500826,20260222/PORPHX,3,Final,10,2026-02-22T00:00:00Z,1900-01-01T20:00:00Z,2026-02-22T20:00:00Z,2026-02-22T05:00:00Z,1900-01-01T01:00:00Z,2026-02-23T01:00:00Z,2026-02-22T17:00:00Z,2026-02-22T18:00:00Z,Sun,2,18,Week 18,false,"","","","",Mortgage Matchup Center,AZ,Phoenix,N,"","",FALSE,1610612756,Suns,Phoenix,PHX,suns,33,25,77,0,1610612757,Trail Blazers,Portland,POR,blazers,28,30,92,0,2025-26,00,2,Regular Season
2026-02-22,0022500827,20260222/ORLLAC,3,Final,11,2026-02-22T00:00:00Z,1900-01-01T21:00:00Z,2026-02-22T21:00:00Z,2026-02-22T05:00:00Z,1900-01-01T02:00:00Z,2026-02-23T02:00:00Z,2026-02-22T21:00:00Z,2026-02-22T18:00:00Z,Sun,2,18,Week 18,false,"","","","",Intuit Dome,CA,Inglewood,N,"","",FALSE,1610612746,Clippers,LA,LAC,clippers,27,30,109,0,1610612753,Magic,Orlando,ORL,magic,30,26,111,0,2025-26,00,2,Regular Season
2026-02-23,0022500828,20260223/SASDET,3,Final,1,2026-02-23T00:00:00Z,1900-01-01T19:00:00Z,2026-02-23T19:00:00Z,2026-02-23T05:00:00Z,1900-01-01T00:00:00Z,2026-02-24T00:00:00Z,2026-02-23T18:00:00Z,2026-02-23T19:00:00Z,Mon,2,19,Week 19,false,"","","","",Little Caesars Arena,MI,Detroit,N,"","",FALSE,1610612765,Pistons,Detroit,DET,pistons,42,14,103,0,1610612759,Spurs,San Antonio,SAS,spurs,41,16,114,0,2025-26,00,2,Regular Season
2026-02-23,0022500829,20260223/SACMEM,3,Final,2,2026-02-23T00:00:00Z,1900-01-01T20:00:00Z,2026-02-23T20:00:00Z,2026-02-23T05:00:00Z,1900-01-01T01:00:00Z,2026-02-24T01:00:00Z,2026-02-23T17:00:00Z,2026-02-23T19:00:00Z,Mon,2,19,Week 19,false,"","","","",FedExForum,TN,Memphis,N,"","",FALSE,1610612763,Grizzlies,Memphis,MEM,grizzlies,21,35,114,0,1610612758,Kings,Sacramento,SAC,kings,13,46,123,0,2025-26,00,2,Regular Season
2026-02-23,0022500830,20260223/UTAHOU,3,Final,3,2026-02-23T00:00:00Z,1900-01-01T21:30:00Z,2026-02-23T21:30:00Z,2026-02-23T05:00:00Z,1900-01-01T02:30:00Z,2026-02-24T02:30:00Z,2026-02-23T19:30:00Z,2026-02-23T20:30:00Z,Mon,2,19,Week 19,false,"","","","",Toyota Center,TX,Houston,N,"","",FALSE,1610612745,Rockets,Houston,HOU,rockets,35,21,125,0,1610612762,Jazz,Utah,UTA,jazz,18,40,105,0,2025-26,00,2,Regular Season
2026-02-24,0022500831,20260224/PHIIND,3,Final,1,2026-02-24T00:00:00Z,1900-01-01T19:00:00Z,2026-02-24T19:00:00Z,2026-02-24T05:00:00Z,1900-01-01T00:00:00Z,2026-02-25T00:00:00Z,2026-02-24T19:00:00Z,2026-02-24T19:00:00Z,Tue,2,19,Week 19,false,"","","","",Gainbridge Fieldhouse,IN,Indianapolis,N,"","",FALSE,1610612754,Pacers,Indiana,IND,pacers,15,44,114,0,1610612755,76ers,Philadelphia,PHI,sixers,32,26,135,0,2025-26,00,2,Regular Season
2026-02-24,0022500832,20260224/WASATL,3,Final,2,2026-02-24T00:00:00Z,1900-01-01T19:30:00Z,2026-02-24T19:30:00Z,2026-02-24T05:00:00Z,1900-01-01T00:30:00Z,2026-02-25T00:30:00Z,2026-02-24T19:30:00Z,2026-02-24T19:30:00Z,Tue,2,19,Week 19,false,"","","","",State Farm Arena,GA,Atlanta,N,"","",FALSE,1610612737,Hawks,Atlanta,ATL,hawks,29,31,119,0,1610612764,Wizards,Washington,WAS,wizards,16,41,98,0,2025-26,00,2,Regular Season
2026-02-24,0022500833,20260224/DALBKN,3,Final,3,2026-02-24T00:00:00Z,1900-01-01T19:30:00Z,2026-02-24T19:30:00Z,2026-02-24T05:00:00Z,1900-01-01T00:30:00Z,2026-02-25T00:30:00Z,2026-02-24T18:30:00Z,2026-02-24T19:30:00Z,Tue,2,19,Week 19,false,"","","","",Barclays Center,NY,Brooklyn,N,"","",FALSE,1610612751,Nets,Brooklyn,BKN,nets,15,42,114,0,1610612742,Mavericks,Dallas,DAL,mavericks,21,36,123,0,2025-26,00,2,Regular Season
2026-02-24,0022500834,20260224/OKCTOR,3,Final,4,2026-02-24T00:00:00Z,1900-01-01T19:30:00Z,2026-02-24T19:30:00Z,2026-02-24T05:00:00Z,1900-01-01T00:30:00Z,2026-02-25T00:30:00Z,2026-02-24T18:30:00Z,2026-02-24T19:30:00Z,Tue,2,19,Week 19,false,"","","","",Scotiabank Arena,ON,Toronto,N,"","",FALSE,1610612761,Raptors,Toronto,TOR,raptors,34,24,107,0,1610612760,Thunder,Oklahoma City,OKC,thunder,45,14,116,0,2025-26,00,2,Regular Season
2026-02-24,0022500835,20260224/NYKCLE,3,Final,5,2026-02-24T00:00:00Z,1900-01-01T19:30:00Z,2026-02-24T19:30:00Z,2026-02-24T05:00:00Z,1900-01-01T00:30:00Z,2026-02-25T00:30:00Z,2026-02-24T19:30:00Z,2026-02-24T19:30:00Z,Tue,2,19,Week 19,false,"","","","",Rocket Arena,OH,Cleveland,N,"","",FALSE,1610612739,Cavaliers,Cleveland,CLE,cavaliers,37,22,109,0,1610612752,Knicks,New York,NYK,knicks,37,22,94,0,2025-26,00,2,Regular Season
2026-02-24,0022500836,20260224/CHACHI,3,Final,6,2026-02-24T00:00:00Z,1900-01-01T20:00:00Z,2026-02-24T20:00:00Z,2026-02-24T05:00:00Z,1900-01-01T01:00:00Z,2026-02-25T01:00:00Z,2026-02-24T20:00:00Z,2026-02-24T19:00:00Z,Tue,2,19,Week 19,false,"","","","",United Center,IL,Chicago,N,"","",FALSE,1610612741,Bulls,Chicago,CHI,bulls,24,35,99,0,1610612766,Hornets,Charlotte,CHA,hornets,28,31,131,0,2025-26,00,2,Regular Season
2026-02-24,0022500837,20260224/MIAMIL,3,Final,7,2026-02-24T00:00:00Z,1900-01-01T20:00:00Z,2026-02-24T20:00:00Z,2026-02-24T05:00:00Z,1900-01-01T01:00:00Z,2026-02-25T01:00:00Z,2026-02-24T20:00:00Z,2026-02-24T19:00:00Z,Tue,2,19,Week 19,false,"","","","",Fiserv Forum,WI,Milwaukee,N,"","",FALSE,1610612749,Bucks,Milwaukee,MIL,bucks,25,31,128,0,1610612748,Heat,Miami,MIA,heat,31,28,117,0,2025-26,00,2,Regular Season
2026-02-24,0022500838,20260224/GSWNOP,3,Final,8,2026-02-24T00:00:00Z,1900-01-01T20:00:00Z,2026-02-24T20:00:00Z,2026-02-24T05:00:00Z,1900-01-01T01:00:00Z,2026-02-25T01:00:00Z,2026-02-24T17:00:00Z,2026-02-24T19:00:00Z,Tue,2,19,Week 19,false,"","","","",Smoothie King Center,LA,New Orleans,N,"","",FALSE,1610612740,Pelicans,New Orleans,NOP,pelicans,17,42,113,0,1610612744,Warriors,Golden State,GSW,warriors,30,28,109,0,2025-26,00,2,Regular Season
2026-02-24,0022500839,20260224/BOSPHX,3,Final,9,2026-02-24T00:00:00Z,1900-01-01T21:00:00Z,2026-02-24T21:00:00Z,2026-02-24T05:00:00Z,1900-01-01T02:00:00Z,2026-02-25T02:00:00Z,2026-02-24T21:00:00Z,2026-02-24T19:00:00Z,Tue,2,19,Week 19,false,"","","","",Mortgage Matchup Center,AZ,Phoenix,N,"","",FALSE,1610612756,Suns,Phoenix,PHX,suns,33,26,81,0,1610612738,Celtics,Boston,BOS,celtics,38,19,97,0,2025-26,00,2,Regular Season
2026-02-24,0022500840,20260224/ORLLAL,3,Final,11,2026-02-24T00:00:00Z,1900-01-01T22:30:00Z,2026-02-24T22:30:00Z,2026-02-24T05:00:00Z,1900-01-01T03:30:00Z,2026-02-25T03:30:00Z,2026-02-24T22:30:00Z,2026-02-24T19:30:00Z,Tue,2,19,Week 19,false,"","","","",Crypto.com Arena,CA,Los Angeles,N,"","",FALSE,1610612747,Lakers,Los Angeles,LAL,lakers,34,23,109,0,1610612753,Magic,Orlando,ORL,magic,31,26,110,0,2025-26,00,2,Regular Season
2026-02-24,0022500841,20260224/MINPOR,3,Final,10,2026-02-24T00:00:00Z,1900-01-01T22:00:00Z,2026-02-24T22:00:00Z,2026-02-24T05:00:00Z,1900-01-01T03:00:00Z,2026-02-25T03:00:00Z,2026-02-24T21:00:00Z,2026-02-24T19:00:00Z,Tue,2,19,Week 19,false,"","","","",Moda Center,OR,Portland,N,"","",FALSE,1610612757,Trail Blazers,Portland,POR,blazers,28,31,121,0,1610612750,Timberwolves,Minnesota,MIN,timberwolves,36,23,124,0,2025-26,00,2,Regular Season
2026-02-25,0022500842,20260225/OKCDET,3,Final,1,2026-02-25T00:00:00Z,1900-01-01T19:30:00Z,2026-02-25T19:30:00Z,2026-02-25T05:00:00Z,1900-01-01T00:30:00Z,2026-02-26T00:30:00Z,2026-02-25T18:30:00Z,2026-02-25T19:30:00Z,Wed,2,19,Week 19,false,"","","","",Little Caesars Arena,MI,Detroit,N,"","",FALSE,1610612765,Pistons,Detroit,DET,pistons,43,14,124,0,1610612760,Thunder,Oklahoma City,OKC,thunder,45,15,116,0,2025-26,00,2,Regular Season
2026-02-25,0022500843,20260225/SASTOR,3,Final,2,2026-02-25T00:00:00Z,1900-01-01T19:30:00Z,2026-02-25T19:30:00Z,2026-02-25T05:00:00Z,1900-01-01T00:30:00Z,2026-02-26T00:30:00Z,2026-02-25T18:30:00Z,2026-02-25T19:30:00Z,Wed,2,19,Week 19,false,"","","","",Scotiabank Arena,ON,Toronto,N,"","",FALSE,1610612761,Raptors,Toronto,TOR,raptors,34,25,107,0,1610612759,Spurs,San Antonio,SAS,spurs,42,16,110,0,2025-26,00,2,Regular Season
2026-02-25,0022500844,20260225/GSWMEM,3,Final,3,2026-02-25T00:00:00Z,1900-01-01T19:30:00Z,2026-02-25T19:30:00Z,2026-02-25T05:00:00Z,1900-01-01T00:30:00Z,2026-02-26T00:30:00Z,2026-02-25T16:30:00Z,2026-02-25T18:30:00Z,Wed,2,19,Week 19,false,"","","","",FedExForum,TN,Memphis,N,"","",FALSE,1610612763,Grizzlies,Memphis,MEM,grizzlies,21,36,112,0,1610612744,Warriors,Golden State,GSW,warriors,31,28,133,0,2025-26,00,2,Regular Season
2026-02-25,0022500845,20260225/SACHOU,3,Final,4,2026-02-25T00:00:00Z,1900-01-01T20:00:00Z,2026-02-25T20:00:00Z,2026-02-25T05:00:00Z,1900-01-01T01:00:00Z,2026-02-26T01:00:00Z,2026-02-25T17:00:00Z,2026-02-25T19:00:00Z,Wed,2,19,Week 19,false,"","","","",Toyota Center,TX,Houston,N,"","",FALSE,1610612745,Rockets,Houston,HOU,rockets,36,21,128,0,1610612758,Kings,Sacramento,SAC,kings,13,47,97,0,2025-26,00,2,Regular Season
2026-02-25,0022500846,20260225/CLEMIL,3,Final,5,2026-02-25T00:00:00Z,1900-01-01T20:00:00Z,2026-02-25T20:00:00Z,2026-02-25T05:00:00Z,1900-01-01T01:00:00Z,2026-02-26T01:00:00Z,2026-02-25T20:00:00Z,2026-02-25T19:00:00Z,Wed,2,19,Week 19,false,"","","","",Fiserv Forum,WI,Milwaukee,N,"","",FALSE,1610612749,Bucks,Milwaukee,MIL,bucks,26,31,118,0,1610612739,Cavaliers,Cleveland,CLE,cavaliers,37,23,116,0,2025-26,00,2,Regular Season
2026-02-25,0022500847,20260225/BOSDEN,3,Final,6,2026-02-25T00:00:00Z,1900-01-01T22:00:00Z,2026-02-25T22:00:00Z,2026-02-25T05:00:00Z,1900-01-01T03:00:00Z,2026-02-26T03:00:00Z,2026-02-25T22:00:00Z,2026-02-25T20:00:00Z,Wed,2,19,Week 19,false,"","","","",Ball Arena,CO,Denver,N,"","",FALSE,1610612743,Nuggets,Denver,DEN,nuggets,37,22,103,0,1610612738,Celtics,Boston,BOS,celtics,38,20,84,0,2025-26,00,2,Regular Season
2026-02-26,0022500848,20260226/CHAIND,3,Final,1,2026-02-26T00:00:00Z,1900-01-01T19:00:00Z,2026-02-26T19:00:00Z,2026-02-26T05:00:00Z,1900-01-01T00:00:00Z,2026-02-27T00:00:00Z,2026-02-26T19:00:00Z,2026-02-26T19:00:00Z,Thu,2,19,Week 19,false,"","","","",Gainbridge Fieldhouse,IN,Indianapolis,N,"","",FALSE,1610612754,Pacers,Indiana,IND,pacers,15,45,109,0,1610612766,Hornets,Charlotte,CHA,hornets,29,31,133,0,2025-26,00,2,Regular Season
2026-02-26,0022500849,20260226/MIAPHI,3,Final,2,2026-02-26T00:00:00Z,1900-01-01T19:00:00Z,2026-02-26T19:00:00Z,2026-02-26T05:00:00Z,1900-01-01T00:00:00Z,2026-02-27T00:00:00Z,2026-02-26T19:00:00Z,2026-02-26T19:00:00Z,Thu,2,19,Week 19,false,"","","","",Xfinity Mobile Arena,PA,Philadelphia,N,"","",FALSE,1610612755,76ers,Philadelphia,PHI,sixers,33,26,124,0,1610612748,Heat,Miami,MIA,heat,31,29,117,0,2025-26,00,2,Regular Season
2026-02-26,0022500850,20260226/WASATL,3,Final,3,2026-02-26T00:00:00Z,1900-01-01T19:30:00Z,2026-02-26T19:30:00Z,2026-02-26T05:00:00Z,1900-01-01T00:30:00Z,2026-02-27T00:30:00Z,2026-02-26T19:30:00Z,2026-02-26T19:30:00Z,Thu,2,19,Week 19,false,"","","","",State Farm Arena,GA,Atlanta,N,"","",FALSE,1610612737,Hawks,Atlanta,ATL,hawks,30,31,126,0,1610612764,Wizards,Washington,WAS,wizards,16,42,96,0,2025-26,00,2,Regular Season
2026-02-26,0022500851,20260226/SASBKN,3,Final,4,2026-02-26T00:00:00Z,1900-01-01T19:30:00Z,2026-02-26T19:30:00Z,2026-02-26T05:00:00Z,1900-01-01T00:30:00Z,2026-02-27T00:30:00Z,2026-02-26T18:30:00Z,2026-02-26T19:30:00Z,Thu,2,19,Week 19,false,"","","","",Barclays Center,NY,Brooklyn,N,"","",FALSE,1610612751,Nets,Brooklyn,BKN,nets,15,43,110,0,1610612759,Spurs,San Antonio,SAS,spurs,43,16,126,0,2025-26,00,2,Regular Season
2026-02-26,0022500852,20260226/HOUORL,3,Final,5,2026-02-26T00:00:00Z,1900-01-01T19:30:00Z,2026-02-26T19:30:00Z,2026-02-26T05:00:00Z,1900-01-01T00:30:00Z,2026-02-27T00:30:00Z,2026-02-26T18:30:00Z,2026-02-26T19:30:00Z,Thu,2,19,Week 19,false,"","","","",Kia Center,FL,Orlando,N,"","",FALSE,1610612753,Magic,Orlando,ORL,magic,31,27,108,0,1610612745,Rockets,Houston,HOU,rockets,37,21,113,0,2025-26,00,2,Regular Season
2026-02-26,0022500853,20260226/PORCHI,3,Final,6,2026-02-26T00:00:00Z,1900-01-01T20:00:00Z,2026-02-26T20:00:00Z,2026-02-26T05:00:00Z,1900-01-01T01:00:00Z,2026-02-27T01:00:00Z,2026-02-26T17:00:00Z,2026-02-26T19:00:00Z,Thu,2,19,Week 19,false,"","","","",United Center,IL,Chicago,N,"","",FALSE,1610612741,Bulls,Chicago,CHI,bulls,24,36,112,0,1610612757,Trail Blazers,Portland,POR,blazers,29,31,121,0,2025-26,00,2,Regular Season
2026-02-26,0022500854,20260226/SACDAL,3,Final,7,2026-02-26T00:00:00Z,1900-01-01T20:30:00Z,2026-02-26T20:30:00Z,2026-02-26T05:00:00Z,1900-01-01T01:30:00Z,2026-02-27T01:30:00Z,2026-02-26T17:30:00Z,2026-02-26T19:30:00Z,Thu,2,19,Week 19,false,"","","","",American Airlines Center,TX,Dallas,N,"","",FALSE,1610612742,Mavericks,Dallas,DAL,mavericks,21,37,121,0,1610612758,Kings,Sacramento,SAC,kings,14,47,130,0,2025-26,00,2,Regular Season
2026-02-26,0022500855,20260226/LALPHX,3,Final,8,2026-02-26T00:00:00Z,1900-01-01T21:00:00Z,2026-02-26T21:00:00Z,2026-02-26T05:00:00Z,1900-01-01T02:00:00Z,2026-02-27T02:00:00Z,2026-02-26T18:00:00Z,2026-02-26T19:00:00Z,Thu,2,19,Week 19,false,"","","","",Mortgage Matchup Center,AZ,Phoenix,N,"","",FALSE,1610612756,Suns,Phoenix,PHX,suns,34,26,113,0,1610612747,Lakers,Los Angeles,LAL,lakers,34,24,110,0,2025-26,00,2,Regular Season
2026-02-26,0022500856,20260226/NOPUTA,3,Final,9,2026-02-26T00:00:00Z,1900-01-01T21:00:00Z,2026-02-26T21:00:00Z,2026-02-26T05:00:00Z,1900-01-01T02:00:00Z,2026-02-27T02:00:00Z,2026-02-26T20:00:00Z,2026-02-26T19:00:00Z,Thu,2,19,Week 19,false,"","","","",Delta Center,UT,Salt Lake City,N,"","",FALSE,1610612762,Jazz,Utah,UTA,jazz,18,41,118,0,1610612740,Pelicans,New Orleans,NOP,pelicans,18,42,129,0,2025-26,00,2,Regular Season
2026-02-26,0022500857,20260226/MINLAC,3,Final,10,2026-02-26T00:00:00Z,1900-01-01T22:00:00Z,2026-02-26T22:00:00Z,2026-02-26T05:00:00Z,1900-01-01T03:00:00Z,2026-02-27T03:00:00Z,2026-02-26T21:00:00Z,2026-02-26T19:00:00Z,Thu,2,19,Week 19,false,"","","","",Intuit Dome,CA,Inglewood,N,"","",FALSE,1610612746,Clippers,LA,LAC,clippers,27,31,88,0,1610612750,Timberwolves,Minnesota,MIN,timberwolves,37,23,94,0,2025-26,00,2,Regular Season
2026-02-27,0022500858,20260227/CLEDET,3,Final/OT,1,2026-02-27T00:00:00Z,1900-01-01T19:00:00Z,2026-02-27T19:00:00Z,2026-02-27T05:00:00Z,1900-01-01T00:00:00Z,2026-02-28T00:00:00Z,2026-02-27T19:00:00Z,2026-02-27T19:00:00Z,Fri,2,19,Week 19,false,"","","","",Little Caesars Arena,MI,Detroit,N,"","",FALSE,1610612765,Pistons,Detroit,DET,pistons,44,14,122,0,1610612739,Cavaliers,Cleveland,CLE,cavaliers,37,24,119,0,2025-26,00,2,Regular Season
2026-02-27,0022500859,20260227/BKNBOS,3,Final,2,2026-02-27T00:00:00Z,1900-01-01T19:30:00Z,2026-02-27T19:30:00Z,2026-02-27T05:00:00Z,1900-01-01T00:30:00Z,2026-02-28T00:30:00Z,2026-02-27T19:30:00Z,2026-02-27T19:30:00Z,Fri,2,19,Week 19,false,"","","","",TD Garden,MA,Boston,N,"","",FALSE,1610612738,Celtics,Boston,BOS,celtics,39,20,148,0,1610612751,Nets,Brooklyn,BKN,nets,15,44,111,0,2025-26,00,2,Regular Season
2026-02-27,0022500860,20260227/NYKMIL,3,Final,3,2026-02-27T00:00:00Z,1900-01-01T20:00:00Z,2026-02-27T20:00:00Z,2026-02-27T05:00:00Z,1900-01-01T01:00:00Z,2026-02-28T01:00:00Z,2026-02-27T20:00:00Z,2026-02-27T19:00:00Z,Fri,2,19,Week 19,false,"","","","",Fiserv Forum,WI,Milwaukee,N,"","",FALSE,1610612749,Bucks,Milwaukee,MIL,bucks,26,32,98,0,1610612752,Knicks,New York,NYK,knicks,38,22,127,0,2025-26,00,2,Regular Season
2026-02-27,0022500861,20260227/MEMDAL,3,Final,4,2026-02-27T00:00:00Z,1900-01-01T20:30:00Z,2026-02-27T20:30:00Z,2026-02-27T05:00:00Z,1900-01-01T01:30:00Z,2026-02-28T01:30:00Z,2026-02-27T19:30:00Z,2026-02-27T19:30:00Z,Fri,2,19,Week 19,false,"","","","",American Airlines Center,TX,Dallas,N,"","",FALSE,1610612742,Mavericks,Dallas,DAL,mavericks,21,38,105,0,1610612763,Grizzlies,Memphis,MEM,grizzlies,22,36,124,0,2025-26,00,2,Regular Season
2026-02-27,0022500862,20260227/DENOKC,3,Final/OT,5,2026-02-27T00:00:00Z,1900-01-01T21:30:00Z,2026-02-27T21:30:00Z,2026-02-27T05:00:00Z,1900-01-01T02:30:00Z,2026-02-28T02:30:00Z,2026-02-27T19:30:00Z,2026-02-27T20:30:00Z,Fri,2,19,Week 19,false,"","","","",Paycom Center,OK,Oklahoma City,N,"","",FALSE,1610612760,Thunder,Oklahoma City,OKC,thunder,46,15,127,0,1610612743,Nuggets,Denver,DEN,nuggets,37,23,121,0,2025-26,00,2,Regular Season
2026-02-28,0022500863,20260228/PORCHA,3,Final,1,2026-02-28T00:00:00Z,1900-01-01T13:00:00Z,2026-02-28T13:00:00Z,2026-02-28T05:00:00Z,1900-01-01T18:00:00Z,2026-02-28T18:00:00Z,2026-02-28T10:00:00Z,2026-02-28T13:00:00Z,Sat,2,19,Week 19,false,"","","","",Spectrum Center,NC,Charlotte,N,"","",FALSE,1610612766,Hornets,Charlotte,CHA,hornets,30,31,109,0,1610612757,Trail Blazers,Portland,POR,blazers,29,32,93,0,2025-26,00,2,Regular Season
2026-02-28,0022500864,20260228/HOUMIA,3,Final,2,2026-02-28T00:00:00Z,1900-01-01T15:30:00Z,2026-02-28T15:30:00Z,2026-02-28T05:00:00Z,1900-01-01T20:30:00Z,2026-02-28T20:30:00Z,2026-02-28T14:30:00Z,2026-02-28T15:30:00Z,Sat,2,19,Week 19,false,"","","","",Kaseya Center,FL,Miami,N,"","",FALSE,1610612748,Heat,Miami,MIA,heat,32,29,115,0,1610612745,Rockets,Houston,HOU,rockets,37,22,105,0,2025-26,00,2,Regular Season
2026-02-28,0022500865,20260228/TORWAS,3,Final,3,2026-02-28T00:00:00Z,1900-01-01T19:00:00Z,2026-02-28T19:00:00Z,2026-02-28T05:00:00Z,1900-01-01T00:00:00Z,2026-03-01T00:00:00Z,2026-02-28T19:00:00Z,2026-02-28T19:00:00Z,Sat,2,19,Week 19,false,"","","","",Capital One Arena,DC,Washington,N,"","",FALSE,1610612764,Wizards,Washington,WAS,wizards,16,43,125,0,1610612761,Raptors,Toronto,TOR,raptors,35,25,134,0,2025-26,00,2,Regular Season
2026-02-28,0022500866,20260228/LALGSW,3,Final,4,2026-02-28T00:00:00Z,1900-01-01T20:30:00Z,2026-02-28T20:30:00Z,2026-02-28T05:00:00Z,1900-01-01T01:30:00Z,2026-03-01T01:30:00Z,2026-02-28T17:30:00Z,2026-02-28T17:30:00Z,Sat,2,19,Week 19,false,"","","","",Chase Center,CA,San Francisco,N,"","",FALSE,1610612744,Warriors,Golden State,GSW,warriors,31,29,101,0,1610612747,Lakers,Los Angeles,LAL,lakers,35,24,129,0,2025-26,00,2,Regular Season
2026-02-28,0022500867,20260228/NOPUTA,3,Final,5,2026-02-28T00:00:00Z,1900-01-01T21:30:00Z,2026-02-28T21:30:00Z,2026-02-28T05:00:00Z,1900-01-01T02:30:00Z,2026-03-01T02:30:00Z,2026-02-28T20:30:00Z,2026-02-28T19:30:00Z,Sat,2,19,Week 19,false,"","","","",Delta Center,UT,Salt Lake City,N,"","",FALSE,1610612762,Jazz,Utah,UTA,jazz,18,42,105,0,1610612740,Pelicans,New Orleans,NOP,pelicans,19,42,115,0,2025-26,00,2,Regular Season
2026-03-01,0022500868,20260301/SASNYK,3,Final,1,2026-03-01T00:00:00Z,1900-01-01T13:00:00Z,2026-03-01T13:00:00Z,2026-03-01T05:00:00Z,1900-01-01T18:00:00Z,2026-03-01T18:00:00Z,2026-03-01T12:00:00Z,2026-03-01T13:00:00Z,Sun,3,19,Week 19,false,"","","","",Madison Square Garden,NY,New York,N,"","",FALSE,1610612752,Knicks,New York,NYK,knicks,39,22,114,0,1610612759,Spurs,San Antonio,SAS,spurs,43,17,89,0,2025-26,00,2,Regular Season
2026-03-01,0022500869,20260301/CLEBKN,3,Final,2,2026-03-01T00:00:00Z,1900-01-01T15:30:00Z,2026-03-01T15:30:00Z,2026-03-01T05:00:00Z,1900-01-01T20:30:00Z,2026-03-01T20:30:00Z,2026-03-01T15:30:00Z,2026-03-01T15:30:00Z,Sun,3,19,Week 19,false,"","","","",Barclays Center,NY,Brooklyn,N,"","",FALSE,1610612751,Nets,Brooklyn,BKN,nets,15,45,102,0,1610612739,Cavaliers,Cleveland,CLE,cavaliers,38,24,106,0,2025-26,00,2,Regular Season
2026-03-01,0022500870,20260301/MILCHI,3,Final,3,2026-03-01T00:00:00Z,1900-01-01T15:30:00Z,2026-03-01T15:30:00Z,2026-03-01T05:00:00Z,1900-01-01T20:30:00Z,2026-03-01T20:30:00Z,2026-03-01T14:30:00Z,2026-03-01T14:30:00Z,Sun,3,19,Week 19,false,"","","","",United Center,IL,Chicago,N,"","",FALSE,1610612741,Bulls,Chicago,CHI,bulls,25,36,120,0,1610612749,Bucks,Milwaukee,MIL,bucks,26,33,97,0,2025-26,00,2,Regular Season
2026-03-01,0022500871,20260301/MINDEN,3,Final,4,2026-03-01T00:00:00Z,1900-01-01T15:30:00Z,2026-03-01T15:30:00Z,2026-03-01T05:00:00Z,1900-01-01T20:30:00Z,2026-03-01T20:30:00Z,2026-03-01T14:30:00Z,2026-03-01T13:30:00Z,Sun,3,19,Week 19,false,"","","","",Ball Arena,CO,Denver,N,"","",FALSE,1610612743,Nuggets,Denver,DEN,nuggets,37,24,108,0,1610612750,Timberwolves,Minnesota,MIN,timberwolves,38,23,117,0,2025-26,00,2,Regular Season
2026-03-01,0022500872,20260301/MEMIND,3,Final,5,2026-03-01T00:00:00Z,1900-01-01T17:00:00Z,2026-03-01T17:00:00Z,2026-03-01T05:00:00Z,1900-01-01T22:00:00Z,2026-03-01T22:00:00Z,2026-03-01T16:00:00Z,2026-03-01T17:00:00Z,Sun,3,19,Week 19,false,"","","","",Gainbridge Fieldhouse,IN,Indianapolis,N,"","",FALSE,1610612754,Pacers,Indiana,IND,pacers,15,46,106,0,1610612763,Grizzlies,Memphis,MEM,grizzlies,23,36,125,0,2025-26,00,2,Regular Season
2026-03-01,0022500873,20260301/PORATL,3,Final,6,2026-03-01T00:00:00Z,1900-01-01T18:00:00Z,2026-03-01T18:00:00Z,2026-03-01T05:00:00Z,1900-01-01T23:00:00Z,2026-03-01T23:00:00Z,2026-03-01T15:00:00Z,2026-03-01T18:00:00Z,Sun,3,19,Week 19,false,"","","","",State Farm Arena,GA,Atlanta,N,"","",FALSE,1610612737,Hawks,Atlanta,ATL,hawks,31,31,135,0,1610612757,Trail Blazers,Portland,POR,blazers,29,33,101,0,2025-26,00,2,Regular Season
2026-03-01,0022500874,20260301/PHIBOS,3,Final,8,2026-03-01T00:00:00Z,1900-01-01T20:00:00Z,2026-03-01T20:00:00Z,2026-03-01T05:00:00Z,1900-01-01T01:00:00Z,2026-03-02T01:00:00Z,2026-03-01T20:00:00Z,2026-03-01T20:00:00Z,Sun,3,19,Week 19,false,"","","","",TD Garden,MA,Boston,N,"","",FALSE,1610612738,Celtics,Boston,BOS,celtics,40,20,114,0,1610612755,76ers,Philadelphia,PHI,sixers,33,27,98,0,2025-26,00,2,Regular Season
2026-03-01,0022500875,20260301/DETORL,3,Final,7,2026-03-01T00:00:00Z,1900-01-01T18:00:00Z,2026-03-01T18:00:00Z,2026-03-01T05:00:00Z,1900-01-01T23:00:00Z,2026-03-01T23:00:00Z,2026-03-01T18:00:00Z,2026-03-01T18:00:00Z,Sun,3,19,Week 19,false,"","","","",Kia Center,FL,Orlando,N,"","",FALSE,1610612753,Magic,Orlando,ORL,magic,31,28,92,0,1610612765,Pistons,Detroit,DET,pistons,45,14,106,0,2025-26,00,2,Regular Season
2026-03-01,0022500876,20260301/OKCDAL,3,Final,9,2026-03-01T00:00:00Z,1900-01-01T20:00:00Z,2026-03-01T20:00:00Z,2026-03-01T05:00:00Z,1900-01-01T01:00:00Z,2026-03-02T01:00:00Z,2026-03-01T19:00:00Z,2026-03-01T19:00:00Z,Sun,3,19,Week 19,false,"","","","",American Airlines Center,TX,Dallas,N,"","",FALSE,1610612742,Mavericks,Dallas,DAL,mavericks,21,39,87,0,1610612760,Thunder,Oklahoma City,OKC,thunder,47,15,100,0,2025-26,00,2,Regular Season
2026-03-01,0022500877,20260301/NOPLAC,3,Final,10,2026-03-01T00:00:00Z,1900-01-01T21:00:00Z,2026-03-01T21:00:00Z,2026-03-01T05:00:00Z,1900-01-01T02:00:00Z,2026-03-02T02:00:00Z,2026-03-01T20:00:00Z,2026-03-01T18:00:00Z,Sun,3,19,Week 19,false,"","","","",Intuit Dome,CA,Inglewood,N,"","",FALSE,1610612746,Clippers,LA,LAC,clippers,28,31,137,0,1610612740,Pelicans,New Orleans,NOP,pelicans,19,43,117,0,2025-26,00,2,Regular Season
2026-03-01,0022500878,20260301/SACLAL,3,Final,11,2026-03-01T00:00:00Z,1900-01-01T21:30:00Z,2026-03-01T21:30:00Z,2026-03-01T05:00:00Z,1900-01-01T02:30:00Z,2026-03-02T02:30:00Z,2026-03-01T18:30:00Z,2026-03-01T18:30:00Z,Sun,3,19,Week 19,false,"","","","",Crypto.com Arena,CA,Los Angeles,N,"","",FALSE,1610612747,Lakers,Los Angeles,LAL,lakers,36,24,128,0,1610612758,Kings,Sacramento,SAC,kings,14,48,104,0,2025-26,00,2,Regular Season
2026-03-02,0022500879,20260302/HOUWAS,3,Final,1,2026-03-02T00:00:00Z,1900-01-01T19:00:00Z,2026-03-02T19:00:00Z,2026-03-02T05:00:00Z,1900-01-01T00:00:00Z,2026-03-03T00:00:00Z,2026-03-02T18:00:00Z,2026-03-02T19:00:00Z,Mon,3,20,Week 20,false,"","","","",Capital One Arena,DC,Washington,N,"","",FALSE,1610612764,Wizards,Washington,WAS,wizards,16,44,118,0,1610612745,Rockets,Houston,HOU,rockets,38,22,123,0,2025-26,00,2,Regular Season
2026-03-02,0022500880,20260302/BOSMIL,3,Final,2,2026-03-02T00:00:00Z,1900-01-01T19:30:00Z,2026-03-02T19:30:00Z,2026-03-02T05:00:00Z,1900-01-01T00:30:00Z,2026-03-03T00:30:00Z,2026-03-02T19:30:00Z,2026-03-02T18:30:00Z,Mon,3,20,Week 20,false,"","","","",Fiserv Forum,WI,Milwaukee,N,"","",FALSE,1610612749,Bucks,Milwaukee,MIL,bucks,26,34,81,0,1610612738,Celtics,Boston,BOS,celtics,41,20,108,0,2025-26,00,2,Regular Season
2026-03-02,0022500881,20260302/DENUTA,3,Final,3,2026-03-02T00:00:00Z,1900-01-01T21:00:00Z,2026-03-02T21:00:00Z,2026-03-02T05:00:00Z,1900-01-01T02:00:00Z,2026-03-03T02:00:00Z,2026-03-02T19:00:00Z,2026-03-02T19:00:00Z,Mon,3,20,Week 20,false,"","","","",Delta Center,UT,Salt Lake City,N,"","",FALSE,1610612762,Jazz,Utah,UTA,jazz,18,43,125,0,1610612743,Nuggets,Denver,DEN,nuggets,38,24,128,0,2025-26,00,2,Regular Season
2026-03-02,0022500882,20260302/LACGSW,3,Final,4,2026-03-02T00:00:00Z,1900-01-01T22:00:00Z,2026-03-02T22:00:00Z,2026-03-02T05:00:00Z,1900-01-01T03:00:00Z,2026-03-03T03:00:00Z,2026-03-02T19:00:00Z,2026-03-02T19:00:00Z,Mon,3,20,Week 20,false,"","","","",Chase Center,CA,San Francisco,N,"","",FALSE,1610612744,Warriors,Golden State,GSW,warriors,31,30,101,0,1610612746,Clippers,LA,LAC,clippers,29,31,114,0,2025-26,00,2,Regular Season
2026-03-03,0022500883,20260303/DALCHA,3,Final,1,2026-03-03T00:00:00Z,1900-01-01T19:00:00Z,2026-03-03T19:00:00Z,2026-03-03T05:00:00Z,1900-01-01T00:00:00Z,2026-03-04T00:00:00Z,2026-03-03T18:00:00Z,2026-03-03T19:00:00Z,Tue,3,20,Week 20,false,"","","","",Spectrum Center,NC,Charlotte,N,"","",FALSE,1610612766,Hornets,Charlotte,CHA,hornets,31,31,117,0,1610612742,Mavericks,Dallas,DAL,mavericks,21,40,90,0,2025-26,00,2,Regular Season
2026-03-03,0022500884,20260303/DETCLE,3,Final,2,2026-03-03T00:00:00Z,1900-01-01T19:00:00Z,2026-03-03T19:00:00Z,2026-03-03T05:00:00Z,1900-01-01T00:00:00Z,2026-03-04T00:00:00Z,2026-03-03T19:00:00Z,2026-03-03T19:00:00Z,Tue,3,20,Week 20,false,"","","","",Rocket Arena,OH,Cleveland,N,"","",FALSE,1610612739,Cavaliers,Cleveland,CLE,cavaliers,39,24,113,0,1610612765,Pistons,Detroit,DET,pistons,45,15,109,0,2025-26,00,2,Regular Season
2026-03-03,0022500885,20260303/WASORL,3,Final,3,2026-03-03T00:00:00Z,1900-01-01T19:00:00Z,2026-03-03T19:00:00Z,2026-03-03T05:00:00Z,1900-01-01T00:00:00Z,2026-03-04T00:00:00Z,2026-03-03T19:00:00Z,2026-03-03T19:00:00Z,Tue,3,20,Week 20,false,"","","","",Kia Center,FL,Orlando,N,"","",FALSE,1610612753,Magic,Orlando,ORL,magic,32,28,126,0,1610612764,Wizards,Washington,WAS,wizards,16,45,109,0,2025-26,00,2,Regular Season
2026-03-03,0022500886,20260303/BKNMIA,3,Final,4,2026-03-03T00:00:00Z,1900-01-01T19:30:00Z,2026-03-03T19:30:00Z,2026-03-03T05:00:00Z,1900-01-01T00:30:00Z,2026-03-04T00:30:00Z,2026-03-03T19:30:00Z,2026-03-03T19:30:00Z,Tue,3,20,Week 20,false,"","","","",Kaseya Center,FL,Miami,N,"","",FALSE,1610612748,Heat,Miami,MIA,heat,33,29,124,0,1610612751,Nets,Brooklyn,BKN,nets,15,46,98,0,2025-26,00,2,Regular Season
2026-03-03,0022500887,20260303/NYKTOR,3,Final,5,2026-03-03T00:00:00Z,1900-01-01T19:30:00Z,2026-03-03T19:30:00Z,2026-03-03T05:00:00Z,1900-01-01T00:30:00Z,2026-03-04T00:30:00Z,2026-03-03T19:30:00Z,2026-03-03T19:30:00Z,Tue,3,20,Week 20,false,"","","","",Scotiabank Arena,ON,Toronto,N,"","",FALSE,1610612761,Raptors,Toronto,TOR,raptors,35,26,95,0,1610612752,Knicks,New York,NYK,knicks,40,22,111,0,2025-26,00,2,Regular Season
2026-03-03,0022500888,20260303/SASPHI,3,Final,6,2026-03-03T00:00:00Z,1900-01-01T20:00:00Z,2026-03-03T20:00:00Z,2026-03-03T05:00:00Z,1900-01-01T01:00:00Z,2026-03-04T01:00:00Z,2026-03-03T19:00:00Z,2026-03-03T20:00:00Z,Tue,3,20,Week 20,false,"","","","",Xfinity Mobile Arena,PA,Philadelphia,N,"","",FALSE,1610612755,76ers,Philadelphia,PHI,sixers,33,28,91,0,1610612759,Spurs,San Antonio,SAS,spurs,44,17,131,0,2025-26,00,2,Regular Season
2026-03-03,0022500889,20260303/OKCCHI,3,Final,7,2026-03-03T00:00:00Z,1900-01-01T20:00:00Z,2026-03-03T20:00:00Z,2026-03-03T05:00:00Z,1900-01-01T01:00:00Z,2026-03-04T01:00:00Z,2026-03-03T19:00:00Z,2026-03-03T19:00:00Z,Tue,3,20,Week 20,false,"","","","",United Center,IL,Chicago,N,"","",FALSE,1610612741,Bulls,Chicago,CHI,bulls,25,37,108,0,1610612760,Thunder,Oklahoma City,OKC,thunder,48,15,116,0,2025-26,00,2,Regular Season
2026-03-03,0022500890,20260303/MEMMIN,3,Final,8,2026-03-03T00:00:00Z,1900-01-01T20:00:00Z,2026-03-03T20:00:00Z,2026-03-03T05:00:00Z,1900-01-01T01:00:00Z,2026-03-04T01:00:00Z,2026-03-03T19:00:00Z,2026-03-03T19:00:00Z,Tue,3,20,Week 20,false,"","","","",Target Center,MN,Minneapolis,N,"","",FALSE,1610612750,Timberwolves,Minnesota,MIN,timberwolves,39,23,117,0,1610612763,Grizzlies,Memphis,MEM,grizzlies,23,37,110,0,2025-26,00,2,Regular Season
2026-03-03,0022500891,20260303/NOPLAL,3,Final,9,2026-03-03T00:00:00Z,1900-01-01T22:30:00Z,2026-03-03T22:30:00Z,2026-03-03T05:00:00Z,1900-01-01T03:30:00Z,2026-03-04T03:30:00Z,2026-03-03T21:30:00Z,2026-03-03T19:30:00Z,Tue,3,20,Week 20,false,"","","","",Crypto.com Arena,CA,Los Angeles,N,"","",FALSE,1610612747,Lakers,Los Angeles,LAL,lakers,37,24,110,0,1610612740,Pelicans,New Orleans,NOP,pelicans,19,44,101,0,2025-26,00,2,Regular Season
2026-03-03,0022500892,20260303/PHXSAC,3,Final,10,2026-03-03T00:00:00Z,1900-01-01T23:00:00Z,2026-03-03T23:00:00Z,2026-03-03T05:00:00Z,1900-01-01T04:00:00Z,2026-03-04T04:00:00Z,2026-03-03T21:00:00Z,2026-03-03T20:00:00Z,Tue,3,20,Week 20,false,"","","","",Golden 1 Center,CA,Sacramento,N,"","",FALSE,1610612758,Kings,Sacramento,SAC,kings,14,49,103,0,1610612756,Suns,Phoenix,PHX,suns,35,26,114,0,2025-26,00,2,Regular Season
2026-03-04,0022500893,20260304/OKCNYK,3,Final,1,2026-03-04T00:00:00Z,1900-01-01T19:00:00Z,2026-03-04T19:00:00Z,2026-03-04T05:00:00Z,1900-01-01T00:00:00Z,2026-03-05T00:00:00Z,2026-03-04T18:00:00Z,2026-03-04T19:00:00Z,Wed,3,20,Week 20,false,"","","","",Madison Square Garden,NY,New York,N,"","",FALSE,1610612752,Knicks,New York,NYK,knicks,40,23,100,0,1610612760,Thunder,Oklahoma City,OKC,thunder,49,15,103,0,2025-26,00,2,Regular Season
2026-03-04,0022500894,20260304/CHABOS,3,Final,2,2026-03-04T00:00:00Z,1900-01-01T19:30:00Z,2026-03-04T19:30:00Z,2026-03-04T05:00:00Z,1900-01-01T00:30:00Z,2026-03-05T00:30:00Z,2026-03-04T19:30:00Z,2026-03-04T19:30:00Z,Wed,3,20,Week 20,false,"","","","",TD Garden,MA,Boston,N,"","",FALSE,1610612738,Celtics,Boston,BOS,celtics,41,21,89,0,1610612766,Hornets,Charlotte,CHA,hornets,32,31,118,0,2025-26,00,2,Regular Season
2026-03-04,0022500895,20260304/UTAPHI,3,Final,3,2026-03-04T00:00:00Z,1900-01-01T19:30:00Z,2026-03-04T19:30:00Z,2026-03-04T05:00:00Z,1900-01-01T00:30:00Z,2026-03-05T00:30:00Z,2026-03-04T17:30:00Z,2026-03-04T19:30:00Z,Wed,3,20,Week 20,false,"","","","",Xfinity Mobile Arena,PA,Philadelphia,N,"","",FALSE,1610612755,76ers,Philadelphia,PHI,sixers,34,28,106,0,1610612762,Jazz,Utah,UTA,jazz,18,44,102,0,2025-26,00,2,Regular Season
2026-03-04,0022500896,20260304/PORMEM,3,Final,4,2026-03-04T00:00:00Z,1900-01-01T20:00:00Z,2026-03-04T20:00:00Z,2026-03-04T05:00:00Z,1900-01-01T01:00:00Z,2026-03-05T01:00:00Z,2026-03-04T17:00:00Z,2026-03-04T19:00:00Z,Wed,3,20,Week 20,false,"","","","",FedExForum,TN,Memphis,N,"","",FALSE,1610612763,Grizzlies,Memphis,MEM,grizzlies,23,38,114,0,1610612757,Trail Blazers,Portland,POR,blazers,30,33,122,0,2025-26,00,2,Regular Season
2026-03-04,0022500897,20260304/ATLMIL,3,Final,5,2026-03-04T00:00:00Z,1900-01-01T21:30:00Z,2026-03-04T21:30:00Z,2026-03-04T05:00:00Z,1900-01-01T02:30:00Z,2026-03-05T02:30:00Z,2026-03-04T21:30:00Z,2026-03-04T20:30:00Z,Wed,3,20,Week 20,false,"","","","",Fiserv Forum,WI,Milwaukee,N,"","",FALSE,1610612749,Bucks,Milwaukee,MIL,bucks,26,35,113,0,1610612737,Hawks,Atlanta,ATL,hawks,32,31,131,0,2025-26,00,2,Regular Season
2026-03-04,0022500898,20260304/INDLAC,3,Final,6,2026-03-04T00:00:00Z,1900-01-01T22:30:00Z,2026-03-04T22:30:00Z,2026-03-04T05:00:00Z,1900-01-01T03:30:00Z,2026-03-05T03:30:00Z,2026-03-04T22:30:00Z,2026-03-04T19:30:00Z,Wed,3,20,Week 20,false,"","","","",Intuit Dome,CA,Inglewood,N,"","",FALSE,1610612746,Clippers,LA,LAC,clippers,30,31,130,0,1610612754,Pacers,Indiana,IND,pacers,15,47,107,0,2025-26,00,2,Regular Season
2026-03-05,0022500899,20260305/DALORL,3,Final,1,2026-03-05T00:00:00Z,1900-01-01T19:00:00Z,2026-03-05T19:00:00Z,2026-03-05T05:00:00Z,1900-01-01T00:00:00Z,2026-03-06T00:00:00Z,2026-03-05T18:00:00Z,2026-03-05T19:00:00Z,Thu,3,20,Week 20,false,"","","","",Kia Center,FL,Orlando,N,"","",FALSE,1610612753,Magic,Orlando,ORL,magic,33,28,115,0,1610612742,Mavericks,Dallas,DAL,mavericks,21,41,114,0,2025-26,00,2,Regular Season
2026-03-05,0022500900,20260305/UTAWAS,3,Final,2,2026-03-05T00:00:00Z,1900-01-01T19:00:00Z,2026-03-05T19:00:00Z,2026-03-05T05:00:00Z,1900-01-01T00:00:00Z,2026-03-06T00:00:00Z,2026-03-05T17:00:00Z,2026-03-05T19:00:00Z,Thu,3,20,Week 20,false,"","","","",Capital One Arena,DC,Washington,N,"","",FALSE,1610612764,Wizards,Washington,WAS,wizards,16,46,112,0,1610612762,Jazz,Utah,UTA,jazz,19,44,122,0,2025-26,00,2,Regular Season
2026-03-05,0022500901,20260305/BKNMIA,3,Final,3,2026-03-05T00:00:00Z,1900-01-01T19:30:00Z,2026-03-05T19:30:00Z,2026-03-05T05:00:00Z,1900-01-01T00:30:00Z,2026-03-06T00:30:00Z,2026-03-05T19:30:00Z,2026-03-05T19:30:00Z,Thu,3,20,Week 20,false,"","","","",Kaseya Center,FL,Miami,N,"","",FALSE,1610612748,Heat,Miami,MIA,heat,34,29,126,0,1610612751,Nets,Brooklyn,BKN,nets,15,47,110,0,2025-26,00,2,Regular Season
2026-03-05,0022500902,20260305/GSWHOU,3,Final/OT,4,2026-03-05T00:00:00Z,1900-01-01T19:30:00Z,2026-03-05T19:30:00Z,2026-03-05T05:00:00Z,1900-01-01T00:30:00Z,2026-03-06T00:30:00Z,2026-03-05T16:30:00Z,2026-03-05T18:30:00Z,Thu,3,20,Week 20,false,"","","","",Toyota Center,TX,Houston,N,"","",FALSE,1610612745,Rockets,Houston,HOU,rockets,38,23,113,0,1610612744,Warriors,Golden State,GSW,warriors,32,30,115,0,2025-26,00,2,Regular Season
2026-03-05,0022500903,20260305/TORMIN,3,Final,5,2026-03-05T00:00:00Z,1900-01-01T20:00:00Z,2026-03-05T20:00:00Z,2026-03-05T05:00:00Z,1900-01-01T01:00:00Z,2026-03-06T01:00:00Z,2026-03-05T20:00:00Z,2026-03-05T19:00:00Z,Thu,3,20,Week 20,false,"","","","",Target Center,MN,Minneapolis,N,"","",FALSE,1610612750,Timberwolves,Minnesota,MIN,timberwolves,40,23,115,0,1610612761,Raptors,Toronto,TOR,raptors,35,27,107,0,2025-26,00,2,Regular Season
2026-03-05,0022500904,20260305/DETSAS,3,Final,6,2026-03-05T00:00:00Z,1900-01-01T20:00:00Z,2026-03-05T20:00:00Z,2026-03-05T05:00:00Z,1900-01-01T01:00:00Z,2026-03-06T01:00:00Z,2026-03-05T20:00:00Z,2026-03-05T19:00:00Z,Thu,3,20,Week 20,false,"","","","",Frost Bank Center,TX,San Antonio,N,"","",FALSE,1610612759,Spurs,San Antonio,SAS,spurs,45,17,121,0,1610612765,Pistons,Detroit,DET,pistons,45,16,106,0,2025-26,00,2,Regular Season
2026-03-05,0022500905,20260305/CHIPHX,3,Final,7,2026-03-05T00:00:00Z,1900-01-01T21:00:00Z,2026-03-05T21:00:00Z,2026-03-05T05:00:00Z,1900-01-01T02:00:00Z,2026-03-06T02:00:00Z,2026-03-05T20:00:00Z,2026-03-05T19:00:00Z,Thu,3,20,Week 20,false,"","","","",Mortgage Matchup Center,AZ,Phoenix,N,"","",FALSE,1610612756,Suns,Phoenix,PHX,suns,35,27,103,0,1610612741,Bulls,Chicago,CHI,bulls,26,37,105,0,2025-26,00,2,Regular Season
2026-03-05,0022500906,20260305/LALDEN,3,Final,8,2026-03-05T00:00:00Z,1900-01-01T22:00:00Z,2026-03-05T22:00:00Z,2026-03-05T05:00:00Z,1900-01-01T03:00:00Z,2026-03-06T03:00:00Z,2026-03-05T19:00:00Z,2026-03-05T20:00:00Z,Thu,3,20,Week 20,false,"","","","",Ball Arena,CO,Denver,N,"","",FALSE,1610612743,Nuggets,Denver,DEN,nuggets,39,24,120,0,1610612747,Lakers,Los Angeles,LAL,lakers,37,25,113,0,2025-26,00,2,Regular Season
2026-03-05,0022500907,20260305/NOPSAC,3,Final,9,2026-03-05T00:00:00Z,1900-01-01T22:00:00Z,2026-03-05T22:00:00Z,2026-03-05T05:00:00Z,1900-01-01T03:00:00Z,2026-03-06T03:00:00Z,2026-03-05T21:00:00Z,2026-03-05T19:00:00Z,Thu,3,20,Week 20,false,"","","","",Golden 1 Center,CA,Sacramento,N,"","",FALSE,1610612758,Kings,Sacramento,SAC,kings,14,50,123,0,1610612740,Pelicans,New Orleans,NOP,pelicans,20,44,133,0,2025-26,00,2,Regular Season
2026-03-06,0022500908,20260306/DALBOS,3,Final,1,2026-03-06T00:00:00Z,1900-01-01T19:00:00Z,2026-03-06T19:00:00Z,2026-03-06T05:00:00Z,1900-01-01T00:00:00Z,2026-03-07T00:00:00Z,2026-03-06T18:00:00Z,2026-03-06T19:00:00Z,Fri,3,20,Week 20,false,"","","","",TD Garden,MA,Boston,N,"","",FALSE,1610612738,Celtics,Boston,BOS,celtics,42,21,120,0,1610612742,Mavericks,Dallas,DAL,mavericks,21,42,100,0,2025-26,00,2,Regular Season
2026-03-06,0022500909,20260306/MIACHA,3,Final,2,2026-03-06T00:00:00Z,1900-01-01T19:00:00Z,2026-03-06T19:00:00Z,2026-03-06T05:00:00Z,1900-01-01T00:00:00Z,2026-03-07T00:00:00Z,2026-03-06T19:00:00Z,2026-03-06T19:00:00Z,Fri,3,20,Week 20,false,"","","","",Spectrum Center,NC,Charlotte,N,"","",FALSE,1610612766,Hornets,Charlotte,CHA,hornets,32,32,120,0,1610612748,Heat,Miami,MIA,heat,35,29,128,0,2025-26,00,2,Regular Season
2026-03-06,0022500910,20260306/PORHOU,3,Final,3,2026-03-06T00:00:00Z,1900-01-01T20:00:00Z,2026-03-06T20:00:00Z,2026-03-06T05:00:00Z,1900-01-01T01:00:00Z,2026-03-07T01:00:00Z,2026-03-06T17:00:00Z,2026-03-06T19:00:00Z,Fri,3,20,Week 20,false,"","","","",Toyota Center,TX,Houston,N,"","",FALSE,1610612745,Rockets,Houston,HOU,rockets,39,23,106,0,1610612757,Trail Blazers,Portland,POR,blazers,30,34,99,0,2025-26,00,2,Regular Season
2026-03-06,0022500911,20260306/NYKDEN,3,Final,4,2026-03-06T00:00:00Z,1900-01-01T21:00:00Z,2026-03-06T21:00:00Z,2026-03-06T05:00:00Z,1900-01-01T02:00:00Z,2026-03-07T02:00:00Z,2026-03-06T21:00:00Z,2026-03-06T19:00:00Z,Fri,3,20,Week 20,false,"","","","",Ball Arena,CO,Denver,N,"","",FALSE,1610612743,Nuggets,Denver,DEN,nuggets,39,25,103,0,1610612752,Knicks,New York,NYK,knicks,41,23,142,0,2025-26,00,2,Regular Season
2026-03-06,0022500912,20260306/NOPPHX,3,Final,5,2026-03-06T00:00:00Z,1900-01-01T21:00:00Z,2026-03-06T21:00:00Z,2026-03-06T05:00:00Z,1900-01-01T02:00:00Z,2026-03-07T02:00:00Z,2026-03-06T20:00:00Z,2026-03-06T19:00:00Z,Fri,3,20,Week 20,false,"","","","",Mortgage Matchup Center,AZ,Phoenix,N,"","",FALSE,1610612756,Suns,Phoenix,PHX,suns,36,27,118,0,1610612740,Pelicans,New Orleans,NOP,pelicans,20,45,116,0,2025-26,00,2,Regular Season
2026-03-06,0022500913,20260306/LACSAS,3,Final,6,2026-03-06T00:00:00Z,1900-01-01T21:30:00Z,2026-03-06T21:30:00Z,2026-03-06T05:00:00Z,1900-01-01T02:30:00Z,2026-03-07T02:30:00Z,2026-03-06T18:30:00Z,2026-03-06T20:30:00Z,Fri,3,20,Week 20,false,"","","","",Frost Bank Center,TX,San Antonio,N,"","",FALSE,1610612759,Spurs,San Antonio,SAS,spurs,46,17,116,0,1610612746,Clippers,LA,LAC,clippers,30,32,112,0,2025-26,00,2,Regular Season
2026-03-06,0022500914,20260306/INDLAL,3,Final,7,2026-03-06T00:00:00Z,1900-01-01T22:30:00Z,2026-03-06T22:30:00Z,2026-03-06T05:00:00Z,1900-01-01T03:30:00Z,2026-03-07T03:30:00Z,2026-03-06T22:30:00Z,2026-03-06T19:30:00Z,Fri,3,20,Week 20,false,"","","","",Crypto.com Arena,CA,Los Angeles,N,"","",FALSE,1610612747,Lakers,Los Angeles,LAL,lakers,38,25,128,0,1610612754,Pacers,Indiana,IND,pacers,15,48,117,0,2025-26,00,2,Regular Season
2026-03-07,0022500915,20260307/ORLMIN,3,Final,1,2026-03-07T00:00:00Z,1900-01-01T15:00:00Z,2026-03-07T15:00:00Z,2026-03-07T05:00:00Z,1900-01-01T20:00:00Z,2026-03-07T20:00:00Z,2026-03-07T15:00:00Z,2026-03-07T14:00:00Z,Sat,3,20,Week 20,false,"","","","",Target Center,MN,Minneapolis,N,"","",FALSE,1610612750,Timberwolves,Minnesota,MIN,timberwolves,40,24,92,0,1610612753,Magic,Orlando,ORL,magic,34,28,119,0,2025-26,00,2,Regular Season
2026-03-07,0022500916,20260307/BKNDET,3,Final,2,2026-03-07T00:00:00Z,1900-01-01T18:00:00Z,2026-03-07T18:00:00Z,2026-03-07T05:00:00Z,1900-01-01T23:00:00Z,2026-03-07T23:00:00Z,2026-03-07T18:00:00Z,2026-03-07T18:00:00Z,Sat,3,20,Week 20,false,"","","","",Little Caesars Arena,MI,Detroit,N,"","",FALSE,1610612765,Pistons,Detroit,DET,pistons,45,17,105,0,1610612751,Nets,Brooklyn,BKN,nets,16,47,107,0,2025-26,00,2,Regular Season
2026-03-07,0022500917,20260307/PHIATL,3,Final,3,2026-03-07T00:00:00Z,1900-01-01T18:00:00Z,2026-03-07T18:00:00Z,2026-03-07T05:00:00Z,1900-01-01T23:00:00Z,2026-03-07T23:00:00Z,2026-03-07T18:00:00Z,2026-03-07T18:00:00Z,Sat,3,20,Week 20,false,"","","","",State Farm Arena,GA,Atlanta,N,"","",FALSE,1610612737,Hawks,Atlanta,ATL,hawks,33,31,125,0,1610612755,76ers,Philadelphia,PHI,sixers,34,29,116,0,2025-26,00,2,Regular Season
2026-03-07,0022500918,20260307/LACMEM,3,Final,4,2026-03-07T00:00:00Z,1900-01-01T20:00:00Z,2026-03-07T20:00:00Z,2026-03-07T05:00:00Z,1900-01-01T01:00:00Z,2026-03-08T01:00:00Z,2026-03-07T17:00:00Z,2026-03-07T19:00:00Z,Sat,3,20,Week 20,false,"","","","",FedExForum,TN,Memphis,N,"","",FALSE,1610612763,Grizzlies,Memphis,MEM,grizzlies,23,39,120,0,1610612746,Clippers,LA,LAC,clippers,31,32,123,0,2025-26,00,2,Regular Season
2026-03-07,0022500919,20260307/UTAMIL,3,Final,5,2026-03-07T00:00:00Z,1900-01-01T20:00:00Z,2026-03-07T20:00:00Z,2026-03-07T05:00:00Z,1900-01-01T01:00:00Z,2026-03-08T01:00:00Z,2026-03-07T18:00:00Z,2026-03-07T19:00:00Z,Sat,3,20,Week 20,false,"","","","",Fiserv Forum,WI,Milwaukee,N,"","",FALSE,1610612749,Bucks,Milwaukee,MIL,bucks,27,35,113,0,1610612762,Jazz,Utah,UTA,jazz,19,45,99,0,2025-26,00,2,Regular Season
2026-03-07,0022500920,20260307/GSWOKC,3,Final,6,2026-03-07T00:00:00Z,1900-01-01T20:30:00Z,2026-03-07T20:30:00Z,2026-03-07T05:00:00Z,1900-01-01T01:30:00Z,2026-03-08T01:30:00Z,2026-03-07T17:30:00Z,2026-03-07T19:30:00Z,Sat,3,20,Week 20,false,"","","","",Paycom Center,OK,Oklahoma City,N,"","",FALSE,1610612760,Thunder,Oklahoma City,OKC,thunder,50,15,104,0,1610612744,Warriors,Golden State,GSW,warriors,32,31,97,0,2025-26,00,2,Regular Season
2026-03-08,0022500921,20260308/BOSCLE,3,Final,1,2026-03-08T00:00:00Z,1900-01-01T13:00:00Z,2026-03-08T13:00:00Z,2026-03-08T05:00:00Z,1900-01-01T17:00:00Z,2026-03-08T17:00:00Z,2026-03-08T13:00:00Z,2026-03-08T13:00:00Z,Sun,3,20,Week 20,false,"","","","",Rocket Arena,OH,Cleveland,N,"","",FALSE,1610612739,Cavaliers,Cleveland,CLE,cavaliers,39,25,98,0,1610612738,Celtics,Boston,BOS,celtics,43,21,109,0,2025-26,00,2,Regular Season
2026-03-08,0022500922,20260308/NYKLAL,3,Final,2,2026-03-08T00:00:00Z,1900-01-01T15:30:00Z,2026-03-08T15:30:00Z,2026-03-08T05:00:00Z,1900-01-01T19:30:00Z,2026-03-08T19:30:00Z,2026-03-08T15:30:00Z,2026-03-08T12:30:00Z,Sun,3,20,Week 20,false,"","","","",Crypto.com Arena,CA,Los Angeles,N,"","",FALSE,1610612747,Lakers,Los Angeles,LAL,lakers,39,25,110,0,1610612752,Knicks,New York,NYK,knicks,41,24,97,0,2025-26,00,2,Regular Season
2026-03-08,0022500923,20260308/DETMIA,3,Final,3,2026-03-08T00:00:00Z,1900-01-01T18:00:00Z,2026-03-08T18:00:00Z,2026-03-08T05:00:00Z,1900-01-01T22:00:00Z,2026-03-08T22:00:00Z,2026-03-08T18:00:00Z,2026-03-08T18:00:00Z,Sun,3,20,Week 20,false,"","","","",Kaseya Center,FL,Miami,N,"","",FALSE,1610612748,Heat,Miami,MIA,heat,36,29,121,0,1610612765,Pistons,Detroit,DET,pistons,45,18,110,0,2025-26,00,2,Regular Season
2026-03-08,0022500924,20260308/DALTOR,3,Final,4,2026-03-08T00:00:00Z,1900-01-01T18:00:00Z,2026-03-08T18:00:00Z,2026-03-08T05:00:00Z,1900-01-01T22:00:00Z,2026-03-08T22:00:00Z,2026-03-08T17:00:00Z,2026-03-08T18:00:00Z,Sun,3,20,Week 20,false,"","","","",Scotiabank Arena,ON,Toronto,N,"","",FALSE,1610612761,Raptors,Toronto,TOR,raptors,36,27,122,0,1610612742,Mavericks,Dallas,DAL,mavericks,21,43,92,0,2025-26,00,2,Regular Season
2026-03-08,0022500925,20260308/WASNOP,3,Final,5,2026-03-08T00:00:00Z,1900-01-01T19:00:00Z,2026-03-08T19:00:00Z,2026-03-08T05:00:00Z,1900-01-01T23:00:00Z,2026-03-08T23:00:00Z,2026-03-08T19:00:00Z,2026-03-08T18:00:00Z,Sun,3,20,Week 20,false,"","","","",Smoothie King Center,LA,New Orleans,N,"","",FALSE,1610612740,Pelicans,New Orleans,NOP,pelicans,21,45,138,0,1610612764,Wizards,Washington,WAS,wizards,16,47,118,0,2025-26,00,2,Regular Season
2026-03-08,0022500926,20260308/ORLMIL,3,Final,6,2026-03-08T00:00:00Z,1900-01-01T20:00:00Z,2026-03-08T20:00:00Z,2026-03-08T05:00:00Z,1900-01-01T00:00:00Z,2026-03-09T00:00:00Z,2026-03-08T20:00:00Z,2026-03-08T19:00:00Z,Sun,3,20,Week 20,false,"","","","",Fiserv Forum,WI,Milwaukee,N,"","",FALSE,1610612749,Bucks,Milwaukee,MIL,bucks,27,36,91,0,1610612753,Magic,Orlando,ORL,magic,35,28,130,0,2025-26,00,2,Regular Season
2026-03-08,0022500927,20260308/HOUSAS,3,Final,7,2026-03-08T00:00:00Z,1900-01-01T20:00:00Z,2026-03-08T20:00:00Z,2026-03-08T05:00:00Z,1900-01-01T00:00:00Z,2026-03-09T00:00:00Z,2026-03-08T19:00:00Z,2026-03-08T19:00:00Z,Sun,3,20,Week 20,false,"","","","",Frost Bank Center,TX,San Antonio,N,"","",FALSE,1610612759,Spurs,San Antonio,SAS,spurs,47,17,145,0,1610612745,Rockets,Houston,HOU,rockets,39,24,120,0,2025-26,00,2,Regular Season
2026-03-08,0022500928,20260308/CHAPHX,3,Final,10,2026-03-08T00:00:00Z,1900-01-01T22:00:00Z,2026-03-08T22:00:00Z,2026-03-08T05:00:00Z,1900-01-01T02:00:00Z,2026-03-09T02:00:00Z,2026-03-08T22:00:00Z,2026-03-08T19:00:00Z,Sun,3,20,Week 20,false,"","","","",Mortgage Matchup Center,AZ,Phoenix,N,"","",FALSE,1610612756,Suns,Phoenix,PHX,suns,37,27,111,0,1610612766,Hornets,Charlotte,CHA,hornets,32,33,99,0,2025-26,00,2,Regular Season
2026-03-08,0022500929,20260308/INDPOR,3,Final,8,2026-03-08T00:00:00Z,1900-01-01T21:00:00Z,2026-03-08T21:00:00Z,2026-03-08T05:00:00Z,1900-01-01T01:00:00Z,2026-03-09T01:00:00Z,2026-03-08T21:00:00Z,2026-03-08T18:00:00Z,Sun,3,20,Week 20,false,"","","","",Moda Center,OR,Portland,N,"","",FALSE,1610612757,Trail Blazers,Portland,POR,blazers,31,34,131,0,1610612754,Pacers,Indiana,IND,pacers,15,49,111,0,2025-26,00,2,Regular Season
2026-03-08,0022500930,20260308/CHISAC,3,Final,9,2026-03-08T00:00:00Z,1900-01-01T21:00:00Z,2026-03-08T21:00:00Z,2026-03-08T05:00:00Z,1900-01-01T01:00:00Z,2026-03-09T01:00:00Z,2026-03-08T20:00:00Z,2026-03-08T18:00:00Z,Sun,3,20,Week 20,false,"","","","",Golden 1 Center,CA,Sacramento,N,"","",FALSE,1610612758,Kings,Sacramento,SAC,kings,15,50,126,0,1610612741,Bulls,Chicago,CHI,bulls,26,38,110,0,2025-26,00,2,Regular Season
2026-03-09,0022500931,20260309/PHICLE,3,Final,1,2026-03-09T00:00:00Z,1900-01-01T19:00:00Z,2026-03-09T19:00:00Z,2026-03-09T04:00:00Z,1900-01-01T23:00:00Z,2026-03-09T23:00:00Z,2026-03-09T19:00:00Z,2026-03-09T19:00:00Z,Mon,3,21,Week 21,false,"","","","",Rocket Arena,OH,Cleveland,N,"","",FALSE,1610612739,Cavaliers,Cleveland,CLE,cavaliers,40,25,115,0,1610612755,76ers,Philadelphia,PHI,sixers,34,30,101,0,2025-26,00,2,Regular Season
2026-03-09,0022500932,20260309/MEMBKN,3,Final,2,2026-03-09T00:00:00Z,1900-01-01T19:30:00Z,2026-03-09T19:30:00Z,2026-03-09T04:00:00Z,1900-01-01T23:30:00Z,2026-03-09T23:30:00Z,2026-03-09T18:30:00Z,2026-03-09T19:30:00Z,Mon,3,21,Week 21,false,"","","","",Barclays Center,NY,Brooklyn,N,"","",FALSE,1610612751,Nets,Brooklyn,BKN,nets,17,47,126,0,1610612763,Grizzlies,Memphis,MEM,grizzlies,23,40,115,0,2025-26,00,2,Regular Season
2026-03-09,0022500933,20260309/DENOKC,3,Final,3,2026-03-09T00:00:00Z,1900-01-01T19:30:00Z,2026-03-09T19:30:00Z,2026-03-09T04:00:00Z,1900-01-01T23:30:00Z,2026-03-09T23:30:00Z,2026-03-09T17:30:00Z,2026-03-09T18:30:00Z,Mon,3,21,Week 21,false,"","","","",Paycom Center,OK,Oklahoma City,N,"","",FALSE,1610612760,Thunder,Oklahoma City,OKC,thunder,51,15,129,0,1610612743,Nuggets,Denver,DEN,nuggets,39,26,126,0,2025-26,00,2,Regular Season
2026-03-09,0022500934,20260309/GSWUTA,3,Final,4,2026-03-09T00:00:00Z,1900-01-01T21:00:00Z,2026-03-09T21:00:00Z,2026-03-09T04:00:00Z,1900-01-01T01:00:00Z,2026-03-10T01:00:00Z,2026-03-09T18:00:00Z,2026-03-09T19:00:00Z,Mon,3,21,Week 21,false,"","","","",Delta Center,UT,Salt Lake City,N,"","",FALSE,1610612762,Jazz,Utah,UTA,jazz,20,45,119,0,1610612744,Warriors,Golden State,GSW,warriors,32,32,116,0,2025-26,00,2,Regular Season
2026-03-09,0022500935,20260309/NYKLAC,3,Final,5,2026-03-09T00:00:00Z,1900-01-01T22:00:00Z,2026-03-09T22:00:00Z,2026-03-09T04:00:00Z,1900-01-01T02:00:00Z,2026-03-10T02:00:00Z,2026-03-09T22:00:00Z,2026-03-09T19:00:00Z,Mon,3,21,Week 21,false,"","","","",Intuit Dome,CA,Inglewood,N,"","",FALSE,1610612746,Clippers,LA,LAC,clippers,32,32,126,0,1610612752,Knicks,New York,NYK,knicks,41,25,118,0,2025-26,00,2,Regular Season
2026-03-10,0022500936,20260310/MEMPHI,3,Final,1,2026-03-10T00:00:00Z,1900-01-01T19:00:00Z,2026-03-10T19:00:00Z,2026-03-10T04:00:00Z,1900-01-01T23:00:00Z,2026-03-10T23:00:00Z,2026-03-10T18:00:00Z,2026-03-10T19:00:00Z,Tue,3,21,Week 21,false,"","","","",Xfinity Mobile Arena,PA,Philadelphia,N,"","",FALSE,1610612755,76ers,Philadelphia,PHI,sixers,35,30,139,0,1610612763,Grizzlies,Memphis,MEM,grizzlies,23,41,129,0,2025-26,00,2,Regular Season
2026-03-10,0022500937,20260310/DETBKN,3,Final,2,2026-03-10T00:00:00Z,1900-01-01T19:30:00Z,2026-03-10T19:30:00Z,2026-03-10T04:00:00Z,1900-01-01T23:30:00Z,2026-03-10T23:30:00Z,2026-03-10T19:30:00Z,2026-03-10T19:30:00Z,Tue,3,21,Week 21,false,"","","","",Barclays Center,NY,Brooklyn,N,"","",FALSE,1610612751,Nets,Brooklyn,BKN,nets,17,48,100,0,1610612765,Pistons,Detroit,DET,pistons,46,18,138,0,2025-26,00,2,Regular Season
2026-03-10,0022500938,20260310/WASMIA,3,Final,3,2026-03-10T00:00:00Z,1900-01-01T19:30:00Z,2026-03-10T19:30:00Z,2026-03-10T04:00:00Z,1900-01-01T23:30:00Z,2026-03-10T23:30:00Z,2026-03-10T19:30:00Z,2026-03-10T19:30:00Z,Tue,3,21,Week 21,false,"","","","",Kaseya Center,FL,Miami,N,"","",FALSE,1610612748,Heat,Miami,MIA,heat,37,29,150,0,1610612764,Wizards,Washington,WAS,wizards,16,48,129,0,2025-26,00,2,Regular Season
2026-03-10,0022500939,20260310/DALATL,3,Final,4,2026-03-10T00:00:00Z,1900-01-01T19:30:00Z,2026-03-10T19:30:00Z,2026-03-10T04:00:00Z,1900-01-01T23:30:00Z,2026-03-10T23:30:00Z,2026-03-10T18:30:00Z,2026-03-10T19:30:00Z,Tue,3,21,Week 21,false,"","","","",State Farm Arena,GA,Atlanta,N,"","",FALSE,1610612737,Hawks,Atlanta,ATL,hawks,34,31,124,0,1610612742,Mavericks,Dallas,DAL,mavericks,21,44,112,0,2025-26,00,2,Regular Season
2026-03-10,0022500940,20260310/TORHOU,3,Final,5,2026-03-10T00:00:00Z,1900-01-01T20:00:00Z,2026-03-10T20:00:00Z,2026-03-10T04:00:00Z,1900-01-01T00:00:00Z,2026-03-11T00:00:00Z,2026-03-10T20:00:00Z,2026-03-10T19:00:00Z,Tue,3,21,Week 21,false,"","","","",Toyota Center,TX,Houston,N,"","",FALSE,1610612745,Rockets,Houston,HOU,rockets,40,24,113,0,1610612761,Raptors,Toronto,TOR,raptors,36,28,99,0,2025-26,00,2,Regular Season
2026-03-10,0022500941,20260310/PHXMIL,3,Final,6,2026-03-10T00:00:00Z,1900-01-01T20:00:00Z,2026-03-10T20:00:00Z,2026-03-10T04:00:00Z,1900-01-01T00:00:00Z,2026-03-11T00:00:00Z,2026-03-10T17:00:00Z,2026-03-10T19:00:00Z,Tue,3,21,Week 21,false,"","","","",Fiserv Forum,WI,Milwaukee,N,"","",FALSE,1610612749,Bucks,Milwaukee,MIL,bucks,27,37,114,0,1610612756,Suns,Phoenix,PHX,suns,38,27,129,0,2025-26,00,2,Regular Season
2026-03-10,0022500942,20260310/BOSSAS,3,Final,7,2026-03-10T00:00:00Z,1900-01-01T20:00:00Z,2026-03-10T20:00:00Z,2026-03-10T04:00:00Z,1900-01-01T00:00:00Z,2026-03-11T00:00:00Z,2026-03-10T20:00:00Z,2026-03-10T19:00:00Z,Tue,3,21,Week 21,false,"","","","",Frost Bank Center,TX,San Antonio,N,"","",FALSE,1610612759,Spurs,San Antonio,SAS,spurs,48,17,125,0,1610612738,Celtics,Boston,BOS,celtics,43,22,116,0,2025-26,00,2,Regular Season
2026-03-10,0022500943,20260310/CHIGSW,3,Final/OT,8,2026-03-10T00:00:00Z,1900-01-01T22:00:00Z,2026-03-10T22:00:00Z,2026-03-10T04:00:00Z,1900-01-01T02:00:00Z,2026-03-11T02:00:00Z,2026-03-10T21:00:00Z,2026-03-10T19:00:00Z,Tue,3,21,Week 21,false,"","","","",Chase Center,CA,San Francisco,N,"","",FALSE,1610612744,Warriors,Golden State,GSW,warriors,32,33,124,0,1610612741,Bulls,Chicago,CHI,bulls,27,38,130,0,2025-26,00,2,Regular Season
2026-03-10,0022500944,20260310/CHAPOR,3,Final,9,2026-03-10T00:00:00Z,1900-01-01T22:00:00Z,2026-03-10T22:00:00Z,2026-03-10T04:00:00Z,1900-01-01T02:00:00Z,2026-03-11T02:00:00Z,2026-03-10T22:00:00Z,2026-03-10T19:00:00Z,Tue,3,21,Week 21,false,"","","","",Moda Center,OR,Portland,N,"","",FALSE,1610612757,Trail Blazers,Portland,POR,blazers,31,35,101,0,1610612766,Hornets,Charlotte,CHA,hornets,33,33,103,0,2025-26,00,2,Regular Season
2026-03-10,0022500945,20260310/INDSAC,3,Final,10,2026-03-10T00:00:00Z,1900-01-01T22:00:00Z,2026-03-10T22:00:00Z,2026-03-10T04:00:00Z,1900-01-01T02:00:00Z,2026-03-11T02:00:00Z,2026-03-10T22:00:00Z,2026-03-10T19:00:00Z,Tue,3,21,Week 21,false,"","","","",Golden 1 Center,CA,Sacramento,N,"","",FALSE,1610612758,Kings,Sacramento,SAC,kings,16,50,114,0,1610612754,Pacers,Indiana,IND,pacers,15,50,109,0,2025-26,00,2,Regular Season
2026-03-10,0022500946,20260310/MINLAL,3,Final,11,2026-03-10T00:00:00Z,1900-01-01T23:00:00Z,2026-03-10T23:00:00Z,2026-03-10T04:00:00Z,1900-01-01T03:00:00Z,2026-03-11T03:00:00Z,2026-03-10T22:00:00Z,2026-03-10T20:00:00Z,Tue,3,21,Week 21,false,"","","","",Crypto.com Arena,CA,Los Angeles,N,"","",FALSE,1610612747,Lakers,Los Angeles,LAL,lakers,40,25,120,0,1610612750,Timberwolves,Minnesota,MIN,timberwolves,40,25,106,0,2025-26,00,2,Regular Season
2026-03-11,0022500947,20260311/CLEORL,3,Final,1,2026-03-11T00:00:00Z,1900-01-01T19:30:00Z,2026-03-11T19:30:00Z,2026-03-11T04:00:00Z,1900-01-01T23:30:00Z,2026-03-11T23:30:00Z,2026-03-11T19:30:00Z,2026-03-11T19:30:00Z,Wed,3,21,Week 21,false,"","","","",Kia Center,FL,Orlando,N,"","",FALSE,1610612753,Magic,Orlando,ORL,magic,36,28,128,0,1610612739,Cavaliers,Cleveland,CLE,cavaliers,40,26,122,0,2025-26,00,2,Regular Season
2026-03-11,0022500948,20260311/TORNOP,3,Final,2,2026-03-11T00:00:00Z,1900-01-01T20:00:00Z,2026-03-11T20:00:00Z,2026-03-11T04:00:00Z,1900-01-01T00:00:00Z,2026-03-12T00:00:00Z,2026-03-11T20:00:00Z,2026-03-11T19:00:00Z,Wed,3,21,Week 21,false,"","","","",Smoothie King Center,LA,New Orleans,N,"","",FALSE,1610612740,Pelicans,New Orleans,NOP,pelicans,22,45,122,0,1610612761,Raptors,Toronto,TOR,raptors,36,29,111,0,2025-26,00,2,Regular Season
2026-03-11,0022500949,20260311/NYKUTA,3,Final,3,2026-03-11T00:00:00Z,1900-01-01T21:00:00Z,2026-03-11T21:00:00Z,2026-03-11T04:00:00Z,1900-01-01T01:00:00Z,2026-03-12T01:00:00Z,2026-03-11T21:00:00Z,2026-03-11T19:00:00Z,Wed,3,21,Week 21,false,"","","","",Delta Center,UT,Salt Lake City,N,"","",FALSE,1610612762,Jazz,Utah,UTA,jazz,20,46,117,0,1610612752,Knicks,New York,NYK,knicks,42,25,134,0,2025-26,00,2,Regular Season
2026-03-11,0022500950,20260311/HOUDEN,3,Final,4,2026-03-11T00:00:00Z,1900-01-01T22:00:00Z,2026-03-11T22:00:00Z,2026-03-11T04:00:00Z,1900-01-01T02:00:00Z,2026-03-12T02:00:00Z,2026-03-11T21:00:00Z,2026-03-11T20:00:00Z,Wed,3,21,Week 21,false,"","","","",Ball Arena,CO,Denver,N,"","",FALSE,1610612743,Nuggets,Denver,DEN,nuggets,40,26,129,0,1610612745,Rockets,Houston,HOU,rockets,40,25,93,0,2025-26,00,2,Regular Season
2026-03-11,0022500951,20260311/CHASAC,3,Final,5,2026-03-11T00:00:00Z,1900-01-01T22:00:00Z,2026-03-11T22:00:00Z,2026-03-11T04:00:00Z,1900-01-01T02:00:00Z,2026-03-12T02:00:00Z,2026-03-11T22:00:00Z,2026-03-11T19:00:00Z,Wed,3,21,Week 21,false,"","","","",Golden 1 Center,CA,Sacramento,N,"","",FALSE,1610612758,Kings,Sacramento,SAC,kings,16,51,109,0,1610612766,Hornets,Charlotte,CHA,hornets,34,33,117,0,2025-26,00,2,Regular Season
2026-03-11,0022500952,20260311/MINLAC,3,Final,6,2026-03-11T00:00:00Z,1900-01-01T22:30:00Z,2026-03-11T22:30:00Z,2026-03-11T04:00:00Z,1900-01-01T02:30:00Z,2026-03-12T02:30:00Z,2026-03-11T21:30:00Z,2026-03-11T19:30:00Z,Wed,3,21,Week 21,false,"","","","",Intuit Dome,CA,Inglewood,N,"","",FALSE,1610612746,Clippers,LA,LAC,clippers,33,32,153,0,1610612750,Timberwolves,Minnesota,MIN,timberwolves,40,26,128,0,2025-26,00,2,Regular Season
2026-03-12,0022500953,20260312/PHIDET,3,Final,1,2026-03-12T00:00:00Z,1900-01-01T19:00:00Z,2026-03-12T19:00:00Z,2026-03-12T04:00:00Z,1900-01-01T23:00:00Z,2026-03-12T23:00:00Z,2026-03-12T19:00:00Z,2026-03-12T19:00:00Z,Thu,3,21,Week 21,false,"","","","",Little Caesars Arena,MI,Detroit,N,"","",FALSE,1610612765,Pistons,Detroit,DET,pistons,47,18,131,0,1610612755,76ers,Philadelphia,PHI,sixers,35,31,109,0,2025-26,00,2,Regular Season
2026-03-12,0022500954,20260312/PHXIND,3,Final,2,2026-03-12T00:00:00Z,1900-01-01T19:00:00Z,2026-03-12T19:00:00Z,2026-03-12T04:00:00Z,1900-01-01T23:00:00Z,2026-03-12T23:00:00Z,2026-03-12T16:00:00Z,2026-03-12T19:00:00Z,Thu,3,21,Week 21,false,"","","","",Gainbridge Fieldhouse,IN,Indianapolis,N,"","",FALSE,1610612754,Pacers,Indiana,IND,pacers,15,51,108,0,1610612756,Suns,Phoenix,PHX,suns,39,27,123,0,2025-26,00,2,Regular Season
2026-03-12,0022500955,20260312/WASORL,3,Final/OT,3,2026-03-12T00:00:00Z,1900-01-01T19:00:00Z,2026-03-12T19:00:00Z,2026-03-12T04:00:00Z,1900-01-01T23:00:00Z,2026-03-12T23:00:00Z,2026-03-12T19:00:00Z,2026-03-12T19:00:00Z,Thu,3,21,Week 21,false,"","","","",Kia Center,FL,Orlando,N,"","",FALSE,1610612753,Magic,Orlando,ORL,magic,37,28,136,0,1610612764,Wizards,Washington,WAS,wizards,16,49,131,0,2025-26,00,2,Regular Season
2026-03-12,0022500956,20260312/BKNATL,3,Final,4,2026-03-12T00:00:00Z,1900-01-01T19:30:00Z,2026-03-12T19:30:00Z,2026-03-12T04:00:00Z,1900-01-01T23:30:00Z,2026-03-12T23:30:00Z,2026-03-12T19:30:00Z,2026-03-12T19:30:00Z,Thu,3,21,Week 21,false,"","","","",State Farm Arena,GA,Atlanta,N,"","",FALSE,1610612737,Hawks,Atlanta,ATL,hawks,35,31,108,0,1610612751,Nets,Brooklyn,BKN,nets,17,49,97,0,2025-26,00,2,Regular Season
2026-03-12,0022500957,20260312/MILMIA,3,Final,5,2026-03-12T00:00:00Z,1900-01-01T19:30:00Z,2026-03-12T19:30:00Z,2026-03-12T04:00:00Z,1900-01-01T23:30:00Z,2026-03-12T23:30:00Z,2026-03-12T18:30:00Z,2026-03-12T19:30:00Z,Thu,3,21,Week 21,false,"","","","",Kaseya Center,FL,Miami,N,"","",FALSE,1610612748,Heat,Miami,MIA,heat,38,29,112,0,1610612749,Bucks,Milwaukee,MIL,bucks,27,38,105,0,2025-26,00,2,Regular Season
2026-03-12,0022500958,20260312/DENSAS,3,Final,7,2026-03-12T00:00:00Z,1900-01-01T21:00:00Z,2026-03-12T21:00:00Z,2026-03-12T04:00:00Z,1900-01-01T01:00:00Z,2026-03-13T01:00:00Z,2026-03-12T19:00:00Z,2026-03-12T20:00:00Z,Thu,3,21,Week 21,false,"","","","",Frost Bank Center,TX,San Antonio,N,"","",FALSE,1610612759,Spurs,San Antonio,SAS,spurs,48,18,131,0,1610612743,Nuggets,Denver,DEN,nuggets,41,26,136,0,2025-26,00,2,Regular Season
2026-03-12,0022500959,20260312/BOSOKC,3,Final,8,2026-03-12T00:00:00Z,1900-01-01T21:30:00Z,2026-03-12T21:30:00Z,2026-03-12T04:00:00Z,1900-01-01T01:30:00Z,2026-03-13T01:30:00Z,2026-03-12T21:30:00Z,2026-03-12T20:30:00Z,Thu,3,21,Week 21,false,"","","","",Paycom Center,OK,Oklahoma City,N,"","",FALSE,1610612760,Thunder,Oklahoma City,OKC,thunder,52,15,104,0,1610612738,Celtics,Boston,BOS,celtics,43,23,102,0,2025-26,00,2,Regular Season
2026-03-12,0022500960,20260312/CHILAL,3,Final,9,2026-03-12T00:00:00Z,1900-01-01T22:30:00Z,2026-03-12T22:30:00Z,2026-03-12T04:00:00Z,1900-01-01T02:30:00Z,2026-03-13T02:30:00Z,2026-03-12T21:30:00Z,2026-03-12T19:30:00Z,Thu,3,21,Week 21,false,"","","","",Crypto.com Arena,CA,Los Angeles,N,"","",FALSE,1610612747,Lakers,Los Angeles,LAL,lakers,41,25,142,0,1610612741,Bulls,Chicago,CHI,bulls,27,39,130,0,2025-26,00,2,Regular Season
2026-03-12,0022501111,20260312/DALMEM,3,Final,6,2026-03-12T00:00:00Z,1900-01-01T20:00:00Z,2026-03-12T20:00:00Z,2026-03-12T04:00:00Z,1900-01-01T00:00:00Z,2026-03-13T00:00:00Z,2026-03-12T19:00:00Z,2026-03-12T19:00:00Z,Thu,3,21,Week 21,false,"","","","",FedExForum,TN,Memphis,N,"","",FALSE,1610612763,Grizzlies,Memphis,MEM,grizzlies,23,42,112,0,1610612742,Mavericks,Dallas,DAL,mavericks,22,44,120,0,2025-26,00,2,Regular Season
2026-03-13,0022500961,20260313/MEMDET,3,Final,1,2026-03-13T00:00:00Z,1900-01-01T19:30:00Z,2026-03-13T19:30:00Z,2026-03-13T04:00:00Z,1900-01-01T23:30:00Z,2026-03-13T23:30:00Z,2026-03-13T18:30:00Z,2026-03-13T19:30:00Z,Fri,3,21,Week 21,false,"","","","",Little Caesars Arena,MI,Detroit,N,"","",FALSE,1610612765,Pistons,Detroit,DET,pistons,48,18,126,0,1610612763,Grizzlies,Memphis,MEM,grizzlies,23,43,110,0,2025-26,00,2,Regular Season
2026-03-13,0022500962,20260313/NYKIND,3,Final,2,2026-03-13T00:00:00Z,1900-01-01T19:30:00Z,2026-03-13T19:30:00Z,2026-03-13T04:00:00Z,1900-01-01T23:30:00Z,2026-03-13T23:30:00Z,2026-03-13T19:30:00Z,2026-03-13T19:30:00Z,Fri,3,21,Week 21,false,"","","","",Gainbridge Fieldhouse,IN,Indianapolis,N,"","",FALSE,1610612754,Pacers,Indiana,IND,pacers,15,52,92,0,1610612752,Knicks,New York,NYK,knicks,43,25,101,0,2025-26,00,2,Regular Season
2026-03-13,0022500963,20260313/PHXTOR,3,Final,3,2026-03-13T00:00:00Z,1900-01-01T19:30:00Z,2026-03-13T19:30:00Z,2026-03-13T04:00:00Z,1900-01-01T23:30:00Z,2026-03-13T23:30:00Z,2026-03-13T16:30:00Z,2026-03-13T19:30:00Z,Fri,3,21,Week 21,false,"","","","",Scotiabank Arena,ON,Toronto,N,"","",FALSE,1610612761,Raptors,Toronto,TOR,raptors,37,29,122,0,1610612756,Suns,Phoenix,PHX,suns,39,28,115,0,2025-26,00,2,Regular Season
2026-03-13,0022500964,20260313/NOPHOU,3,Final,5,2026-03-13T00:00:00Z,1900-01-01T20:00:00Z,2026-03-13T20:00:00Z,2026-03-13T04:00:00Z,1900-01-01T00:00:00Z,2026-03-14T00:00:00Z,2026-03-13T19:00:00Z,2026-03-13T19:00:00Z,Fri,3,21,Week 21,false,"","","","",Toyota Center,TX,Houston,N,"","",FALSE,1610612745,Rockets,Houston,HOU,rockets,41,25,107,0,1610612740,Pelicans,New Orleans,NOP,pelicans,22,46,105,0,2025-26,00,2,Regular Season
2026-03-13,0022500965,20260313/CLEDAL,3,Final,4,2026-03-13T00:00:00Z,1900-01-01T19:30:00Z,2026-03-13T19:30:00Z,2026-03-13T04:00:00Z,1900-01-01T23:30:00Z,2026-03-13T23:30:00Z,2026-03-13T19:30:00Z,2026-03-13T18:30:00Z,Fri,3,21,Week 21,false,"","","","",American Airlines Center,TX,Dallas,N,"","",FALSE,1610612742,Mavericks,Dallas,DAL,mavericks,22,45,105,0,1610612739,Cavaliers,Cleveland,CLE,cavaliers,41,26,138,0,2025-26,00,2,Regular Season
2026-03-13,0022500966,20260313/MINGSW,3,Final,6,2026-03-13T00:00:00Z,1900-01-01T22:00:00Z,2026-03-13T22:00:00Z,2026-03-13T04:00:00Z,1900-01-01T02:00:00Z,2026-03-14T02:00:00Z,2026-03-13T21:00:00Z,2026-03-13T19:00:00Z,Fri,3,21,Week 21,false,"","","","",Chase Center,CA,San Francisco,N,"","",FALSE,1610612744,Warriors,Golden State,GSW,warriors,32,34,117,0,1610612750,Timberwolves,Minnesota,MIN,timberwolves,41,26,127,0,2025-26,00,2,Regular Season
2026-03-13,0022500967,20260313/UTAPOR,3,Final,7,2026-03-13T00:00:00Z,1900-01-01T22:00:00Z,2026-03-13T22:00:00Z,2026-03-13T04:00:00Z,1900-01-01T02:00:00Z,2026-03-14T02:00:00Z,2026-03-13T20:00:00Z,2026-03-13T19:00:00Z,Fri,3,21,Week 21,false,"","","","",Moda Center,OR,Portland,N,"","",FALSE,1610612757,Trail Blazers,Portland,POR,blazers,32,35,124,0,1610612762,Jazz,Utah,UTA,jazz,20,47,114,0,2025-26,00,2,Regular Season
2026-03-13,0022500968,20260313/CHILAC,3,Final,8,2026-03-13T00:00:00Z,1900-01-01T22:30:00Z,2026-03-13T22:30:00Z,2026-03-13T04:00:00Z,1900-01-01T02:30:00Z,2026-03-14T02:30:00Z,2026-03-13T21:30:00Z,2026-03-13T19:30:00Z,Fri,3,21,Week 21,false,"","","","",Intuit Dome,CA,Inglewood,N,"","",FALSE,1610612746,Clippers,LA,LAC,clippers,34,32,119,0,1610612741,Bulls,Chicago,CHI,bulls,27,40,108,0,2025-26,00,2,Regular Season
2026-03-14,0022500969,20260314/BKNPHI,3,Final,1,2026-03-14T00:00:00Z,1900-01-01T13:00:00Z,2026-03-14T13:00:00Z,2026-03-14T04:00:00Z,1900-01-01T17:00:00Z,2026-03-14T17:00:00Z,2026-03-14T13:00:00Z,2026-03-14T13:00:00Z,Sat,3,21,Week 21,false,"","","","",Xfinity Mobile Arena,PA,Philadelphia,N,"","",FALSE,1610612755,76ers,Philadelphia,PHI,sixers,36,31,104,0,1610612751,Nets,Brooklyn,BKN,nets,17,50,97,0,2025-26,00,2,Regular Season
2026-03-14,0022500970,20260314/MILATL,3,Final,2,2026-03-14T00:00:00Z,1900-01-01T15:00:00Z,2026-03-14T15:00:00Z,2026-03-14T04:00:00Z,1900-01-01T19:00:00Z,2026-03-14T19:00:00Z,2026-03-14T14:00:00Z,2026-03-14T15:00:00Z,Sat,3,21,Week 21,false,"","","","",State Farm Arena,GA,Atlanta,N,"","",FALSE,1610612737,Hawks,Atlanta,ATL,hawks,36,31,122,0,1610612749,Bucks,Milwaukee,MIL,bucks,27,39,99,0,2025-26,00,2,Regular Season
2026-03-14,0022500971,20260314/WASBOS,3,Final,4,2026-03-14T00:00:00Z,1900-01-01T18:00:00Z,2026-03-14T18:00:00Z,2026-03-14T04:00:00Z,1900-01-01T22:00:00Z,2026-03-14T22:00:00Z,2026-03-14T18:00:00Z,2026-03-14T18:00:00Z,Sat,3,21,Week 21,false,"","","","",TD Garden,MA,Boston,N,"","",FALSE,1610612738,Celtics,Boston,BOS,celtics,44,23,111,0,1610612764,Wizards,Washington,WAS,wizards,16,50,100,0,2025-26,00,2,Regular Season
2026-03-14,0022500972,20260314/ORLMIA,3,Final,5,2026-03-14T00:00:00Z,1900-01-01T20:00:00Z,2026-03-14T20:00:00Z,2026-03-14T04:00:00Z,1900-01-01T00:00:00Z,2026-03-15T00:00:00Z,2026-03-14T20:00:00Z,2026-03-14T20:00:00Z,Sat,3,21,Week 21,false,"","","","",Kaseya Center,FL,Miami,N,"","",FALSE,1610612748,Heat,Miami,MIA,heat,38,30,117,0,1610612753,Magic,Orlando,ORL,magic,38,28,121,0,2025-26,00,2,Regular Season
2026-03-14,0022500973,20260314/CHASAS,3,Final,3,2026-03-14T00:00:00Z,1900-01-01T15:30:00Z,2026-03-14T15:30:00Z,2026-03-14T04:00:00Z,1900-01-01T19:30:00Z,2026-03-14T19:30:00Z,2026-03-14T15:30:00Z,2026-03-14T14:30:00Z,Sat,3,21,Week 21,false,"","","","",Frost Bank Center,TX,San Antonio,N,"","",FALSE,1610612759,Spurs,San Antonio,SAS,spurs,49,18,115,0,1610612766,Hornets,Charlotte,CHA,hornets,34,34,102,0,2025-26,00,2,Regular Season
2026-03-14,0022500974,20260314/DENLAL,3,Final/OT,6,2026-03-14T00:00:00Z,1900-01-01T20:30:00Z,2026-03-14T20:30:00Z,2026-03-14T04:00:00Z,1900-01-01T00:30:00Z,2026-03-15T00:30:00Z,2026-03-14T18:30:00Z,2026-03-14T17:30:00Z,Sat,3,21,Week 21,false,"","","","",Crypto.com Arena,CA,Los Angeles,N,"","",FALSE,1610612747,Lakers,Los Angeles,LAL,lakers,42,25,127,0,1610612743,Nuggets,Denver,DEN,nuggets,41,27,125,0,2025-26,00,2,Regular Season
2026-03-14,0022500975,20260314/SACLAC,3,Final,7,2026-03-14T00:00:00Z,1900-01-01T22:30:00Z,2026-03-14T22:30:00Z,2026-03-14T04:00:00Z,1900-01-01T02:30:00Z,2026-03-15T02:30:00Z,2026-03-14T19:30:00Z,2026-03-14T19:30:00Z,Sat,3,21,Week 21,false,"","","","",Intuit Dome,CA,Inglewood,N,"","",FALSE,1610612746,Clippers,LA,LAC,clippers,34,33,109,0,1610612758,Kings,Sacramento,SAC,kings,17,51,118,0,2025-26,00,2,Regular Season
2026-03-15,0022500976,20260315/MINOKC,3,Final,1,2026-03-15T00:00:00Z,1900-01-01T13:00:00Z,2026-03-15T13:00:00Z,2026-03-15T04:00:00Z,1900-01-01T17:00:00Z,2026-03-15T17:00:00Z,2026-03-15T12:00:00Z,2026-03-15T12:00:00Z,Sun,3,21,Week 21,false,"","","","",Paycom Center,OK,Oklahoma City,N,"","",FALSE,1610612760,Thunder,Oklahoma City,OKC,thunder,53,15,116,0,1610612750,Timberwolves,Minnesota,MIN,timberwolves,41,27,103,0,2025-26,00,2,Regular Season
2026-03-15,0022500977,20260315/DALCLE,3,Final,2,2026-03-15T00:00:00Z,1900-01-01T15:30:00Z,2026-03-15T15:30:00Z,2026-03-15T04:00:00Z,1900-01-01T19:30:00Z,2026-03-15T19:30:00Z,2026-03-15T14:30:00Z,2026-03-15T15:30:00Z,Sun,3,21,Week 21,false,"","","","",Rocket Arena,OH,Cleveland,N,"","",FALSE,1610612739,Cavaliers,Cleveland,CLE,cavaliers,41,27,120,0,1610612742,Mavericks,Dallas,DAL,mavericks,23,45,130,0,2025-26,00,2,Regular Season
2026-03-15,0022500978,20260315/DETTOR,3,Final,3,2026-03-15T00:00:00Z,1900-01-01T15:30:00Z,2026-03-15T15:30:00Z,2026-03-15T04:00:00Z,1900-01-01T19:30:00Z,2026-03-15T19:30:00Z,2026-03-15T15:30:00Z,2026-03-15T15:30:00Z,Sun,3,21,Week 21,false,"","","","",Scotiabank Arena,ON,Toronto,N,"","",FALSE,1610612761,Raptors,Toronto,TOR,raptors,38,29,119,0,1610612765,Pistons,Detroit,DET,pistons,48,19,108,0,2025-26,00,2,Regular Season
2026-03-15,0022500979,20260315/INDMIL,3,Final,4,2026-03-15T00:00:00Z,1900-01-01T15:30:00Z,2026-03-15T15:30:00Z,2026-03-15T04:00:00Z,1900-01-01T19:30:00Z,2026-03-15T19:30:00Z,2026-03-15T15:30:00Z,2026-03-15T14:30:00Z,Sun,3,21,Week 21,false,"","","","",Fiserv Forum,WI,Milwaukee,N,"","",FALSE,1610612749,Bucks,Milwaukee,MIL,bucks,28,39,134,0,1610612754,Pacers,Indiana,IND,pacers,15,53,123,0,2025-26,00,2,Regular Season
2026-03-15,0022500980,20260315/PORPHI,3,Final,5,2026-03-15T00:00:00Z,1900-01-01T18:00:00Z,2026-03-15T18:00:00Z,2026-03-15T04:00:00Z,1900-01-01T22:00:00Z,2026-03-15T22:00:00Z,2026-03-15T15:00:00Z,2026-03-15T18:00:00Z,Sun,3,21,Week 21,false,"","","","",Xfinity Mobile Arena,PA,Philadelphia,N,"","",FALSE,1610612755,76ers,Philadelphia,PHI,sixers,37,31,109,0,1610612757,Trail Blazers,Portland,POR,blazers,32,36,103,0,2025-26,00,2,Regular Season
2026-03-15,0022500981,20260315/GSWNYK,3,Final,6,2026-03-15T00:00:00Z,1900-01-01T20:00:00Z,2026-03-15T20:00:00Z,2026-03-15T04:00:00Z,1900-01-01T00:00:00Z,2026-03-16T00:00:00Z,2026-03-15T17:00:00Z,2026-03-15T20:00:00Z,Sun,3,21,Week 21,false,"","","","",Madison Square Garden,NY,New York,N,"","",FALSE,1610612752,Knicks,New York,NYK,knicks,44,25,110,0,1610612744,Warriors,Golden State,GSW,warriors,32,35,107,0,2025-26,00,2,Regular Season
2026-03-15,0022500982,20260315/UTASAC,3,Final,7,2026-03-15T00:00:00Z,1900-01-01T22:00:00Z,2026-03-15T22:00:00Z,2026-03-15T04:00:00Z,1900-01-01T02:00:00Z,2026-03-16T02:00:00Z,2026-03-15T20:00:00Z,2026-03-15T19:00:00Z,Sun,3,21,Week 21,false,"","","","",Golden 1 Center,CA,Sacramento,N,"","",FALSE,1610612758,Kings,Sacramento,SAC,kings,18,51,116,0,1610612762,Jazz,Utah,UTA,jazz,20,48,111,0,2025-26,00,2,Regular Season
2026-03-16,0022500983,20260316/ORLATL,3,Final,1,2026-03-16T00:00:00Z,1900-01-01T19:00:00Z,2026-03-16T19:00:00Z,2026-03-16T04:00:00Z,1900-01-01T23:00:00Z,2026-03-16T23:00:00Z,2026-03-16T19:00:00Z,2026-03-16T19:00:00Z,Mon,3,22,Week 22,false,"","","","",State Farm Arena,GA,Atlanta,N,"","",FALSE,1610612737,Hawks,Atlanta,ATL,hawks,37,31,124,0,1610612753,Magic,Orlando,ORL,magic,38,29,112,0,2025-26,00,2,Regular Season
2026-03-16,0022500984,20260316/GSWWAS,3,Final,2,2026-03-16T00:00:00Z,1900-01-01T19:00:00Z,2026-03-16T19:00:00Z,2026-03-16T04:00:00Z,1900-01-01T23:00:00Z,2026-03-16T23:00:00Z,2026-03-16T16:00:00Z,2026-03-16T19:00:00Z,Mon,3,22,Week 22,false,"","","","",Capital One Arena,DC,Washington,N,"","",FALSE,1610612764,Wizards,Washington,WAS,wizards,16,51,117,0,1610612744,Warriors,Golden State,GSW,warriors,33,35,125,0,2025-26,00,2,Regular Season
2026-03-16,0022500985,20260316/PORBKN,3,Final,3,2026-03-16T00:00:00Z,1900-01-01T19:30:00Z,2026-03-16T19:30:00Z,2026-03-16T04:00:00Z,1900-01-01T23:30:00Z,2026-03-16T23:30:00Z,2026-03-16T16:30:00Z,2026-03-16T19:30:00Z,Mon,3,22,Week 22,false,"","","","",Barclays Center,NY,Brooklyn,N,"","",FALSE,1610612751,Nets,Brooklyn,BKN,nets,17,51,95,0,1610612757,Trail Blazers,Portland,POR,blazers,33,36,114,0,2025-26,00,2,Regular Season
2026-03-16,0022500986,20260316/PHXBOS,3,Final,4,2026-03-16T00:00:00Z,1900-01-01T19:30:00Z,2026-03-16T19:30:00Z,2026-03-16T04:00:00Z,1900-01-01T23:30:00Z,2026-03-16T23:30:00Z,2026-03-16T16:30:00Z,2026-03-16T19:30:00Z,Mon,3,22,Week 22,false,"","","","",TD Garden,MA,Boston,N,"","",FALSE,1610612738,Celtics,Boston,BOS,celtics,45,23,120,0,1610612756,Suns,Phoenix,PHX,suns,39,29,112,0,2025-26,00,2,Regular Season
2026-03-16,0022500987,20260316/MEMCHI,3,Final,5,2026-03-16T00:00:00Z,1900-01-01T20:00:00Z,2026-03-16T20:00:00Z,2026-03-16T04:00:00Z,1900-01-01T00:00:00Z,2026-03-17T00:00:00Z,2026-03-16T19:00:00Z,2026-03-16T19:00:00Z,Mon,3,22,Week 22,false,"","","","",United Center,IL,Chicago,N,"","",FALSE,1610612741,Bulls,Chicago,CHI,bulls,28,40,132,0,1610612763,Grizzlies,Memphis,MEM,grizzlies,23,44,107,0,2025-26,00,2,Regular Season
2026-03-16,0022500988,20260316/DALNOP,3,Final,6,2026-03-16T00:00:00Z,1900-01-01T20:00:00Z,2026-03-16T20:00:00Z,2026-03-16T04:00:00Z,1900-01-01T00:00:00Z,2026-03-17T00:00:00Z,2026-03-16T19:00:00Z,2026-03-16T19:00:00Z,Mon,3,22,Week 22,false,"","","","",Smoothie King Center,LA,New Orleans,N,"","",FALSE,1610612740,Pelicans,New Orleans,NOP,pelicans,23,46,129,0,1610612742,Mavericks,Dallas,DAL,mavericks,23,46,111,0,2025-26,00,2,Regular Season
2026-03-16,0022500989,20260316/LALHOU,3,Final,7,2026-03-16T00:00:00Z,1900-01-01T21:30:00Z,2026-03-16T21:30:00Z,2026-03-16T04:00:00Z,1900-01-01T01:30:00Z,2026-03-17T01:30:00Z,2026-03-16T18:30:00Z,2026-03-16T20:30:00Z,Mon,3,22,Week 22,false,"","","","",Toyota Center,TX,Houston,N,"","",FALSE,1610612745,Rockets,Houston,HOU,rockets,41,26,92,0,1610612747,Lakers,Los Angeles,LAL,lakers,43,25,100,0,2025-26,00,2,Regular Season
2026-03-16,0022500990,20260316/SASLAC,3,Final,8,2026-03-16T00:00:00Z,1900-01-01T22:00:00Z,2026-03-16T22:00:00Z,2026-03-16T04:00:00Z,1900-01-01T02:00:00Z,2026-03-17T02:00:00Z,2026-03-16T21:00:00Z,2026-03-16T19:00:00Z,Mon,3,22,Week 22,false,"","","","",Intuit Dome,CA,Inglewood,N,"","",FALSE,1610612746,Clippers,LA,LAC,clippers,34,34,115,0,1610612759,Spurs,San Antonio,SAS,spurs,50,18,119,0,2025-26,00,2,Regular Season
2026-03-17,0022500991,20260317/MIACHA,3,Final,1,2026-03-17T00:00:00Z,1900-01-01T19:00:00Z,2026-03-17T19:00:00Z,2026-03-17T04:00:00Z,1900-01-01T23:00:00Z,2026-03-17T23:00:00Z,2026-03-17T19:00:00Z,2026-03-17T19:00:00Z,Tue,3,22,Week 22,false,"","","","",Spectrum Center,NC,Charlotte,N,"","",FALSE,1610612766,Hornets,Charlotte,CHA,hornets,35,34,136,0,1610612748,Heat,Miami,MIA,heat,38,31,106,0,2025-26,00,2,Regular Season
2026-03-17,0022500992,20260317/OKCORL,3,Final,2,2026-03-17T00:00:00Z,1900-01-01T19:00:00Z,2026-03-17T19:00:00Z,2026-03-17T04:00:00Z,1900-01-01T23:00:00Z,2026-03-17T23:00:00Z,2026-03-17T18:00:00Z,2026-03-17T19:00:00Z,Tue,3,22,Week 22,false,"","","","",Kia Center,FL,Orlando,N,"","",FALSE,1610612753,Magic,Orlando,ORL,magic,38,30,108,0,1610612760,Thunder,Oklahoma City,OKC,thunder,54,15,113,0,2025-26,00,2,Regular Season
2026-03-17,0022500993,20260317/DETWAS,3,Final,3,2026-03-17T00:00:00Z,1900-01-01T19:00:00Z,2026-03-17T19:00:00Z,2026-03-17T04:00:00Z,1900-01-01T23:00:00Z,2026-03-17T23:00:00Z,2026-03-17T19:00:00Z,2026-03-17T19:00:00Z,Tue,3,22,Week 22,false,"","","","",Capital One Arena,DC,Washington,N,"","",FALSE,1610612764,Wizards,Washington,WAS,wizards,16,52,117,0,1610612765,Pistons,Detroit,DET,pistons,49,19,130,0,2025-26,00,2,Regular Season
2026-03-17,0022500994,20260317/INDNYK,3,Final,4,2026-03-17T00:00:00Z,1900-01-01T19:30:00Z,2026-03-17T19:30:00Z,2026-03-17T04:00:00Z,1900-01-01T23:30:00Z,2026-03-17T23:30:00Z,2026-03-17T19:30:00Z,2026-03-17T19:30:00Z,Tue,3,22,Week 22,false,"","","","",Madison Square Garden,NY,New York,N,"","",FALSE,1610612752,Knicks,New York,NYK,knicks,45,25,136,0,1610612754,Pacers,Indiana,IND,pacers,15,54,110,0,2025-26,00,2,Regular Season
2026-03-17,0022500995,20260317/CLEMIL,3,Final,5,2026-03-17T00:00:00Z,1900-01-01T20:00:00Z,2026-03-17T20:00:00Z,2026-03-17T04:00:00Z,1900-01-01T00:00:00Z,2026-03-18T00:00:00Z,2026-03-17T20:00:00Z,2026-03-17T19:00:00Z,Tue,3,22,Week 22,false,"","","","",Fiserv Forum,WI,Milwaukee,N,"","",FALSE,1610612749,Bucks,Milwaukee,MIL,bucks,28,40,116,0,1610612739,Cavaliers,Cleveland,CLE,cavaliers,42,27,123,0,2025-26,00,2,Regular Season
2026-03-17,0022500996,20260317/PHXMIN,3,Final,6,2026-03-17T00:00:00Z,1900-01-01T20:00:00Z,2026-03-17T20:00:00Z,2026-03-17T04:00:00Z,1900-01-01T00:00:00Z,2026-03-18T00:00:00Z,2026-03-17T17:00:00Z,2026-03-17T19:00:00Z,Tue,3,22,Week 22,false,"","","","",Target Center,MN,Minneapolis,N,"","",FALSE,1610612750,Timberwolves,Minnesota,MIN,timberwolves,42,27,116,0,1610612756,Suns,Phoenix,PHX,suns,39,30,104,0,2025-26,00,2,Regular Season
2026-03-17,0022500997,20260317/PHIDEN,3,Final,7,2026-03-17T00:00:00Z,1900-01-01T22:00:00Z,2026-03-17T22:00:00Z,2026-03-17T04:00:00Z,1900-01-01T02:00:00Z,2026-03-18T02:00:00Z,2026-03-17T22:00:00Z,2026-03-17T20:00:00Z,Tue,3,22,Week 22,false,"","","","",Ball Arena,CO,Denver,N,"","",FALSE,1610612743,Nuggets,Denver,DEN,nuggets,42,27,124,0,1610612755,76ers,Philadelphia,PHI,sixers,37,32,96,0,2025-26,00,2,Regular Season
2026-03-17,0022500998,20260317/SASSAC,3,Final,8,2026-03-17T00:00:00Z,1900-01-01T22:00:00Z,2026-03-17T22:00:00Z,2026-03-17T04:00:00Z,1900-01-01T02:00:00Z,2026-03-18T02:00:00Z,2026-03-17T21:00:00Z,2026-03-17T19:00:00Z,Tue,3,22,Week 22,false,"","","","",Golden 1 Center,CA,Sacramento,N,"","",FALSE,1610612758,Kings,Sacramento,SAC,kings,18,52,104,0,1610612759,Spurs,San Antonio,SAS,spurs,51,18,132,0,2025-26,00,2,Regular Season
2026-03-18,0022500651,20260318/DENMEM,3,Final,7,2026-03-18T00:00:00Z,1900-01-01T20:30:00Z,2026-03-18T20:30:00Z,2026-03-18T04:00:00Z,1900-01-01T00:30:00Z,2026-03-19T00:30:00Z,2026-03-18T18:30:00Z,2026-03-18T19:30:00Z,Wed,3,22,Week 22,false,"","","","",FedExForum,TN,Memphis,N,"","",FALSE,1610612763,Grizzlies,Memphis,MEM,grizzlies,24,44,125,0,1610612743,Nuggets,Denver,DEN,nuggets,42,28,118,0,2025-26,00,2,Regular Season
2026-03-18,0022500999,20260318/GSWBOS,3,Final,1,2026-03-18T00:00:00Z,1900-01-01T19:00:00Z,2026-03-18T19:00:00Z,2026-03-18T04:00:00Z,1900-01-01T23:00:00Z,2026-03-18T23:00:00Z,2026-03-18T16:00:00Z,2026-03-18T19:00:00Z,Wed,3,22,Week 22,false,"","","","",TD Garden,MA,Boston,N,"","",FALSE,1610612738,Celtics,Boston,BOS,celtics,46,23,120,0,1610612744,Warriors,Golden State,GSW,warriors,33,36,99,0,2025-26,00,2,Regular Season
2026-03-18,0022501000,20260318/OKCBKN,3,Final,2,2026-03-18T00:00:00Z,1900-01-01T19:30:00Z,2026-03-18T19:30:00Z,2026-03-18T04:00:00Z,1900-01-01T23:30:00Z,2026-03-18T23:30:00Z,2026-03-18T18:30:00Z,2026-03-18T19:30:00Z,Wed,3,22,Week 22,false,"","","","",Barclays Center,NY,Brooklyn,N,"","",FALSE,1610612751,Nets,Brooklyn,BKN,nets,17,52,92,0,1610612760,Thunder,Oklahoma City,OKC,thunder,55,15,121,0,2025-26,00,2,Regular Season
2026-03-18,0022501001,20260318/PORIND,3,Final,3,2026-03-18T00:00:00Z,1900-01-01T19:30:00Z,2026-03-18T19:30:00Z,2026-03-18T04:00:00Z,1900-01-01T23:30:00Z,2026-03-18T23:30:00Z,2026-03-18T16:30:00Z,2026-03-18T19:30:00Z,Wed,3,22,Week 22,false,"","","","",Gainbridge Fieldhouse,IN,Indianapolis,N,"","",FALSE,1610612754,Pacers,Indiana,IND,pacers,15,55,119,0,1610612757,Trail Blazers,Portland,POR,blazers,34,36,127,0,2025-26,00,2,Regular Season
2026-03-18,0022501002,20260318/TORCHI,3,Final,4,2026-03-18T00:00:00Z,1900-01-01T20:00:00Z,2026-03-18T20:00:00Z,2026-03-18T04:00:00Z,1900-01-01T00:00:00Z,2026-03-19T00:00:00Z,2026-03-18T20:00:00Z,2026-03-18T19:00:00Z,Wed,3,22,Week 22,false,"","","","",United Center,IL,Chicago,N,"","",FALSE,1610612741,Bulls,Chicago,CHI,bulls,28,41,109,0,1610612761,Raptors,Toronto,TOR,raptors,39,29,139,0,2025-26,00,2,Regular Season
2026-03-18,0022501004,20260318/UTAMIN,3,Final,5,2026-03-18T00:00:00Z,1900-01-01T20:00:00Z,2026-03-18T20:00:00Z,2026-03-18T04:00:00Z,1900-01-01T00:00:00Z,2026-03-19T00:00:00Z,2026-03-18T18:00:00Z,2026-03-18T19:00:00Z,Wed,3,22,Week 22,false,"","","","",Target Center,MN,Minneapolis,N,"","",FALSE,1610612750,Timberwolves,Minnesota,MIN,timberwolves,43,27,147,0,1610612762,Jazz,Utah,UTA,jazz,20,49,111,0,2025-26,00,2,Regular Season
2026-03-18,0022501005,20260318/LACNOP,3,Final,6,2026-03-18T00:00:00Z,1900-01-01T20:00:00Z,2026-03-18T20:00:00Z,2026-03-18T04:00:00Z,1900-01-01T00:00:00Z,2026-03-19T00:00:00Z,2026-03-18T17:00:00Z,2026-03-18T19:00:00Z,Wed,3,22,Week 22,false,"","","","",Smoothie King Center,LA,New Orleans,N,"","",FALSE,1610612740,Pelicans,New Orleans,NOP,pelicans,24,46,124,0,1610612746,Clippers,LA,LAC,clippers,34,35,109,0,2025-26,00,2,Regular Season
2026-03-18,0022501006,20260318/ATLDAL,3,Final,8,2026-03-18T00:00:00Z,1900-01-01T20:30:00Z,2026-03-18T20:30:00Z,2026-03-18T04:00:00Z,1900-01-01T00:30:00Z,2026-03-19T00:30:00Z,2026-03-18T20:30:00Z,2026-03-18T19:30:00Z,Wed,3,22,Week 22,false,"","","","",American Airlines Center,TX,Dallas,N,"","",FALSE,1610612742,Mavericks,Dallas,DAL,mavericks,23,47,120,0,1610612737,Hawks,Atlanta,ATL,hawks,38,31,135,0,2025-26,00,2,Regular Season
2026-03-18,0022501007,20260318/LALHOU,3,Final,9,2026-03-18T00:00:00Z,1900-01-01T21:30:00Z,2026-03-18T21:30:00Z,2026-03-18T04:00:00Z,1900-01-01T01:30:00Z,2026-03-19T01:30:00Z,2026-03-18T18:30:00Z,2026-03-18T20:30:00Z,Wed,3,22,Week 22,false,"","","","",Toyota Center,TX,Houston,N,"","",FALSE,1610612745,Rockets,Houston,HOU,rockets,41,27,116,0,1610612747,Lakers,Los Angeles,LAL,lakers,44,25,124,0,2025-26,00,2,Regular Season
2026-03-19,0022501008,20260319/ORLCHA,3,Final,1,2026-03-19T00:00:00Z,1900-01-01T19:00:00Z,2026-03-19T19:00:00Z,2026-03-19T04:00:00Z,1900-01-01T23:00:00Z,2026-03-19T23:00:00Z,2026-03-19T19:00:00Z,2026-03-19T19:00:00Z,Thu,3,22,Week 22,false,"","","","",Spectrum Center,NC,Charlotte,N,"","",FALSE,1610612766,Hornets,Charlotte,CHA,hornets,36,34,130,0,1610612753,Magic,Orlando,ORL,magic,38,31,111,0,2025-26,00,2,Regular Season
2026-03-19,0022501009,20260319/DETWAS,3,Final,2,2026-03-19T00:00:00Z,1900-01-01T19:00:00Z,2026-03-19T19:00:00Z,2026-03-19T04:00:00Z,1900-01-01T23:00:00Z,2026-03-19T23:00:00Z,2026-03-19T19:00:00Z,2026-03-19T19:00:00Z,Thu,3,22,Week 22,false,"","","","",Capital One Arena,DC,Washington,N,"","",FALSE,1610612764,Wizards,Washington,WAS,wizards,16,53,95,0,1610612765,Pistons,Detroit,DET,pistons,50,19,117,0,2025-26,00,2,Regular Season
2026-03-19,0022501010,20260319/LALMIA,3,Final,3,2026-03-19T00:00:00Z,1900-01-01T20:00:00Z,2026-03-19T20:00:00Z,2026-03-19T04:00:00Z,1900-01-01T00:00:00Z,2026-03-20T00:00:00Z,2026-03-19T17:00:00Z,2026-03-19T20:00:00Z,Thu,3,22,Week 22,false,"","","","",Kaseya Center,FL,Miami,N,"","",FALSE,1610612748,Heat,Miami,MIA,heat,38,32,126,0,1610612747,Lakers,Los Angeles,LAL,lakers,45,25,134,0,2025-26,00,2,Regular Season
2026-03-19,0022501011,20260319/CLECHI,3,Final,4,2026-03-19T00:00:00Z,1900-01-01T20:00:00Z,2026-03-19T20:00:00Z,2026-03-19T04:00:00Z,1900-01-01T00:00:00Z,2026-03-20T00:00:00Z,2026-03-19T20:00:00Z,2026-03-19T19:00:00Z,Thu,3,22,Week 22,false,"","","","",United Center,IL,Chicago,N,"","",FALSE,1610612741,Bulls,Chicago,CHI,bulls,28,42,110,0,1610612739,Cavaliers,Cleveland,CLE,cavaliers,43,27,115,0,2025-26,00,2,Regular Season
2026-03-19,0022501012,20260319/LACNOP,3,Final,5,2026-03-19T00:00:00Z,1900-01-01T20:00:00Z,2026-03-19T20:00:00Z,2026-03-19T04:00:00Z,1900-01-01T00:00:00Z,2026-03-20T00:00:00Z,2026-03-19T17:00:00Z,2026-03-19T19:00:00Z,Thu,3,22,Week 22,false,"","","","",Smoothie King Center,LA,New Orleans,N,"","",FALSE,1610612740,Pelicans,New Orleans,NOP,pelicans,25,46,105,0,1610612746,Clippers,LA,LAC,clippers,34,36,99,0,2025-26,00,2,Regular Season
2026-03-19,0022501013,20260319/PHXSAS,3,Final,6,2026-03-19T00:00:00Z,1900-01-01T20:00:00Z,2026-03-19T20:00:00Z,2026-03-19T04:00:00Z,1900-01-01T00:00:00Z,2026-03-20T00:00:00Z,2026-03-19T17:00:00Z,2026-03-19T19:00:00Z,Thu,3,22,Week 22,false,"","","","",Frost Bank Center,TX,San Antonio,N,"","",FALSE,1610612759,Spurs,San Antonio,SAS,spurs,52,18,101,0,1610612756,Suns,Phoenix,PHX,suns,39,31,100,0,2025-26,00,2,Regular Season
2026-03-19,0022501014,20260319/MILUTA,3,Final,7,2026-03-19T00:00:00Z,1900-01-01T21:00:00Z,2026-03-19T21:00:00Z,2026-03-19T04:00:00Z,1900-01-01T01:00:00Z,2026-03-20T01:00:00Z,2026-03-19T20:00:00Z,2026-03-19T19:00:00Z,Thu,3,22,Week 22,false,"","","","",Delta Center,UT,Salt Lake City,N,"","",FALSE,1610612762,Jazz,Utah,UTA,jazz,21,49,128,0,1610612749,Bucks,Milwaukee,MIL,bucks,28,41,96,0,2025-26,00,2,Regular Season
2026-03-19,0022501015,20260319/PHISAC,3,Final,8,2026-03-19T00:00:00Z,1900-01-01T22:00:00Z,2026-03-19T22:00:00Z,2026-03-19T04:00:00Z,1900-01-01T02:00:00Z,2026-03-20T02:00:00Z,2026-03-19T22:00:00Z,2026-03-19T19:00:00Z,Thu,3,22,Week 22,false,"","","","",Golden 1 Center,CA,Sacramento,N,"","",FALSE,1610612758,Kings,Sacramento,SAC,kings,18,53,118,0,1610612755,76ers,Philadelphia,PHI,sixers,38,32,139,0,2025-26,00,2,Regular Season
2026-03-20,0022501016,20260320/NYKBKN,3,Final,1,2026-03-20T00:00:00Z,1900-01-01T19:30:00Z,2026-03-20T19:30:00Z,2026-03-20T04:00:00Z,1900-01-01T23:30:00Z,2026-03-20T23:30:00Z,2026-03-20T19:30:00Z,2026-03-20T19:30:00Z,Fri,3,22,Week 22,false,"","","","",Barclays Center,NY,Brooklyn,N,"","",FALSE,1610612751,Nets,Brooklyn,BKN,nets,17,53,92,0,1610612752,Knicks,New York,NYK,knicks,46,25,93,0,2025-26,00,2,Regular Season
2026-03-20,0022501017,20260320/GSWDET,3,Final,2,2026-03-20T00:00:00Z,1900-01-01T19:30:00Z,2026-03-20T19:30:00Z,2026-03-20T04:00:00Z,1900-01-01T23:30:00Z,2026-03-20T23:30:00Z,2026-03-20T16:30:00Z,2026-03-20T19:30:00Z,Fri,3,22,Week 22,false,"","","","",Little Caesars Arena,MI,Detroit,N,"","",FALSE,1610612765,Pistons,Detroit,DET,pistons,51,19,115,0,1610612744,Warriors,Golden State,GSW,warriors,33,37,101,0,2025-26,00,2,Regular Season
2026-03-20,0022501018,20260320/ATLHOU,3,Final,3,2026-03-20T00:00:00Z,1900-01-01T20:00:00Z,2026-03-20T20:00:00Z,2026-03-20T04:00:00Z,1900-01-01T00:00:00Z,2026-03-21T00:00:00Z,2026-03-20T20:00:00Z,2026-03-20T19:00:00Z,Fri,3,22,Week 22,false,"","","","",Toyota Center,TX,Houston,N,"","",FALSE,1610612745,Rockets,Houston,HOU,rockets,42,27,117,0,1610612737,Hawks,Atlanta,ATL,hawks,38,32,95,0,2025-26,00,2,Regular Season
2026-03-20,0022501019,20260320/BOSMEM,3,Final,4,2026-03-20T00:00:00Z,1900-01-01T20:00:00Z,2026-03-20T20:00:00Z,2026-03-20T04:00:00Z,1900-01-01T00:00:00Z,2026-03-21T00:00:00Z,2026-03-20T20:00:00Z,2026-03-20T19:00:00Z,Fri,3,22,Week 22,false,"","","","",FedExForum,TN,Memphis,N,"","",FALSE,1610612763,Grizzlies,Memphis,MEM,grizzlies,24,45,112,0,1610612738,Celtics,Boston,BOS,celtics,47,23,117,0,2025-26,00,2,Regular Season
2026-03-20,0022501020,20260320/PORMIN,3,Final,5,2026-03-20T00:00:00Z,1900-01-01T20:00:00Z,2026-03-20T20:00:00Z,2026-03-20T04:00:00Z,1900-01-01T00:00:00Z,2026-03-21T00:00:00Z,2026-03-20T17:00:00Z,2026-03-20T19:00:00Z,Fri,3,22,Week 22,false,"","","","",Target Center,MN,Minneapolis,N,"","",FALSE,1610612750,Timberwolves,Minnesota,MIN,timberwolves,43,28,104,0,1610612757,Trail Blazers,Portland,POR,blazers,35,36,108,0,2025-26,00,2,Regular Season
2026-03-20,0022501021,20260320/TORDEN,3,Final,6,2026-03-20T00:00:00Z,1900-01-01T21:00:00Z,2026-03-20T21:00:00Z,2026-03-20T04:00:00Z,1900-01-01T01:00:00Z,2026-03-21T01:00:00Z,2026-03-20T21:00:00Z,2026-03-20T19:00:00Z,Fri,3,22,Week 22,false,"","","","",Ball Arena,CO,Denver,N,"","",FALSE,1610612743,Nuggets,Denver,DEN,nuggets,43,28,121,0,1610612761,Raptors,Toronto,TOR,raptors,39,30,115,0,2025-26,00,2,Regular Season
2026-03-21,0022501022,20260321/OKCWAS,3,Final,1,2026-03-21T00:00:00Z,1900-01-01T17:00:00Z,2026-03-21T17:00:00Z,2026-03-21T04:00:00Z,1900-01-01T21:00:00Z,2026-03-21T21:00:00Z,2026-03-21T16:00:00Z,2026-03-21T17:00:00Z,Sat,3,22,Week 22,false,"","","","",Capital One Arena,DC,Washington,N,"","",FALSE,1610612764,Wizards,Washington,WAS,wizards,16,54,111,0,1610612760,Thunder,Oklahoma City,OKC,thunder,56,15,132,0,2025-26,00,2,Regular Season
2026-03-21,0022501023,20260321/MEMCHA,3,Final,2,2026-03-21T00:00:00Z,1900-01-01T19:00:00Z,2026-03-21T19:00:00Z,2026-03-21T04:00:00Z,1900-01-01T23:00:00Z,2026-03-21T23:00:00Z,2026-03-21T18:00:00Z,2026-03-21T19:00:00Z,Sat,3,22,Week 22,false,"","","","",Spectrum Center,NC,Charlotte,N,"","",FALSE,1610612766,Hornets,Charlotte,CHA,hornets,37,34,124,0,1610612763,Grizzlies,Memphis,MEM,grizzlies,24,46,101,0,2025-26,00,2,Regular Season
2026-03-21,0022501024,20260321/LALORL,3,Final,3,2026-03-21T00:00:00Z,1900-01-01T19:00:00Z,2026-03-21T19:00:00Z,2026-03-21T04:00:00Z,1900-01-01T23:00:00Z,2026-03-21T23:00:00Z,2026-03-21T16:00:00Z,2026-03-21T19:00:00Z,Sat,3,22,Week 22,false,"","","","",Kia Center,FL,Orlando,N,"","",FALSE,1610612753,Magic,Orlando,ORL,magic,38,32,104,0,1610612747,Lakers,Los Angeles,LAL,lakers,46,25,105,0,2025-26,00,2,Regular Season
2026-03-21,0022501025,20260321/CLENOP,3,Final,4,2026-03-21T00:00:00Z,1900-01-01T19:00:00Z,2026-03-21T19:00:00Z,2026-03-21T04:00:00Z,1900-01-01T23:00:00Z,2026-03-21T23:00:00Z,2026-03-21T19:00:00Z,2026-03-21T18:00:00Z,Sat,3,22,Week 22,false,"","","","",Smoothie King Center,LA,New Orleans,N,"","",FALSE,1610612740,Pelicans,New Orleans,NOP,pelicans,25,47,106,0,1610612739,Cavaliers,Cleveland,CLE,cavaliers,44,27,111,0,2025-26,00,2,Regular Season
2026-03-21,0022501026,20260321/GSWATL,3,Final,5,2026-03-21T00:00:00Z,1900-01-01T20:00:00Z,2026-03-21T20:00:00Z,2026-03-21T04:00:00Z,1900-01-01T00:00:00Z,2026-03-22T00:00:00Z,2026-03-21T17:00:00Z,2026-03-21T20:00:00Z,Sat,3,22,Week 22,false,"","","","",State Farm Arena,GA,Atlanta,N,"","",FALSE,1610612737,Hawks,Atlanta,ATL,hawks,39,32,126,0,1610612744,Warriors,Golden State,GSW,warriors,33,38,110,0,2025-26,00,2,Regular Season
2026-03-21,0022501027,20260321/MIAHOU,3,Final,6,2026-03-21T00:00:00Z,1900-01-01T20:00:00Z,2026-03-21T20:00:00Z,2026-03-21T04:00:00Z,1900-01-01T00:00:00Z,2026-03-22T00:00:00Z,2026-03-21T20:00:00Z,2026-03-21T19:00:00Z,Sat,3,22,Week 22,false,"","","","",Toyota Center,TX,Houston,N,"","",FALSE,1610612745,Rockets,Houston,HOU,rockets,43,27,123,0,1610612748,Heat,Miami,MIA,heat,38,33,122,0,2025-26,00,2,Regular Season
2026-03-21,0022501028,20260321/INDSAS,3,Final,7,2026-03-21T00:00:00Z,1900-01-01T20:00:00Z,2026-03-21T20:00:00Z,2026-03-21T04:00:00Z,1900-01-01T00:00:00Z,2026-03-22T00:00:00Z,2026-03-21T20:00:00Z,2026-03-21T19:00:00Z,Sat,3,22,Week 22,false,"","","","",Frost Bank Center,TX,San Antonio,N,"","",FALSE,1610612759,Spurs,San Antonio,SAS,spurs,53,18,134,0,1610612754,Pacers,Indiana,IND,pacers,15,56,119,0,2025-26,00,2,Regular Season
2026-03-21,0022501029,20260321/LACDAL,3,Final/OT,8,2026-03-21T00:00:00Z,1900-01-01T20:30:00Z,2026-03-21T20:30:00Z,2026-03-21T04:00:00Z,1900-01-01T00:30:00Z,2026-03-22T00:30:00Z,2026-03-21T17:30:00Z,2026-03-21T19:30:00Z,Sat,3,22,Week 22,false,"","","","",American Airlines Center,TX,Dallas,N,"","",FALSE,1610612742,Mavericks,Dallas,DAL,mavericks,23,48,131,0,1610612746,Clippers,LA,LAC,clippers,35,36,138,0,2025-26,00,2,Regular Season
2026-03-21,0022501030,20260321/PHIUTA,3,Final,9,2026-03-21T00:00:00Z,1900-01-01T21:30:00Z,2026-03-21T21:30:00Z,2026-03-21T04:00:00Z,1900-01-01T01:30:00Z,2026-03-22T01:30:00Z,2026-03-21T21:30:00Z,2026-03-21T19:30:00Z,Sat,3,22,Week 22,false,"","","","",Delta Center,UT,Salt Lake City,N,"","",FALSE,1610612762,Jazz,Utah,UTA,jazz,21,50,116,0,1610612755,76ers,Philadelphia,PHI,sixers,39,32,126,0,2025-26,00,2,Regular Season
2026-03-21,0022501031,20260321/MILPHX,3,Final,10,2026-03-21T00:00:00Z,1900-01-01T22:00:00Z,2026-03-21T22:00:00Z,2026-03-21T04:00:00Z,1900-01-01T02:00:00Z,2026-03-22T02:00:00Z,2026-03-21T21:00:00Z,2026-03-21T19:00:00Z,Sat,3,22,Week 22,false,"","","","",Mortgage Matchup Center,AZ,Phoenix,N,"","",FALSE,1610612756,Suns,Phoenix,PHX,suns,39,32,105,0,1610612749,Bucks,Milwaukee,MIL,bucks,29,41,108,0,2025-26,00,2,Regular Season
2026-03-22,0022501032,20260322/PORDEN,3,Final,1,2026-03-22T00:00:00Z,1900-01-01T17:00:00Z,2026-03-22T17:00:00Z,2026-03-22T04:00:00Z,1900-01-01T21:00:00Z,2026-03-22T21:00:00Z,2026-03-22T14:00:00Z,2026-03-22T15:00:00Z,Sun,3,22,Week 22,false,"","","","",Ball Arena,CO,Denver,N,"","",FALSE,1610612743,Nuggets,Denver,DEN,nuggets,44,28,128,0,1610612757,Trail Blazers,Portland,POR,blazers,35,37,112,0,2025-26,00,2,Regular Season
2026-03-22,0022501033,20260322/BKNSAC,3,Final,2,2026-03-22T00:00:00Z,1900-01-01T18:00:00Z,2026-03-22T18:00:00Z,2026-03-22T04:00:00Z,1900-01-01T22:00:00Z,2026-03-22T22:00:00Z,2026-03-22T18:00:00Z,2026-03-22T15:00:00Z,Sun,3,22,Week 22,false,"","","","",Golden 1 Center,CA,Sacramento,N,"","",FALSE,1610612758,Kings,Sacramento,SAC,kings,19,53,126,0,1610612751,Nets,Brooklyn,BKN,nets,17,54,122,0,2025-26,00,2,Regular Season
2026-03-22,0022501034,20260322/WASNYK,3,Final,3,2026-03-22T00:00:00Z,1900-01-01T19:30:00Z,2026-03-22T19:30:00Z,2026-03-22T04:00:00Z,1900-01-01T23:30:00Z,2026-03-22T23:30:00Z,2026-03-22T19:30:00Z,2026-03-22T19:30:00Z,Sun,3,22,Week 22,false,"","","","",Madison Square Garden,NY,New York,N,"","",FALSE,1610612752,Knicks,New York,NYK,knicks,47,25,145,0,1610612764,Wizards,Washington,WAS,wizards,16,55,113,0,2025-26,00,2,Regular Season
2026-03-22,0022501035,20260322/MINBOS,3,Final,4,2026-03-22T00:00:00Z,1900-01-01T20:00:00Z,2026-03-22T20:00:00Z,2026-03-22T04:00:00Z,1900-01-01T00:00:00Z,2026-03-23T00:00:00Z,2026-03-22T19:00:00Z,2026-03-22T20:00:00Z,Sun,3,22,Week 22,false,"","","","",TD Garden,MA,Boston,N,"","",FALSE,1610612738,Celtics,Boston,BOS,celtics,47,24,92,0,1610612750,Timberwolves,Minnesota,MIN,timberwolves,44,28,102,0,2025-26,00,2,Regular Season
2026-03-22,0022501036,20260322/TORPHX,3,Final,5,2026-03-22T00:00:00Z,1900-01-01T21:00:00Z,2026-03-22T21:00:00Z,2026-03-22T04:00:00Z,1900-01-01T01:00:00Z,2026-03-23T01:00:00Z,2026-03-22T21:00:00Z,2026-03-22T18:00:00Z,Sun,3,22,Week 22,false,"","","","",Mortgage Matchup Center,AZ,Phoenix,N,"","",FALSE,1610612756,Suns,Phoenix,PHX,suns,40,32,120,0,1610612761,Raptors,Toronto,TOR,raptors,39,31,98,0,2025-26,00,2,Regular Season
2026-03-23,0022501037,20260323/MEMATL,3,Final,5,2026-03-23T00:00:00Z,1900-01-01T19:30:00Z,2026-03-23T19:30:00Z,2026-03-23T04:00:00Z,1900-01-01T23:30:00Z,2026-03-23T23:30:00Z,2026-03-23T18:30:00Z,2026-03-23T19:30:00Z,Mon,3,23,Week 23,false,"","","","",State Farm Arena,GA,Atlanta,N,"","",FALSE,1610612737,Hawks,Atlanta,ATL,hawks,40,32,146,0,1610612763,Grizzlies,Memphis,MEM,grizzlies,24,47,107,0,2025-26,00,2,Regular Season
2026-03-23,0022501038,20260323/LALDET,3,Final,1,2026-03-23T00:00:00Z,1900-01-01T19:00:00Z,2026-03-23T19:00:00Z,2026-03-23T04:00:00Z,1900-01-01T23:00:00Z,2026-03-23T23:00:00Z,2026-03-23T16:00:00Z,2026-03-23T19:00:00Z,Mon,3,23,Week 23,false,"","","","",Little Caesars Arena,MI,Detroit,N,"","",FALSE,1610612765,Pistons,Detroit,DET,pistons,52,19,113,0,1610612747,Lakers,Los Angeles,LAL,lakers,46,26,110,0,2025-26,00,2,Regular Season
2026-03-23,0022501039,20260323/INDORL,3,Final,2,2026-03-23T00:00:00Z,1900-01-01T19:00:00Z,2026-03-23T19:00:00Z,2026-03-23T04:00:00Z,1900-01-01T23:00:00Z,2026-03-23T23:00:00Z,2026-03-23T19:00:00Z,2026-03-23T19:00:00Z,Mon,3,23,Week 23,false,"","","","",Kia Center,FL,Orlando,N,"","",FALSE,1610612753,Magic,Orlando,ORL,magic,38,33,126,0,1610612754,Pacers,Indiana,IND,pacers,16,56,128,0,2025-26,00,2,Regular Season
2026-03-23,0022501040,20260323/OKCPHI,3,Final,3,2026-03-23T00:00:00Z,1900-01-01T19:00:00Z,2026-03-23T19:00:00Z,2026-03-23T04:00:00Z,1900-01-01T23:00:00Z,2026-03-23T23:00:00Z,2026-03-23T18:00:00Z,2026-03-23T19:00:00Z,Mon,3,23,Week 23,false,"","","","",Xfinity Mobile Arena,PA,Philadelphia,N,"","",FALSE,1610612755,76ers,Philadelphia,PHI,sixers,39,33,103,0,1610612760,Thunder,Oklahoma City,OKC,thunder,57,15,123,0,2025-26,00,2,Regular Season
2026-03-23,0022501041,20260323/SASMIA,3,Final,4,2026-03-23T00:00:00Z,1900-01-01T19:00:00Z,2026-03-23T19:00:00Z,2026-03-23T04:00:00Z,1900-01-01T23:00:00Z,2026-03-23T23:00:00Z,2026-03-23T18:00:00Z,2026-03-23T19:00:00Z,Mon,3,23,Week 23,false,"","","","",Kaseya Center,FL,Miami,N,"","",FALSE,1610612748,Heat,Miami,MIA,heat,38,34,111,0,1610612759,Spurs,San Antonio,SAS,spurs,54,18,136,0,2025-26,00,2,Regular Season
2026-03-23,0022501042,20260323/HOUCHI,3,Final,6,2026-03-23T00:00:00Z,1900-01-01T20:00:00Z,2026-03-23T20:00:00Z,2026-03-23T04:00:00Z,1900-01-01T00:00:00Z,2026-03-24T00:00:00Z,2026-03-23T19:00:00Z,2026-03-23T19:00:00Z,Mon,3,23,Week 23,false,"","","","",United Center,IL,Chicago,N,"","",FALSE,1610612741,Bulls,Chicago,CHI,bulls,29,42,132,0,1610612745,Rockets,Houston,HOU,rockets,43,28,124,0,2025-26,00,2,Regular Season
2026-03-23,0022501043,20260323/TORUTA,3,Final,7,2026-03-23T00:00:00Z,1900-01-01T21:00:00Z,2026-03-23T21:00:00Z,2026-03-23T04:00:00Z,1900-01-01T01:00:00Z,2026-03-24T01:00:00Z,2026-03-23T21:00:00Z,2026-03-23T19:00:00Z,Mon,3,23,Week 23,false,"","","","",Delta Center,UT,Salt Lake City,N,"","",FALSE,1610612762,Jazz,Utah,UTA,jazz,21,51,127,0,1610612761,Raptors,Toronto,TOR,raptors,40,31,143,0,2025-26,00,2,Regular Season
2026-03-23,0022501044,20260323/GSWDAL,3,Final/OT,8,2026-03-23T00:00:00Z,1900-01-01T21:30:00Z,2026-03-23T21:30:00Z,2026-03-23T04:00:00Z,1900-01-01T01:30:00Z,2026-03-24T01:30:00Z,2026-03-23T18:30:00Z,2026-03-23T20:30:00Z,Mon,3,23,Week 23,false,"","","","",American Airlines Center,TX,Dallas,N,"","",FALSE,1610612742,Mavericks,Dallas,DAL,mavericks,23,49,131,0,1610612744,Warriors,Golden State,GSW,warriors,34,38,137,0,2025-26,00,2,Regular Season
2026-03-23,0022501045,20260323/BKNPOR,3,Final,9,2026-03-23T00:00:00Z,1900-01-01T22:00:00Z,2026-03-23T22:00:00Z,2026-03-23T04:00:00Z,1900-01-01T02:00:00Z,2026-03-24T02:00:00Z,2026-03-23T22:00:00Z,2026-03-23T19:00:00Z,Mon,3,23,Week 23,false,"","","","",Moda Center,OR,Portland,N,"","",FALSE,1610612757,Trail Blazers,Portland,POR,blazers,36,37,134,0,1610612751,Nets,Brooklyn,BKN,nets,17,55,99,0,2025-26,00,2,Regular Season
2026-03-23,0022501046,20260323/MILLAC,3,Final,10,2026-03-23T00:00:00Z,1900-01-01T22:30:00Z,2026-03-23T22:30:00Z,2026-03-23T04:00:00Z,1900-01-01T02:30:00Z,2026-03-24T02:30:00Z,2026-03-23T21:30:00Z,2026-03-23T19:30:00Z,Mon,3,23,Week 23,false,"","","","",Intuit Dome,CA,Inglewood,N,"","",FALSE,1610612746,Clippers,LA,LAC,clippers,36,36,129,0,1610612749,Bucks,Milwaukee,MIL,bucks,29,42,96,0,2025-26,00,2,Regular Season
2026-03-24,0022501047,20260324/SACCHA,3,Final,1,2026-03-24T00:00:00Z,1900-01-01T19:00:00Z,2026-03-24T19:00:00Z,2026-03-24T04:00:00Z,1900-01-01T23:00:00Z,2026-03-24T23:00:00Z,2026-03-24T16:00:00Z,2026-03-24T19:00:00Z,Tue,3,23,Week 23,false,"","","","",Spectrum Center,NC,Charlotte,N,"","",FALSE,1610612766,Hornets,Charlotte,CHA,hornets,38,34,134,0,1610612758,Kings,Sacramento,SAC,kings,19,54,90,0,2025-26,00,2,Regular Season
2026-03-24,0022501048,20260324/NOPNYK,3,Final,2,2026-03-24T00:00:00Z,1900-01-01T19:30:00Z,2026-03-24T19:30:00Z,2026-03-24T04:00:00Z,1900-01-01T23:30:00Z,2026-03-24T23:30:00Z,2026-03-24T18:30:00Z,2026-03-24T19:30:00Z,Tue,3,23,Week 23,false,"","","","",Madison Square Garden,NY,New York,N,"","",FALSE,1610612752,Knicks,New York,NYK,knicks,48,25,121,0,1610612740,Pelicans,New Orleans,NOP,pelicans,25,48,116,0,2025-26,00,2,Regular Season
2026-03-24,0022501049,20260324/ORLCLE,3,Final,3,2026-03-24T00:00:00Z,1900-01-01T20:00:00Z,2026-03-24T20:00:00Z,2026-03-24T04:00:00Z,1900-01-01T00:00:00Z,2026-03-25T00:00:00Z,2026-03-24T20:00:00Z,2026-03-24T20:00:00Z,Tue,3,23,Week 23,false,"","","","",Rocket Arena,OH,Cleveland,N,"","",FALSE,1610612739,Cavaliers,Cleveland,CLE,cavaliers,45,27,136,0,1610612753,Magic,Orlando,ORL,magic,38,34,131,0,2025-26,00,2,Regular Season
2026-03-24,0022501050,20260324/DENPHX,3,Final,4,2026-03-24T00:00:00Z,1900-01-01T23:00:00Z,2026-03-24T23:00:00Z,2026-03-24T04:00:00Z,1900-01-01T03:00:00Z,2026-03-25T03:00:00Z,2026-03-24T21:00:00Z,2026-03-24T20:00:00Z,Tue,3,23,Week 23,false,"","","","",Mortgage Matchup Center,AZ,Phoenix,N,"","",FALSE,1610612756,Suns,Phoenix,PHX,suns,40,33,123,0,1610612743,Nuggets,Denver,DEN,nuggets,45,28,125,0,2025-26,00,2,Regular Season
2026-03-25,0022501051,20260325/ATLDET,3,Final/OT,1,2026-03-25T00:00:00Z,1900-01-01T19:00:00Z,2026-03-25T19:00:00Z,2026-03-25T04:00:00Z,1900-01-01T23:00:00Z,2026-03-25T23:00:00Z,2026-03-25T19:00:00Z,2026-03-25T19:00:00Z,Wed,3,23,Week 23,false,"","","","",Little Caesars Arena,MI,Detroit,N,"","",FALSE,1610612765,Pistons,Detroit,DET,pistons,52,20,129,0,1610612737,Hawks,Atlanta,ATL,hawks,41,32,130,0,2025-26,00,2,Regular Season
2026-03-25,0022501052,20260325/LALIND,3,Final,2,2026-03-25T00:00:00Z,1900-01-01T19:00:00Z,2026-03-25T19:00:00Z,2026-03-25T04:00:00Z,1900-01-01T23:00:00Z,2026-03-25T23:00:00Z,2026-03-25T16:00:00Z,2026-03-25T19:00:00Z,Wed,3,23,Week 23,false,"","","","",Gainbridge Fieldhouse,IN,Indianapolis,N,"","",FALSE,1610612754,Pacers,Indiana,IND,pacers,16,57,130,0,1610612747,Lakers,Los Angeles,LAL,lakers,47,26,137,0,2025-26,00,2,Regular Season
2026-03-25,0022501053,20260325/CHIPHI,3,Final,3,2026-03-25T00:00:00Z,1900-01-01T19:00:00Z,2026-03-25T19:00:00Z,2026-03-25T04:00:00Z,1900-01-01T23:00:00Z,2026-03-25T23:00:00Z,2026-03-25T18:00:00Z,2026-03-25T19:00:00Z,Wed,3,23,Week 23,false,"","","","",Xfinity Mobile Arena,PA,Philadelphia,N,"","",FALSE,1610612755,76ers,Philadelphia,PHI,sixers,40,33,157,0,1610612741,Bulls,Chicago,CHI,bulls,29,43,137,0,2025-26,00,2,Regular Season
2026-03-25,0022501054,20260325/OKCBOS,3,Final,4,2026-03-25T00:00:00Z,1900-01-01T19:30:00Z,2026-03-25T19:30:00Z,2026-03-25T04:00:00Z,1900-01-01T23:30:00Z,2026-03-25T23:30:00Z,2026-03-25T18:30:00Z,2026-03-25T19:30:00Z,Wed,3,23,Week 23,false,"","","","",TD Garden,MA,Boston,N,"","",FALSE,1610612738,Celtics,Boston,BOS,celtics,48,24,119,0,1610612760,Thunder,Oklahoma City,OKC,thunder,57,16,109,0,2025-26,00,2,Regular Season
2026-03-25,0022501055,20260325/MIACLE,3,Final,5,2026-03-25T00:00:00Z,1900-01-01T19:30:00Z,2026-03-25T19:30:00Z,2026-03-25T04:00:00Z,1900-01-01T23:30:00Z,2026-03-25T23:30:00Z,2026-03-25T19:30:00Z,2026-03-25T19:30:00Z,Wed,3,23,Week 23,false,"","","","",Rocket Arena,OH,Cleveland,N,"","",FALSE,1610612739,Cavaliers,Cleveland,CLE,cavaliers,45,28,103,0,1610612748,Heat,Miami,MIA,heat,39,34,120,0,2025-26,00,2,Regular Season
2026-03-25,0022501056,20260325/SASMEM,3,Final,6,2026-03-25T00:00:00Z,1900-01-01T20:00:00Z,2026-03-25T20:00:00Z,2026-03-25T04:00:00Z,1900-01-01T00:00:00Z,2026-03-26T00:00:00Z,2026-03-25T19:00:00Z,2026-03-25T19:00:00Z,Wed,3,23,Week 23,false,"","","","",FedExForum,TN,Memphis,N,"","",FALSE,1610612763,Grizzlies,Memphis,MEM,grizzlies,24,48,98,0,1610612759,Spurs,San Antonio,SAS,spurs,55,18,123,0,2025-26,00,2,Regular Season
2026-03-25,0022501057,20260325/WASUTA,3,Final,7,2026-03-25T00:00:00Z,1900-01-01T21:00:00Z,2026-03-25T21:00:00Z,2026-03-25T04:00:00Z,1900-01-01T01:00:00Z,2026-03-26T01:00:00Z,2026-03-25T21:00:00Z,2026-03-25T19:00:00Z,Wed,3,23,Week 23,false,"","","","",Delta Center,UT,Salt Lake City,N,"","",FALSE,1610612762,Jazz,Utah,UTA,jazz,21,52,110,0,1610612764,Wizards,Washington,WAS,wizards,17,55,133,0,2025-26,00,2,Regular Season
2026-03-25,0022501058,20260325/HOUMIN,3,Final/OT,8,2026-03-25T00:00:00Z,1900-01-01T21:30:00Z,2026-03-25T21:30:00Z,2026-03-25T04:00:00Z,1900-01-01T01:30:00Z,2026-03-26T01:30:00Z,2026-03-25T20:30:00Z,2026-03-25T20:30:00Z,Wed,3,23,Week 23,false,"","","","",Target Center,MN,Minneapolis,N,"","",FALSE,1610612750,Timberwolves,Minnesota,MIN,timberwolves,45,28,110,0,1610612745,Rockets,Houston,HOU,rockets,43,29,108,0,2025-26,00,2,Regular Season
2026-03-25,0022501059,20260325/DALDEN,3,Final,9,2026-03-25T00:00:00Z,1900-01-01T22:00:00Z,2026-03-25T22:00:00Z,2026-03-25T04:00:00Z,1900-01-01T02:00:00Z,2026-03-26T02:00:00Z,2026-03-25T21:00:00Z,2026-03-25T20:00:00Z,Wed,3,23,Week 23,false,"","","","",Ball Arena,CO,Denver,N,"","",FALSE,1610612743,Nuggets,Denver,DEN,nuggets,46,28,142,0,1610612742,Mavericks,Dallas,DAL,mavericks,23,50,135,0,2025-26,00,2,Regular Season
2026-03-25,0022501060,20260325/BKNGSW,3,Final,10,2026-03-25T00:00:00Z,1900-01-01T22:00:00Z,2026-03-25T22:00:00Z,2026-03-25T04:00:00Z,1900-01-01T02:00:00Z,2026-03-26T02:00:00Z,2026-03-25T22:00:00Z,2026-03-25T19:00:00Z,Wed,3,23,Week 23,false,"","","","",Chase Center,CA,San Francisco,N,"","",FALSE,1610612744,Warriors,Golden State,GSW,warriors,35,38,109,0,1610612751,Nets,Brooklyn,BKN,nets,17,56,106,0,2025-26,00,2,Regular Season
2026-03-25,0022501061,20260325/MILPOR,3,Final,11,2026-03-25T00:00:00Z,1900-01-01T22:00:00Z,2026-03-25T22:00:00Z,2026-03-25T04:00:00Z,1900-01-01T02:00:00Z,2026-03-26T02:00:00Z,2026-03-25T21:00:00Z,2026-03-25T19:00:00Z,Wed,3,23,Week 23,false,"","","","",Moda Center,OR,Portland,N,"","",FALSE,1610612757,Trail Blazers,Portland,POR,blazers,37,37,130,0,1610612749,Bucks,Milwaukee,MIL,bucks,29,43,99,0,2025-26,00,2,Regular Season
2026-03-25,0022501062,20260325/TORLAC,3,Final,12,2026-03-25T00:00:00Z,1900-01-01T22:30:00Z,2026-03-25T22:30:00Z,2026-03-25T04:00:00Z,1900-01-01T02:30:00Z,2026-03-26T02:30:00Z,2026-03-25T22:30:00Z,2026-03-25T19:30:00Z,Wed,3,23,Week 23,false,"","","","",Intuit Dome,CA,Inglewood,N,"","",FALSE,1610612746,Clippers,LA,LAC,clippers,37,36,119,0,1610612761,Raptors,Toronto,TOR,raptors,40,32,94,0,2025-26,00,2,Regular Season
2026-03-26,0022501063,20260326/NYKCHA,3,Final,1,2026-03-26T00:00:00Z,1900-01-01T19:00:00Z,2026-03-26T19:00:00Z,2026-03-26T04:00:00Z,1900-01-01T23:00:00Z,2026-03-26T23:00:00Z,2026-03-26T19:00:00Z,2026-03-26T19:00:00Z,Thu,3,23,Week 23,false,"","","","",Spectrum Center,NC,Charlotte,N,"","",FALSE,1610612766,Hornets,Charlotte,CHA,hornets,39,34,114,0,1610612752,Knicks,New York,NYK,knicks,48,26,103,0,2025-26,00,2,Regular Season
2026-03-26,0022501064,20260326/NOPDET,3,Final,2,2026-03-26T00:00:00Z,1900-01-01T19:00:00Z,2026-03-26T19:00:00Z,2026-03-26T04:00:00Z,1900-01-01T23:00:00Z,2026-03-26T23:00:00Z,2026-03-26T18:00:00Z,2026-03-26T19:00:00Z,Thu,3,23,Week 23,false,"","","","",Little Caesars Arena,MI,Detroit,N,"","",FALSE,1610612765,Pistons,Detroit,DET,pistons,53,20,129,0,1610612740,Pelicans,New Orleans,NOP,pelicans,25,49,108,0,2025-26,00,2,Regular Season
2026-03-26,0022501065,20260326/SACORL,3,Final,3,2026-03-26T00:00:00Z,1900-01-01T19:00:00Z,2026-03-26T19:00:00Z,2026-03-26T04:00:00Z,1900-01-01T23:00:00Z,2026-03-26T23:00:00Z,2026-03-26T16:00:00Z,2026-03-26T19:00:00Z,Thu,3,23,Week 23,false,"","","","",Kia Center,FL,Orlando,N,"","",FALSE,1610612753,Magic,Orlando,ORL,magic,39,34,121,0,1610612758,Kings,Sacramento,SAC,kings,19,55,117,0,2025-26,00,2,Regular Season
2026-03-27,0022501066,20260327/LACIND,3,Final,1,2026-03-27T00:00:00Z,1900-01-01T19:00:00Z,2026-03-27T19:00:00Z,2026-03-27T04:00:00Z,1900-01-01T23:00:00Z,2026-03-27T23:00:00Z,2026-03-27T16:00:00Z,2026-03-27T19:00:00Z,Fri,3,23,Week 23,false,"","","","",Gainbridge Fieldhouse,IN,Indianapolis,N,"","",FALSE,1610612754,Pacers,Indiana,IND,pacers,16,58,113,0,1610612746,Clippers,LA,LAC,clippers,38,36,114,0,2025-26,00,2,Regular Season
2026-03-27,0022501067,20260327/ATLBOS,3,Final,2,2026-03-27T00:00:00Z,1900-01-01T19:30:00Z,2026-03-27T19:30:00Z,2026-03-27T04:00:00Z,1900-01-01T23:30:00Z,2026-03-27T23:30:00Z,2026-03-27T19:30:00Z,2026-03-27T19:30:00Z,Fri,3,23,Week 23,false,"","","","",TD Garden,MA,Boston,N,"","",FALSE,1610612738,Celtics,Boston,BOS,celtics,49,24,109,0,1610612737,Hawks,Atlanta,ATL,hawks,41,33,102,0,2025-26,00,2,Regular Season
2026-03-27,0022501068,20260327/MIACLE,3,Final,3,2026-03-27T00:00:00Z,1900-01-01T19:30:00Z,2026-03-27T19:30:00Z,2026-03-27T04:00:00Z,1900-01-01T23:30:00Z,2026-03-27T23:30:00Z,2026-03-27T19:30:00Z,2026-03-27T19:30:00Z,Fri,3,23,Week 23,false,"","","","",Rocket Arena,OH,Cleveland,N,"","",FALSE,1610612739,Cavaliers,Cleveland,CLE,cavaliers,46,28,149,0,1610612748,Heat,Miami,MIA,heat,39,35,128,0,2025-26,00,2,Regular Season
2026-03-27,0022501069,20260327/HOUMEM,3,Final,4,2026-03-27T00:00:00Z,1900-01-01T20:00:00Z,2026-03-27T20:00:00Z,2026-03-27T04:00:00Z,1900-01-01T00:00:00Z,2026-03-28T00:00:00Z,2026-03-27T19:00:00Z,2026-03-27T19:00:00Z,Fri,3,23,Week 23,false,"","","","",FedExForum,TN,Memphis,N,"","",FALSE,1610612763,Grizzlies,Memphis,MEM,grizzlies,24,49,109,0,1610612745,Rockets,Houston,HOU,rockets,44,29,119,0,2025-26,00,2,Regular Season
2026-03-27,0022501070,20260327/CHIOKC,3,Final,5,2026-03-27T00:00:00Z,1900-01-01T20:00:00Z,2026-03-27T20:00:00Z,2026-03-27T04:00:00Z,1900-01-01T00:00:00Z,2026-03-28T00:00:00Z,2026-03-27T19:00:00Z,2026-03-27T19:00:00Z,Fri,3,23,Week 23,false,"","","","",Paycom Center,OK,Oklahoma City,N,"","",FALSE,1610612760,Thunder,Oklahoma City,OKC,thunder,58,16,131,0,1610612741,Bulls,Chicago,CHI,bulls,29,44,113,0,2025-26,00,2,Regular Season
2026-03-27,0022501071,20260327/NOPTOR,3,Final,6,2026-03-27T00:00:00Z,1900-01-01T20:30:00Z,2026-03-27T20:30:00Z,2026-03-27T04:00:00Z,1900-01-01T00:30:00Z,2026-03-28T00:30:00Z,2026-03-27T19:30:00Z,2026-03-27T20:30:00Z,Fri,3,23,Week 23,false,"","","","",Scotiabank Arena,ON,Toronto,N,"","",FALSE,1610612761,Raptors,Toronto,TOR,raptors,41,32,119,0,1610612740,Pelicans,New Orleans,NOP,pelicans,25,50,106,0,2025-26,00,2,Regular Season
2026-03-27,0022501072,20260327/UTADEN,3,Final,7,2026-03-27T00:00:00Z,1900-01-01T21:00:00Z,2026-03-27T21:00:00Z,2026-03-27T04:00:00Z,1900-01-01T01:00:00Z,2026-03-28T01:00:00Z,2026-03-27T19:00:00Z,2026-03-27T19:00:00Z,Fri,3,23,Week 23,false,"","","","",Ball Arena,CO,Denver,N,"","",FALSE,1610612743,Nuggets,Denver,DEN,nuggets,47,28,135,0,1610612762,Jazz,Utah,UTA,jazz,21,53,129,0,2025-26,00,2,Regular Season
2026-03-27,0022501073,20260327/WASGSW,3,Final,8,2026-03-27T00:00:00Z,1900-01-01T22:00:00Z,2026-03-27T22:00:00Z,2026-03-27T04:00:00Z,1900-01-01T02:00:00Z,2026-03-28T02:00:00Z,2026-03-27T22:00:00Z,2026-03-27T19:00:00Z,Fri,3,23,Week 23,false,"","","","",Chase Center,CA,San Francisco,N,"","",FALSE,1610612744,Warriors,Golden State,GSW,warriors,36,38,131,0,1610612764,Wizards,Washington,WAS,wizards,17,56,126,0,2025-26,00,2,Regular Season
2026-03-27,0022501074,20260327/DALPOR,3,Final,9,2026-03-27T00:00:00Z,1900-01-01T22:00:00Z,2026-03-27T22:00:00Z,2026-03-27T04:00:00Z,1900-01-01T02:00:00Z,2026-03-28T02:00:00Z,2026-03-27T21:00:00Z,2026-03-27T19:00:00Z,Fri,3,23,Week 23,false,"","","","",Moda Center,OR,Portland,N,"","",FALSE,1610612757,Trail Blazers,Portland,POR,blazers,37,38,93,0,1610612742,Mavericks,Dallas,DAL,mavericks,24,50,100,0,2025-26,00,2,Regular Season
2026-03-27,0022501075,20260327/BKNLAL,3,Final,10,2026-03-27T00:00:00Z,1900-01-01T22:30:00Z,2026-03-27T22:30:00Z,2026-03-27T04:00:00Z,1900-01-01T02:30:00Z,2026-03-28T02:30:00Z,2026-03-27T22:30:00Z,2026-03-27T19:30:00Z,Fri,3,23,Week 23,false,"","","","",Crypto.com Arena,CA,Los Angeles,N,"","",FALSE,1610612747,Lakers,Los Angeles,LAL,lakers,48,26,116,0,1610612751,Nets,Brooklyn,BKN,nets,17,57,99,0,2025-26,00,2,Regular Season
2026-03-28,0022501076,20260328/SASMIL,3,Final,1,2026-03-28T00:00:00Z,1900-01-01T15:00:00Z,2026-03-28T15:00:00Z,2026-03-28T04:00:00Z,1900-01-01T19:00:00Z,2026-03-28T19:00:00Z,2026-03-28T14:00:00Z,2026-03-28T14:00:00Z,Sat,3,23,Week 23,false,"","","","",Fiserv Forum,WI,Milwaukee,N,"","",FALSE,1610612749,Bucks,Milwaukee,MIL,bucks,29,44,95,0,1610612759,Spurs,San Antonio,SAS,spurs,56,18,127,0,2025-26,00,2,Regular Season
2026-03-28,0022501077,20260328/PHICHA,3,Final,3,2026-03-28T00:00:00Z,1900-01-01T18:00:00Z,2026-03-28T18:00:00Z,2026-03-28T04:00:00Z,1900-01-01T22:00:00Z,2026-03-28T22:00:00Z,2026-03-28T18:00:00Z,2026-03-28T18:00:00Z,Sat,3,23,Week 23,false,"","","","",Spectrum Center,NC,Charlotte,N,"","",FALSE,1610612766,Hornets,Charlotte,CHA,hornets,39,35,114,0,1610612755,76ers,Philadelphia,PHI,sixers,41,33,118,0,2025-26,00,2,Regular Season
2026-03-28,0022501078,20260328/SACATL,3,Final,4,2026-03-28T00:00:00Z,1900-01-01T19:30:00Z,2026-03-28T19:30:00Z,2026-03-28T04:00:00Z,1900-01-01T23:30:00Z,2026-03-28T23:30:00Z,2026-03-28T16:30:00Z,2026-03-28T19:30:00Z,Sat,3,23,Week 23,false,"","","","",State Farm Arena,GA,Atlanta,N,"","",FALSE,1610612737,Hawks,Atlanta,ATL,hawks,42,33,123,0,1610612758,Kings,Sacramento,SAC,kings,19,56,113,0,2025-26,00,2,Regular Season
2026-03-28,0022501079,20260328/CHIMEM,3,Final,5,2026-03-28T00:00:00Z,1900-01-01T20:00:00Z,2026-03-28T20:00:00Z,2026-03-28T04:00:00Z,1900-01-01T00:00:00Z,2026-03-29T00:00:00Z,2026-03-28T19:00:00Z,2026-03-28T19:00:00Z,Sat,3,23,Week 23,false,"","","","",FedExForum,TN,Memphis,N,"","",FALSE,1610612763,Grizzlies,Memphis,MEM,grizzlies,25,49,125,0,1610612741,Bulls,Chicago,CHI,bulls,29,45,124,0,2025-26,00,2,Regular Season
2026-03-28,0022501080,20260328/DETMIN,3,Final,2,2026-03-28T00:00:00Z,1900-01-01T17:30:00Z,2026-03-28T17:30:00Z,2026-03-28T04:00:00Z,1900-01-01T21:30:00Z,2026-03-28T21:30:00Z,2026-03-28T17:30:00Z,2026-03-28T16:30:00Z,Sat,3,23,Week 23,false,"","","","",Target Center,MN,Minneapolis,N,"","",FALSE,1610612750,Timberwolves,Minnesota,MIN,timberwolves,45,29,87,0,1610612765,Pistons,Detroit,DET,pistons,54,20,109,0,2025-26,00,2,Regular Season
2026-03-28,0022501081,20260328/UTAPHX,3,Final,6,2026-03-28T00:00:00Z,1900-01-01T22:00:00Z,2026-03-28T22:00:00Z,2026-03-28T04:00:00Z,1900-01-01T02:00:00Z,2026-03-29T02:00:00Z,2026-03-28T20:00:00Z,2026-03-28T19:00:00Z,Sat,3,23,Week 23,false,"","","","",Mortgage Matchup Center,AZ,Phoenix,N,"","",FALSE,1610612756,Suns,Phoenix,PHX,suns,41,33,134,0,1610612762,Jazz,Utah,UTA,jazz,21,54,109,0,2025-26,00,2,Regular Season
2026-03-29,0022501082,20260329/LACMIL,3,Final,1,2026-03-29T00:00:00Z,1900-01-01T15:30:00Z,2026-03-29T15:30:00Z,2026-03-29T04:00:00Z,1900-01-01T19:30:00Z,2026-03-29T19:30:00Z,2026-03-29T12:30:00Z,2026-03-29T14:30:00Z,Sun,3,23,Week 23,false,"","","","",Fiserv Forum,WI,Milwaukee,N,"","",FALSE,1610612749,Bucks,Milwaukee,MIL,bucks,29,45,113,0,1610612746,Clippers,LA,LAC,clippers,39,36,127,0,2025-26,00,2,Regular Season
2026-03-29,0022501083,20260329/MIAIND,3,Final,2,2026-03-29T00:00:00Z,1900-01-01T17:00:00Z,2026-03-29T17:00:00Z,2026-03-29T04:00:00Z,1900-01-01T21:00:00Z,2026-03-29T21:00:00Z,2026-03-29T17:00:00Z,2026-03-29T17:00:00Z,Sun,3,23,Week 23,false,"","","","",Gainbridge Fieldhouse,IN,Indianapolis,N,"","",FALSE,1610612754,Pacers,Indiana,IND,pacers,17,58,135,0,1610612748,Heat,Miami,MIA,heat,39,36,118,0,2025-26,00,2,Regular Season
2026-03-29,0022501084,20260329/SACBKN,3,Final,3,2026-03-29T00:00:00Z,1900-01-01T18:00:00Z,2026-03-29T18:00:00Z,2026-03-29T04:00:00Z,1900-01-01T22:00:00Z,2026-03-29T22:00:00Z,2026-03-29T15:00:00Z,2026-03-29T18:00:00Z,Sun,3,23,Week 23,false,"","","","",Barclays Center,NY,Brooklyn,N,"","",FALSE,1610612751,Nets,Brooklyn,BKN,nets,18,57,116,0,1610612758,Kings,Sacramento,SAC,kings,19,57,99,0,2025-26,00,2,Regular Season
2026-03-29,0022501085,20260329/BOSCHA,3,Final,4,2026-03-29T00:00:00Z,1900-01-01T18:00:00Z,2026-03-29T18:00:00Z,2026-03-29T04:00:00Z,1900-01-01T22:00:00Z,2026-03-29T22:00:00Z,2026-03-29T18:00:00Z,2026-03-29T18:00:00Z,Sun,3,23,Week 23,false,"","","","",Spectrum Center,NC,Charlotte,N,"","",FALSE,1610612766,Hornets,Charlotte,CHA,hornets,39,36,99,0,1610612738,Celtics,Boston,BOS,celtics,50,24,114,0,2025-26,00,2,Regular Season
2026-03-29,0022501086,20260329/ORLTOR,3,Final,5,2026-03-29T00:00:00Z,1900-01-01T18:00:00Z,2026-03-29T18:00:00Z,2026-03-29T04:00:00Z,1900-01-01T22:00:00Z,2026-03-29T22:00:00Z,2026-03-29T18:00:00Z,2026-03-29T18:00:00Z,Sun,3,23,Week 23,false,"","","","",Scotiabank Arena,ON,Toronto,N,"","",FALSE,1610612761,Raptors,Toronto,TOR,raptors,42,32,139,0,1610612753,Magic,Orlando,ORL,magic,39,35,87,0,2025-26,00,2,Regular Season
2026-03-29,0022501087,20260329/WASPOR,3,Final,6,2026-03-29T00:00:00Z,1900-01-01T18:00:00Z,2026-03-29T18:00:00Z,2026-03-29T04:00:00Z,1900-01-01T22:00:00Z,2026-03-29T22:00:00Z,2026-03-29T18:00:00Z,2026-03-29T15:00:00Z,Sun,3,23,Week 23,false,"","","","",Moda Center,OR,Portland,N,"","",FALSE,1610612757,Trail Blazers,Portland,POR,blazers,38,38,123,0,1610612764,Wizards,Washington,WAS,wizards,17,57,88,0,2025-26,00,2,Regular Season
2026-03-29,0022501088,20260329/HOUNOP,3,Final,7,2026-03-29T00:00:00Z,1900-01-01T19:00:00Z,2026-03-29T19:00:00Z,2026-03-29T04:00:00Z,1900-01-01T23:00:00Z,2026-03-29T23:00:00Z,2026-03-29T18:00:00Z,2026-03-29T18:00:00Z,Sun,3,23,Week 23,false,"","","","",Smoothie King Center,LA,New Orleans,N,"","",FALSE,1610612740,Pelicans,New Orleans,NOP,pelicans,25,51,102,0,1610612745,Rockets,Houston,HOU,rockets,45,29,134,0,2025-26,00,2,Regular Season
2026-03-29,0022501089,20260329/NYKOKC,3,Final,8,2026-03-29T00:00:00Z,1900-01-01T19:30:00Z,2026-03-29T19:30:00Z,2026-03-29T04:00:00Z,1900-01-01T23:30:00Z,2026-03-29T23:30:00Z,2026-03-29T19:30:00Z,2026-03-29T18:30:00Z,Sun,3,23,Week 23,false,"","","","",Paycom Center,OK,Oklahoma City,N,"","",FALSE,1610612760,Thunder,Oklahoma City,OKC,thunder,59,16,111,0,1610612752,Knicks,New York,NYK,knicks,48,27,100,0,2025-26,00,2,Regular Season
2026-03-29,0022501090,20260329/GSWDEN,3,Final,9,2026-03-29T00:00:00Z,1900-01-01T22:00:00Z,2026-03-29T22:00:00Z,2026-03-29T04:00:00Z,1900-01-01T02:00:00Z,2026-03-30T02:00:00Z,2026-03-29T19:00:00Z,2026-03-29T20:00:00Z,Sun,3,23,Week 23,false,"","","","",Ball Arena,CO,Denver,N,"","",FALSE,1610612743,Nuggets,Denver,DEN,nuggets,48,28,116,0,1610612744,Warriors,Golden State,GSW,warriors,36,39,93,0,2025-26,00,2,Regular Season
2026-03-30,0022501091,20260330/PHIMIA,3,Final,1,2026-03-30T00:00:00Z,1900-01-01T19:00:00Z,2026-03-30T19:00:00Z,2026-03-30T04:00:00Z,1900-01-01T23:00:00Z,2026-03-30T23:00:00Z,2026-03-30T19:00:00Z,2026-03-30T19:00:00Z,Mon,3,24,Week 24,false,"","","","",Kaseya Center,FL,Miami,N,"","",FALSE,1610612748,Heat,Miami,MIA,heat,40,36,119,0,1610612755,76ers,Philadelphia,PHI,sixers,41,34,109,0,2025-26,00,2,Regular Season
2026-03-30,0022501092,20260330/BOSATL,3,Final,2,2026-03-30T00:00:00Z,1900-01-01T19:30:00Z,2026-03-30T19:30:00Z,2026-03-30T04:00:00Z,1900-01-01T23:30:00Z,2026-03-30T23:30:00Z,2026-03-30T19:30:00Z,2026-03-30T19:30:00Z,Mon,3,24,Week 24,false,"","","","",State Farm Arena,GA,Atlanta,N,"","",FALSE,1610612737,Hawks,Atlanta,ATL,hawks,43,33,112,0,1610612738,Celtics,Boston,BOS,celtics,50,25,102,0,2025-26,00,2,Regular Season
2026-03-30,0022501093,20260330/PHXMEM,3,Final,3,2026-03-30T00:00:00Z,1900-01-01T20:00:00Z,2026-03-30T20:00:00Z,2026-03-30T04:00:00Z,1900-01-01T00:00:00Z,2026-03-31T00:00:00Z,2026-03-30T17:00:00Z,2026-03-30T19:00:00Z,Mon,3,24,Week 24,false,"","","","",FedExForum,TN,Memphis,N,"","",FALSE,1610612763,Grizzlies,Memphis,MEM,grizzlies,25,50,105,0,1610612756,Suns,Phoenix,PHX,suns,42,33,131,0,2025-26,00,2,Regular Season
2026-03-30,0022501094,20260330/CHISAS,3,Final,4,2026-03-30T00:00:00Z,1900-01-01T20:00:00Z,2026-03-30T20:00:00Z,2026-03-30T04:00:00Z,1900-01-01T00:00:00Z,2026-03-31T00:00:00Z,2026-03-30T19:00:00Z,2026-03-30T19:00:00Z,Mon,3,24,Week 24,false,"","","","",Frost Bank Center,TX,San Antonio,N,"","",FALSE,1610612759,Spurs,San Antonio,SAS,spurs,57,18,129,0,1610612741,Bulls,Chicago,CHI,bulls,29,46,114,0,2025-26,00,2,Regular Season
2026-03-30,0022501095,20260330/MINDAL,3,Final,5,2026-03-30T00:00:00Z,1900-01-01T20:30:00Z,2026-03-30T20:30:00Z,2026-03-30T04:00:00Z,1900-01-01T00:30:00Z,2026-03-31T00:30:00Z,2026-03-30T19:30:00Z,2026-03-30T19:30:00Z,Mon,3,24,Week 24,false,"","","","",American Airlines Center,TX,Dallas,N,"","",FALSE,1610612742,Mavericks,Dallas,DAL,mavericks,24,51,94,0,1610612750,Timberwolves,Minnesota,MIN,timberwolves,46,29,124,0,2025-26,00,2,Regular Season
2026-03-30,0022501096,20260330/CLEUTA,3,Final,6,2026-03-30T00:00:00Z,1900-01-01T21:00:00Z,2026-03-30T21:00:00Z,2026-03-30T04:00:00Z,1900-01-01T01:00:00Z,2026-03-31T01:00:00Z,2026-03-30T21:00:00Z,2026-03-30T19:00:00Z,Mon,3,24,Week 24,false,"","","","",Delta Center,UT,Salt Lake City,N,"","",FALSE,1610612762,Jazz,Utah,UTA,jazz,21,55,113,0,1610612739,Cavaliers,Cleveland,CLE,cavaliers,47,28,122,0,2025-26,00,2,Regular Season
2026-03-30,0022501097,20260330/DETOKC,3,Final/OT,7,2026-03-30T00:00:00Z,1900-01-01T21:30:00Z,2026-03-30T21:30:00Z,2026-03-30T04:00:00Z,1900-01-01T01:30:00Z,2026-03-31T01:30:00Z,2026-03-30T21:30:00Z,2026-03-30T20:30:00Z,Mon,3,24,Week 24,false,"","","","",Paycom Center,OK,Oklahoma City,N,"","",FALSE,1610612760,Thunder,Oklahoma City,OKC,thunder,60,16,114,0,1610612765,Pistons,Detroit,DET,pistons,54,21,110,0,2025-26,00,2,Regular Season
2026-03-30,0022501098,20260330/WASLAL,3,Final,8,2026-03-30T00:00:00Z,1900-01-01T22:00:00Z,2026-03-30T22:00:00Z,2026-03-30T04:00:00Z,1900-01-01T02:00:00Z,2026-03-31T02:00:00Z,2026-03-30T22:00:00Z,2026-03-30T19:00:00Z,Mon,3,24,Week 24,false,"","","","",Crypto.com Arena,CA,Los Angeles,N,"","",FALSE,1610612747,Lakers,Los Angeles,LAL,lakers,49,26,120,0,1610612764,Wizards,Washington,WAS,wizards,17,58,101,0,2025-26,00,2,Regular Season
2026-03-31,0022500652,20260331/DALMIL,3,Final,3,2026-03-31T00:00:00Z,1900-01-01T20:00:00Z,2026-03-31T20:00:00Z,2026-03-31T04:00:00Z,1900-01-01T00:00:00Z,2026-04-01T00:00:00Z,2026-03-31T19:00:00Z,2026-03-31T19:00:00Z,Tue,3,24,Week 24,false,"","","","",Fiserv Forum,WI,Milwaukee,N,"","",FALSE,1610612749,Bucks,Milwaukee,MIL,bucks,30,45,123,0,1610612742,Mavericks,Dallas,DAL,mavericks,24,52,99,0,2025-26,00,2,Regular Season
2026-03-31,0022501099,20260331/PHXORL,3,Final,1,2026-03-31T00:00:00Z,1900-01-01T19:00:00Z,2026-03-31T19:00:00Z,2026-03-31T04:00:00Z,1900-01-01T23:00:00Z,2026-03-31T23:00:00Z,2026-03-31T16:00:00Z,2026-03-31T19:00:00Z,Tue,3,24,Week 24,false,"","","","",Kia Center,FL,Orlando,N,"","",FALSE,1610612753,Magic,Orlando,ORL,magic,40,35,115,0,1610612756,Suns,Phoenix,PHX,suns,42,34,111,0,2025-26,00,2,Regular Season
2026-03-31,0022501100,20260331/CHABKN,3,Final,2,2026-03-31T00:00:00Z,1900-01-01T19:30:00Z,2026-03-31T19:30:00Z,2026-03-31T04:00:00Z,1900-01-01T23:30:00Z,2026-03-31T23:30:00Z,2026-03-31T19:30:00Z,2026-03-31T19:30:00Z,Tue,3,24,Week 24,false,"","","","",Barclays Center,NY,Brooklyn,N,"","",FALSE,1610612751,Nets,Brooklyn,BKN,nets,18,58,86,0,1610612766,Hornets,Charlotte,CHA,hornets,40,36,117,0,2025-26,00,2,Regular Season
2026-03-31,0022501101,20260331/TORDET,3,Final,4,2026-03-31T00:00:00Z,1900-01-01T20:00:00Z,2026-03-31T20:00:00Z,2026-03-31T04:00:00Z,1900-01-01T00:00:00Z,2026-04-01T00:00:00Z,2026-03-31T20:00:00Z,2026-03-31T20:00:00Z,Tue,3,24,Week 24,false,"","","","",Little Caesars Arena,MI,Detroit,N,"","",FALSE,1610612765,Pistons,Detroit,DET,pistons,55,21,127,0,1610612761,Raptors,Toronto,TOR,raptors,42,33,116,0,2025-26,00,2,Regular Season
2026-03-31,0022501102,20260331/NYKHOU,3,Final,5,2026-03-31T00:00:00Z,1900-01-01T20:00:00Z,2026-03-31T20:00:00Z,2026-03-31T04:00:00Z,1900-01-01T00:00:00Z,2026-04-01T00:00:00Z,2026-03-31T20:00:00Z,2026-03-31T19:00:00Z,Tue,3,24,Week 24,false,"","","","",Toyota Center,TX,Houston,N,"","",FALSE,1610612745,Rockets,Houston,HOU,rockets,46,29,111,0,1610612752,Knicks,New York,NYK,knicks,48,28,94,0,2025-26,00,2,Regular Season
2026-03-31,0022501103,20260331/CLELAL,3,Final,6,2026-03-31T00:00:00Z,1900-01-01T22:30:00Z,2026-03-31T22:30:00Z,2026-03-31T04:00:00Z,1900-01-01T02:30:00Z,2026-04-01T02:30:00Z,2026-03-31T22:30:00Z,2026-03-31T19:30:00Z,Tue,3,24,Week 24,false,"","","","",Crypto.com Arena,CA,Los Angeles,N,"","",FALSE,1610612747,Lakers,Los Angeles,LAL,lakers,50,26,127,0,1610612739,Cavaliers,Cleveland,CLE,cavaliers,47,29,113,0,2025-26,00,2,Regular Season
2026-03-31,0022501104,20260331/PORLAC,3,Final,7,2026-03-31T00:00:00Z,1900-01-01T23:00:00Z,2026-03-31T23:00:00Z,2026-03-31T04:00:00Z,1900-01-01T03:00:00Z,2026-04-01T03:00:00Z,2026-03-31T20:00:00Z,2026-03-31T20:00:00Z,Tue,3,24,Week 24,false,"","","","",Intuit Dome,CA,Inglewood,N,"","",FALSE,1610612746,Clippers,LA,LAC,clippers,39,37,104,0,1610612757,Trail Blazers,Portland,POR,blazers,39,38,114,0,2025-26,00,2,Regular Season
2026-04-01,0022501003,20260401/NYKMEM,3,Final,4,2026-04-01T00:00:00Z,1900-01-01T20:00:00Z,2026-04-01T20:00:00Z,2026-04-01T04:00:00Z,1900-01-01T00:00:00Z,2026-04-02T00:00:00Z,2026-04-01T20:00:00Z,2026-04-01T19:00:00Z,Wed,4,24,Week 24,false,"","","","",FedExForum,TN,Memphis,N,"","",FALSE,1610612763,Grizzlies,Memphis,MEM,grizzlies,25,51,119,0,1610612752,Knicks,New York,NYK,knicks,49,28,130,0,2025-26,00,2,Regular Season
2026-04-01,0022501105,20260401/PHIWAS,3,Final,1,2026-04-01T00:00:00Z,1900-01-01T19:00:00Z,2026-04-01T19:00:00Z,2026-04-01T04:00:00Z,1900-01-01T23:00:00Z,2026-04-01T23:00:00Z,2026-04-01T19:00:00Z,2026-04-01T19:00:00Z,Wed,4,24,Week 24,false,"","","","",Capital One Arena,DC,Washington,N,"","",FALSE,1610612764,Wizards,Washington,WAS,wizards,17,59,131,0,1610612755,76ers,Philadelphia,PHI,sixers,42,34,153,0,2025-26,00,2,Regular Season
2026-04-01,0022501106,20260401/BOSMIA,3,Final,3,2026-04-01T00:00:00Z,1900-01-01T19:30:00Z,2026-04-01T19:30:00Z,2026-04-01T04:00:00Z,1900-01-01T23:30:00Z,2026-04-01T23:30:00Z,2026-04-01T19:30:00Z,2026-04-01T19:30:00Z,Wed,4,24,Week 24,false,"","","","",Kaseya Center,FL,Miami,N,"","",FALSE,1610612748,Heat,Miami,MIA,heat,40,37,129,0,1610612738,Celtics,Boston,BOS,celtics,51,25,147,0,2025-26,00,2,Regular Season
2026-04-01,0022501107,20260401/ATLORL,3,Final,2,2026-04-01T00:00:00Z,1900-01-01T19:00:00Z,2026-04-01T19:00:00Z,2026-04-01T04:00:00Z,1900-01-01T23:00:00Z,2026-04-01T23:00:00Z,2026-04-01T19:00:00Z,2026-04-01T19:00:00Z,Wed,4,24,Week 24,false,"","","","",Kia Center,FL,Orlando,N,"","",FALSE,1610612753,Magic,Orlando,ORL,magic,40,36,101,0,1610612737,Hawks,Atlanta,ATL,hawks,44,33,130,0,2025-26,00,2,Regular Season
2026-04-01,0022501108,20260401/SACTOR,3,Final,5,2026-04-01T00:00:00Z,1900-01-01T20:00:00Z,2026-04-01T20:00:00Z,2026-04-01T04:00:00Z,1900-01-01T00:00:00Z,2026-04-02T00:00:00Z,2026-04-01T17:00:00Z,2026-04-01T20:00:00Z,Wed,4,24,Week 24,false,"","","","",Scotiabank Arena,ON,Toronto,N,"","",FALSE,1610612761,Raptors,Toronto,TOR,raptors,42,34,115,0,1610612758,Kings,Sacramento,SAC,kings,20,57,123,0,2025-26,00,2,Regular Season
2026-04-01,0022501109,20260401/INDCHI,3,Final,6,2026-04-01T00:00:00Z,1900-01-01T20:00:00Z,2026-04-01T20:00:00Z,2026-04-01T04:00:00Z,1900-01-01T00:00:00Z,2026-04-02T00:00:00Z,2026-04-01T20:00:00Z,2026-04-01T19:00:00Z,Wed,4,24,Week 24,false,"","","","",United Center,IL,Chicago,N,"","",FALSE,1610612741,Bulls,Chicago,CHI,bulls,29,47,126,0,1610612754,Pacers,Indiana,IND,pacers,18,58,145,0,2025-26,00,2,Regular Season
2026-04-01,0022501110,20260401/MILHOU,3,Final,7,2026-04-01T00:00:00Z,1900-01-01T20:00:00Z,2026-04-01T20:00:00Z,2026-04-01T04:00:00Z,1900-01-01T00:00:00Z,2026-04-02T00:00:00Z,2026-04-01T19:00:00Z,2026-04-01T19:00:00Z,Wed,4,24,Week 24,false,"","","","",Toyota Center,TX,Houston,N,"","",FALSE,1610612745,Rockets,Houston,HOU,rockets,47,29,119,0,1610612749,Bucks,Milwaukee,MIL,bucks,30,46,113,0,2025-26,00,2,Regular Season
2026-04-01,0022501112,20260401/DENUTA,3,Final,8,2026-04-01T00:00:00Z,1900-01-01T21:00:00Z,2026-04-01T21:00:00Z,2026-04-01T04:00:00Z,1900-01-01T01:00:00Z,2026-04-02T01:00:00Z,2026-04-01T19:00:00Z,2026-04-01T19:00:00Z,Wed,4,24,Week 24,false,"","","","",Delta Center,UT,Salt Lake City,N,"","",FALSE,1610612762,Jazz,Utah,UTA,jazz,21,56,117,0,1610612743,Nuggets,Denver,DEN,nuggets,49,28,130,0,2025-26,00,2,Regular Season
2026-04-01,0022501113,20260401/SASGSW,3,Final,9,2026-04-01T00:00:00Z,1900-01-01T22:00:00Z,2026-04-01T22:00:00Z,2026-04-01T04:00:00Z,1900-01-01T02:00:00Z,2026-04-02T02:00:00Z,2026-04-01T21:00:00Z,2026-04-01T19:00:00Z,Wed,4,24,Week 24,false,"","","","",Chase Center,CA,San Francisco,N,"","",FALSE,1610612744,Warriors,Golden State,GSW,warriors,36,40,113,0,1610612759,Spurs,San Antonio,SAS,spurs,58,18,127,0,2025-26,00,2,Regular Season
2026-04-02,0022501114,20260402/PHXCHA,3,Final,1,2026-04-02T00:00:00Z,1900-01-01T19:00:00Z,2026-04-02T19:00:00Z,2026-04-02T04:00:00Z,1900-01-01T23:00:00Z,2026-04-02T23:00:00Z,2026-04-02T16:00:00Z,2026-04-02T19:00:00Z,Thu,4,24,Week 24,false,"","","","",Spectrum Center,NC,Charlotte,N,"","",FALSE,1610612766,Hornets,Charlotte,CHA,hornets,41,36,127,0,1610612756,Suns,Phoenix,PHX,suns,42,35,107,0,2025-26,00,2,Regular Season
2026-04-02,0022501115,20260402/MINDET,3,Final,2,2026-04-02T00:00:00Z,1900-01-01T19:00:00Z,2026-04-02T19:00:00Z,2026-04-02T04:00:00Z,1900-01-01T23:00:00Z,2026-04-02T23:00:00Z,2026-04-02T18:00:00Z,2026-04-02T19:00:00Z,Thu,4,24,Week 24,false,"","","","",Little Caesars Arena,MI,Detroit,N,"","",FALSE,1610612765,Pistons,Detroit,DET,pistons,56,21,113,0,1610612750,Timberwolves,Minnesota,MIN,timberwolves,46,30,108,0,2025-26,00,2,Regular Season
2026-04-02,0022501116,20260402/LALOKC,3,Final,3,2026-04-02T00:00:00Z,1900-01-01T21:30:00Z,2026-04-02T21:30:00Z,2026-04-02T04:00:00Z,1900-01-01T01:30:00Z,2026-04-03T01:30:00Z,2026-04-02T18:30:00Z,2026-04-02T20:30:00Z,Thu,4,24,Week 24,false,"","","","",Paycom Center,OK,Oklahoma City,N,"","",FALSE,1610612760,Thunder,Oklahoma City,OKC,thunder,61,16,139,0,1610612747,Lakers,Los Angeles,LAL,lakers,50,27,96,0,2025-26,00,2,Regular Season
2026-04-02,0022501117,20260402/CLEGSW,3,Final,4,2026-04-02T00:00:00Z,1900-01-01T22:00:00Z,2026-04-02T22:00:00Z,2026-04-02T04:00:00Z,1900-01-01T02:00:00Z,2026-04-03T02:00:00Z,2026-04-02T22:00:00Z,2026-04-02T19:00:00Z,Thu,4,24,Week 24,false,"","","","",Chase Center,CA,San Francisco,N,"","",FALSE,1610612744,Warriors,Golden State,GSW,warriors,36,41,111,0,1610612739,Cavaliers,Cleveland,CLE,cavaliers,48,29,118,0,2025-26,00,2,Regular Season
2026-04-02,0022501118,20260402/NOPPOR,3,Final,5,2026-04-02T00:00:00Z,1900-01-01T22:00:00Z,2026-04-02T22:00:00Z,2026-04-02T04:00:00Z,1900-01-01T02:00:00Z,2026-04-03T02:00:00Z,2026-04-02T21:00:00Z,2026-04-02T19:00:00Z,Thu,4,24,Week 24,false,"","","","",Moda Center,OR,Portland,N,"","",FALSE,1610612757,Trail Blazers,Portland,POR,blazers,40,38,118,0,1610612740,Pelicans,New Orleans,NOP,pelicans,25,52,106,0,2025-26,00,2,Regular Season
2026-04-02,0022501119,20260402/SASLAC,3,Final,6,2026-04-02T00:00:00Z,1900-01-01T22:30:00Z,2026-04-02T22:30:00Z,2026-04-02T04:00:00Z,1900-01-01T02:30:00Z,2026-04-03T02:30:00Z,2026-04-02T21:30:00Z,2026-04-02T19:30:00Z,Thu,4,24,Week 24,false,"","","","",Intuit Dome,CA,Inglewood,N,"","",FALSE,1610612746,Clippers,LA,LAC,clippers,39,38,99,0,1610612759,Spurs,San Antonio,SAS,spurs,59,18,118,0,2025-26,00,2,Regular Season
2026-04-03,0022501120,20260403/INDCHA,3,Final,1,2026-04-03T00:00:00Z,1900-01-01T19:00:00Z,2026-04-03T19:00:00Z,2026-04-03T04:00:00Z,1900-01-01T23:00:00Z,2026-04-03T23:00:00Z,2026-04-03T19:00:00Z,2026-04-03T19:00:00Z,Fri,4,24,Week 24,false,"","","","",Spectrum Center,NC,Charlotte,N,"","",FALSE,1610612766,Hornets,Charlotte,CHA,hornets,42,36,129,0,1610612754,Pacers,Indiana,IND,pacers,18,59,108,0,2025-26,00,2,Regular Season
2026-04-03,0022501121,20260403/MINPHI,3,Final,2,2026-04-03T00:00:00Z,1900-01-01T19:00:00Z,2026-04-03T19:00:00Z,2026-04-03T04:00:00Z,1900-01-01T23:00:00Z,2026-04-03T23:00:00Z,2026-04-03T18:00:00Z,2026-04-03T19:00:00Z,Fri,4,24,Week 24,false,"","","","",Xfinity Mobile Arena,PA,Philadelphia,N,"","",FALSE,1610612755,76ers,Philadelphia,PHI,sixers,43,34,115,0,1610612750,Timberwolves,Minnesota,MIN,timberwolves,46,31,103,0,2025-26,00,2,Regular Season
2026-04-03,0022501122,20260403/ATLBKN,3,Final,3,2026-04-03T00:00:00Z,1900-01-01T19:30:00Z,2026-04-03T19:30:00Z,2026-04-03T04:00:00Z,1900-01-01T23:30:00Z,2026-04-03T23:30:00Z,2026-04-03T19:30:00Z,2026-04-03T19:30:00Z,Fri,4,24,Week 24,false,"","","","",Barclays Center,NY,Brooklyn,N,"","",FALSE,1610612751,Nets,Brooklyn,BKN,nets,18,59,107,0,1610612737,Hawks,Atlanta,ATL,hawks,45,33,141,0,2025-26,00,2,Regular Season
2026-04-03,0022501123,20260403/CHINYK,3,Final,4,2026-04-03T00:00:00Z,1900-01-01T19:30:00Z,2026-04-03T19:30:00Z,2026-04-03T04:00:00Z,1900-01-01T23:30:00Z,2026-04-03T23:30:00Z,2026-04-03T18:30:00Z,2026-04-03T19:30:00Z,Fri,4,24,Week 24,false,"","","","",Madison Square Garden,NY,New York,N,"","",FALSE,1610612752,Knicks,New York,NYK,knicks,50,28,136,0,1610612741,Bulls,Chicago,CHI,bulls,29,48,96,0,2025-26,00,2,Regular Season
2026-04-03,0022501124,20260403/UTAHOU,3,Final,5,2026-04-03T00:00:00Z,1900-01-01T20:00:00Z,2026-04-03T20:00:00Z,2026-04-03T04:00:00Z,1900-01-01T00:00:00Z,2026-04-04T00:00:00Z,2026-04-03T18:00:00Z,2026-04-03T19:00:00Z,Fri,4,24,Week 24,false,"","","","",Toyota Center,TX,Houston,N,"","",FALSE,1610612745,Rockets,Houston,HOU,rockets,48,29,140,0,1610612762,Jazz,Utah,UTA,jazz,21,57,106,0,2025-26,00,2,Regular Season
2026-04-03,0022501125,20260403/TORMEM,3,Final,6,2026-04-03T00:00:00Z,1900-01-01T20:00:00Z,2026-04-03T20:00:00Z,2026-04-03T04:00:00Z,1900-01-01T00:00:00Z,2026-04-04T00:00:00Z,2026-04-03T20:00:00Z,2026-04-03T19:00:00Z,Fri,4,24,Week 24,false,"","","","",FedExForum,TN,Memphis,N,"","",FALSE,1610612763,Grizzlies,Memphis,MEM,grizzlies,25,52,96,0,1610612761,Raptors,Toronto,TOR,raptors,43,34,128,0,2025-26,00,2,Regular Season
2026-04-03,0022501126,20260403/BOSMIL,3,Final,7,2026-04-03T00:00:00Z,1900-01-01T20:00:00Z,2026-04-03T20:00:00Z,2026-04-03T04:00:00Z,1900-01-01T00:00:00Z,2026-04-04T00:00:00Z,2026-04-03T20:00:00Z,2026-04-03T19:00:00Z,Fri,4,24,Week 24,false,"","","","",Fiserv Forum,WI,Milwaukee,N,"","",FALSE,1610612749,Bucks,Milwaukee,MIL,bucks,30,47,101,0,1610612738,Celtics,Boston,BOS,celtics,52,25,133,0,2025-26,00,2,Regular Season
2026-04-03,0022501127,20260403/ORLDAL,3,Final,8,2026-04-03T00:00:00Z,1900-01-01T20:30:00Z,2026-04-03T20:30:00Z,2026-04-03T04:00:00Z,1900-01-01T00:30:00Z,2026-04-04T00:30:00Z,2026-04-03T20:30:00Z,2026-04-03T19:30:00Z,Fri,4,24,Week 24,false,"","","","",American Airlines Center,TX,Dallas,N,"","",FALSE,1610612742,Mavericks,Dallas,DAL,mavericks,24,53,127,0,1610612753,Magic,Orlando,ORL,magic,41,36,138,0,2025-26,00,2,Regular Season
2026-04-03,0022501128,20260403/NOPSAC,3,Final,9,2026-04-03T00:00:00Z,1900-01-01T22:00:00Z,2026-04-03T22:00:00Z,2026-04-03T04:00:00Z,1900-01-01T02:00:00Z,2026-04-04T02:00:00Z,2026-04-03T21:00:00Z,2026-04-03T19:00:00Z,Fri,4,24,Week 24,false,"","","","",Golden 1 Center,CA,Sacramento,N,"","",FALSE,1610612758,Kings,Sacramento,SAC,kings,21,57,117,0,1610612740,Pelicans,New Orleans,NOP,pelicans,25,53,113,0,2025-26,00,2,Regular Season
2026-04-04,0022501129,20260404/WASMIA,3,Final,1,2026-04-04T00:00:00Z,1900-01-01T15:00:00Z,2026-04-04T15:00:00Z,2026-04-04T04:00:00Z,1900-01-01T19:00:00Z,2026-04-04T19:00:00Z,2026-04-04T15:00:00Z,2026-04-04T15:00:00Z,Sat,4,24,Week 24,false,"","","","",Kaseya Center,FL,Miami,N,"","",FALSE,1610612748,Heat,Miami,MIA,heat,41,37,152,0,1610612764,Wizards,Washington,WAS,wizards,17,60,136,0,2025-26,00,2,Regular Season
2026-04-04,0022501130,20260404/SASDEN,3,Final/OT,2,2026-04-04T00:00:00Z,1900-01-01T15:00:00Z,2026-04-04T15:00:00Z,2026-04-04T04:00:00Z,1900-01-01T19:00:00Z,2026-04-04T19:00:00Z,2026-04-04T14:00:00Z,2026-04-04T13:00:00Z,Sat,4,24,Week 24,false,"","","","",Ball Arena,CO,Denver,N,"","",FALSE,1610612743,Nuggets,Denver,DEN,nuggets,50,28,136,0,1610612759,Spurs,San Antonio,SAS,spurs,59,19,134,0,2025-26,00,2,Regular Season
2026-04-04,0022501131,20260404/DETPHI,3,Final,3,2026-04-04T00:00:00Z,1900-01-01T19:00:00Z,2026-04-04T19:00:00Z,2026-04-04T04:00:00Z,1900-01-01T23:00:00Z,2026-04-04T23:00:00Z,2026-04-04T19:00:00Z,2026-04-04T19:00:00Z,Sat,4,24,Week 24,false,"","","","",Xfinity Mobile Arena,PA,Philadelphia,N,"","",FALSE,1610612755,76ers,Philadelphia,PHI,sixers,43,35,93,0,1610612765,Pistons,Detroit,DET,pistons,57,21,116,0,2025-26,00,2,Regular Season
2026-04-05,0022501132,20260405/TORBOS,3,Final,1,2026-04-05T00:00:00Z,1900-01-01T15:30:00Z,2026-04-05T15:30:00Z,2026-04-05T04:00:00Z,1900-01-01T19:30:00Z,2026-04-05T19:30:00Z,2026-04-05T15:30:00Z,2026-04-05T15:30:00Z,Sun,4,24,Week 24,false,"","","","",TD Garden,MA,Boston,N,"","",FALSE,1610612738,Celtics,Boston,BOS,celtics,53,25,115,0,1610612761,Raptors,Toronto,TOR,raptors,43,35,101,0,2025-26,00,2,Regular Season
2026-04-05,0022501133,20260405/WASBKN,3,Final,2,2026-04-05T00:00:00Z,1900-01-01T15:30:00Z,2026-04-05T15:30:00Z,2026-04-05T04:00:00Z,1900-01-01T19:30:00Z,2026-04-05T19:30:00Z,2026-04-05T15:30:00Z,2026-04-05T15:30:00Z,Sun,4,24,Week 24,false,"","","","",Barclays Center,NY,Brooklyn,N,"","",FALSE,1610612751,Nets,Brooklyn,BKN,nets,19,59,121,0,1610612764,Wizards,Washington,WAS,wizards,17,61,115,0,2025-26,00,2,Regular Season
2026-04-05,0022501134,20260405/PHXCHI,3,Final,3,2026-04-05T00:00:00Z,1900-01-01T15:30:00Z,2026-04-05T15:30:00Z,2026-04-05T04:00:00Z,1900-01-01T19:30:00Z,2026-04-05T19:30:00Z,2026-04-05T12:30:00Z,2026-04-05T14:30:00Z,Sun,4,24,Week 24,false,"","","","",United Center,IL,Chicago,N,"","",FALSE,1610612741,Bulls,Chicago,CHI,bulls,29,49,110,0,1610612756,Suns,Phoenix,PHX,suns,43,35,120,0,2025-26,00,2,Regular Season
2026-04-05,0022501135,20260405/MEMMIL,3,Final,4,2026-04-05T00:00:00Z,1900-01-01T15:30:00Z,2026-04-05T15:30:00Z,2026-04-05T04:00:00Z,1900-01-01T19:30:00Z,2026-04-05T19:30:00Z,2026-04-05T14:30:00Z,2026-04-05T14:30:00Z,Sun,4,24,Week 24,false,"","","","",Fiserv Forum,WI,Milwaukee,N,"","",FALSE,1610612749,Bucks,Milwaukee,MIL,bucks,31,47,131,0,1610612763,Grizzlies,Memphis,MEM,grizzlies,25,53,115,0,2025-26,00,2,Regular Season
2026-04-05,0022501136,20260405/INDCLE,3,Final,5,2026-04-05T00:00:00Z,1900-01-01T18:00:00Z,2026-04-05T18:00:00Z,2026-04-05T04:00:00Z,1900-01-01T22:00:00Z,2026-04-05T22:00:00Z,2026-04-05T18:00:00Z,2026-04-05T18:00:00Z,Sun,4,24,Week 24,false,"","","","",Rocket Arena,OH,Cleveland,N,"","",FALSE,1610612739,Cavaliers,Cleveland,CLE,cavaliers,49,29,117,0,1610612754,Pacers,Indiana,IND,pacers,18,60,108,0,2025-26,00,2,Regular Season
2026-04-05,0022501137,20260405/CHAMIN,3,Final,6,2026-04-05T00:00:00Z,1900-01-01T19:00:00Z,2026-04-05T19:00:00Z,2026-04-05T04:00:00Z,1900-01-01T23:00:00Z,2026-04-05T23:00:00Z,2026-04-05T19:00:00Z,2026-04-05T18:00:00Z,Sun,4,24,Week 24,false,"","","","",Target Center,MN,Minneapolis,N,"","",FALSE,1610612750,Timberwolves,Minnesota,MIN,timberwolves,46,32,108,0,1610612766,Hornets,Charlotte,CHA,hornets,43,36,122,0,2025-26,00,2,Regular Season
2026-04-05,0022501138,20260405/ORLNOP,3,Final,7,2026-04-05T00:00:00Z,1900-01-01T19:00:00Z,2026-04-05T19:00:00Z,2026-04-05T04:00:00Z,1900-01-01T23:00:00Z,2026-04-05T23:00:00Z,2026-04-05T19:00:00Z,2026-04-05T18:00:00Z,Sun,4,24,Week 24,false,"","","","",Smoothie King Center,LA,New Orleans,N,"","",FALSE,1610612740,Pelicans,New Orleans,NOP,pelicans,25,54,108,0,1610612753,Magic,Orlando,ORL,magic,42,36,112,0,2025-26,00,2,Regular Season
2026-04-05,0022501139,20260405/UTAOKC,3,Final,8,2026-04-05T00:00:00Z,1900-01-01T19:00:00Z,2026-04-05T19:00:00Z,2026-04-05T04:00:00Z,1900-01-01T23:00:00Z,2026-04-05T23:00:00Z,2026-04-05T17:00:00Z,2026-04-05T18:00:00Z,Sun,4,24,Week 24,false,"","","","",Paycom Center,OK,Oklahoma City,N,"","",FALSE,1610612760,Thunder,Oklahoma City,OKC,thunder,62,16,146,0,1610612762,Jazz,Utah,UTA,jazz,21,58,111,0,2025-26,00,2,Regular Season
2026-04-05,0022501140,20260405/LALDAL,3,Final,9,2026-04-05T00:00:00Z,1900-01-01T19:30:00Z,2026-04-05T19:30:00Z,2026-04-05T04:00:00Z,1900-01-01T23:30:00Z,2026-04-05T23:30:00Z,2026-04-05T16:30:00Z,2026-04-05T18:30:00Z,Sun,4,24,Week 24,false,"","","","",American Airlines Center,TX,Dallas,N,"","",FALSE,1610612742,Mavericks,Dallas,DAL,mavericks,25,53,134,0,1610612747,Lakers,Los Angeles,LAL,lakers,50,28,128,0,2025-26,00,2,Regular Season
2026-04-05,0022501141,20260405/LACSAC,3,Final,10,2026-04-05T00:00:00Z,1900-01-01T21:00:00Z,2026-04-05T21:00:00Z,2026-04-05T04:00:00Z,1900-01-01T01:00:00Z,2026-04-06T01:00:00Z,2026-04-05T18:00:00Z,2026-04-05T18:00:00Z,Sun,4,24,Week 24,false,"","","","",Golden 1 Center,CA,Sacramento,N,"","",FALSE,1610612758,Kings,Sacramento,SAC,kings,21,58,109,0,1610612746,Clippers,LA,LAC,clippers,40,38,138,0,2025-26,00,2,Regular Season
2026-04-05,0022501142,20260405/HOUGSW,3,Final,11,2026-04-05T00:00:00Z,1900-01-01T22:00:00Z,2026-04-05T22:00:00Z,2026-04-05T04:00:00Z,1900-01-01T02:00:00Z,2026-04-06T02:00:00Z,2026-04-05T21:00:00Z,2026-04-05T19:00:00Z,Sun,4,24,Week 24,false,"","","","",Chase Center,CA,San Francisco,N,"","",FALSE,1610612744,Warriors,Golden State,GSW,warriors,36,42,116,0,1610612745,Rockets,Houston,HOU,rockets,49,29,117,0,2025-26,00,2,Regular Season
2026-04-06,0022501143,20260406/NYKATL,3,Final,1,2026-04-06T00:00:00Z,1900-01-01T19:00:00Z,2026-04-06T19:00:00Z,2026-04-06T04:00:00Z,1900-01-01T23:00:00Z,2026-04-06T23:00:00Z,2026-04-06T19:00:00Z,2026-04-06T19:00:00Z,Mon,4,25,Week 25,false,"","","","",State Farm Arena,GA,Atlanta,N,"","",FALSE,1610612737,Hawks,Atlanta,ATL,hawks,45,34,105,0,1610612752,Knicks,New York,NYK,knicks,51,28,108,0,2025-26,00,2,Regular Season
2026-04-06,0022501144,20260406/DETORL,3,Final,2,2026-04-06T00:00:00Z,1900-01-01T19:00:00Z,2026-04-06T19:00:00Z,2026-04-06T04:00:00Z,1900-01-01T23:00:00Z,2026-04-06T23:00:00Z,2026-04-06T19:00:00Z,2026-04-06T19:00:00Z,Mon,4,25,Week 25,false,"","","","",Kia Center,FL,Orlando,N,"","",FALSE,1610612753,Magic,Orlando,ORL,magic,43,36,123,0,1610612765,Pistons,Detroit,DET,pistons,57,22,107,0,2025-26,00,2,Regular Season
2026-04-06,0022501145,20260406/CLEMEM,3,Final,3,2026-04-06T00:00:00Z,1900-01-01T20:00:00Z,2026-04-06T20:00:00Z,2026-04-06T04:00:00Z,1900-01-01T00:00:00Z,2026-04-07T00:00:00Z,2026-04-06T20:00:00Z,2026-04-06T19:00:00Z,Mon,4,25,Week 25,false,"","","","",FedExForum,TN,Memphis,N,"","",FALSE,1610612763,Grizzlies,Memphis,MEM,grizzlies,25,54,126,0,1610612739,Cavaliers,Cleveland,CLE,cavaliers,50,29,142,0,2025-26,00,2,Regular Season
2026-04-06,0022501146,20260406/PHISAS,3,Final,4,2026-04-06T00:00:00Z,1900-01-01T20:00:00Z,2026-04-06T20:00:00Z,2026-04-06T04:00:00Z,1900-01-01T00:00:00Z,2026-04-07T00:00:00Z,2026-04-06T20:00:00Z,2026-04-06T19:00:00Z,Mon,4,25,Week 25,false,"","","","",Frost Bank Center,TX,San Antonio,N,"","",FALSE,1610612759,Spurs,San Antonio,SAS,spurs,60,19,115,0,1610612755,76ers,Philadelphia,PHI,sixers,43,36,102,0,2025-26,00,2,Regular Season
2026-04-06,0022501147,20260406/PORDEN,3,Final/OT,5,2026-04-06T00:00:00Z,1900-01-01T21:00:00Z,2026-04-06T21:00:00Z,2026-04-06T04:00:00Z,1900-01-01T01:00:00Z,2026-04-07T01:00:00Z,2026-04-06T18:00:00Z,2026-04-06T19:00:00Z,Mon,4,25,Week 25,false,"","","","",Ball Arena,CO,Denver,N,"","",FALSE,1610612743,Nuggets,Denver,DEN,nuggets,51,28,137,0,1610612757,Trail Blazers,Portland,POR,blazers,40,39,132,0,2025-26,00,2,Regular Season
2026-04-07,0022501148,20260407/CHIWAS,3,Final,1,2026-04-07T00:00:00Z,1900-01-01T19:00:00Z,2026-04-07T19:00:00Z,2026-04-07T04:00:00Z,1900-01-01T23:00:00Z,2026-04-07T23:00:00Z,2026-04-07T18:00:00Z,2026-04-07T19:00:00Z,Tue,4,25,Week 25,false,"","","","",Capital One Arena,DC,Washington,N,"","",FALSE,1610612764,Wizards,Washington,WAS,wizards,17,62,98,0,1610612741,Bulls,Chicago,CHI,bulls,30,49,129,0,2025-26,00,2,Regular Season
2026-04-07,0022501149,20260407/CHABOS,3,Final,5,2026-04-07T00:00:00Z,1900-01-01T20:00:00Z,2026-04-07T20:00:00Z,2026-04-07T04:00:00Z,1900-01-01T00:00:00Z,2026-04-08T00:00:00Z,2026-04-07T20:00:00Z,2026-04-07T20:00:00Z,Tue,4,25,Week 25,false,"","","","",TD Garden,MA,Boston,N,"","",FALSE,1610612738,Celtics,Boston,BOS,celtics,54,25,113,0,1610612766,Hornets,Charlotte,CHA,hornets,43,37,102,0,2025-26,00,2,Regular Season
2026-04-07,0022501150,20260407/MILBKN,3,Final,3,2026-04-07T00:00:00Z,1900-01-01T19:30:00Z,2026-04-07T19:30:00Z,2026-04-07T04:00:00Z,1900-01-01T23:30:00Z,2026-04-07T23:30:00Z,2026-04-07T18:30:00Z,2026-04-07T19:30:00Z,Tue,4,25,Week 25,false,"","","","",Barclays Center,NY,Brooklyn,N,"","",FALSE,1610612751,Nets,Brooklyn,BKN,nets,20,59,96,0,1610612749,Bucks,Milwaukee,MIL,bucks,31,48,90,0,2025-26,00,2,Regular Season
2026-04-07,0022501151,20260407/MIATOR,3,Final,4,2026-04-07T00:00:00Z,1900-01-01T19:30:00Z,2026-04-07T19:30:00Z,2026-04-07T04:00:00Z,1900-01-01T23:30:00Z,2026-04-07T23:30:00Z,2026-04-07T19:30:00Z,2026-04-07T19:30:00Z,Tue,4,25,Week 25,false,"","","","",Scotiabank Arena,ON,Toronto,N,"","",FALSE,1610612761,Raptors,Toronto,TOR,raptors,44,35,121,0,1610612748,Heat,Miami,MIA,heat,41,38,95,0,2025-26,00,2,Regular Season
2026-04-07,0022501152,20260407/MININD,3,Final,2,2026-04-07T00:00:00Z,1900-01-01T19:00:00Z,2026-04-07T19:00:00Z,2026-04-07T04:00:00Z,1900-01-01T23:00:00Z,2026-04-07T23:00:00Z,2026-04-07T18:00:00Z,2026-04-07T19:00:00Z,Tue,4,25,Week 25,false,"","","","",Gainbridge Fieldhouse,IN,Indianapolis,N,"","",FALSE,1610612754,Pacers,Indiana,IND,pacers,18,61,104,0,1610612750,Timberwolves,Minnesota,MIN,timberwolves,47,32,124,0,2025-26,00,2,Regular Season
2026-04-07,0022501153,20260407/UTANOP,3,Final,6,2026-04-07T00:00:00Z,1900-01-01T20:00:00Z,2026-04-07T20:00:00Z,2026-04-07T04:00:00Z,1900-01-01T00:00:00Z,2026-04-08T00:00:00Z,2026-04-07T18:00:00Z,2026-04-07T19:00:00Z,Tue,4,25,Week 25,false,"","","","",Smoothie King Center,LA,New Orleans,N,"","",FALSE,1610612740,Pelicans,New Orleans,NOP,pelicans,26,54,156,0,1610612762,Jazz,Utah,UTA,jazz,21,59,137,0,2025-26,00,2,Regular Season
2026-04-07,0022501154,20260407/SACGSW,3,Final,7,2026-04-07T00:00:00Z,1900-01-01T22:00:00Z,2026-04-07T22:00:00Z,2026-04-07T04:00:00Z,1900-01-01T02:00:00Z,2026-04-08T02:00:00Z,2026-04-07T19:00:00Z,2026-04-07T19:00:00Z,Tue,4,25,Week 25,false,"","","","",Chase Center,CA,San Francisco,N,"","",FALSE,1610612744,Warriors,Golden State,GSW,warriors,37,42,110,0,1610612758,Kings,Sacramento,SAC,kings,21,59,105,0,2025-26,00,2,Regular Season
2026-04-07,0022501155,20260407/OKCLAL,3,Final,8,2026-04-07T00:00:00Z,1900-01-01T22:30:00Z,2026-04-07T22:30:00Z,2026-04-07T04:00:00Z,1900-01-01T02:30:00Z,2026-04-08T02:30:00Z,2026-04-07T21:30:00Z,2026-04-07T19:30:00Z,Tue,4,25,Week 25,false,"","","","",Crypto.com Arena,CA,Los Angeles,N,"","",FALSE,1610612747,Lakers,Los Angeles,LAL,lakers,50,29,87,0,1610612760,Thunder,Oklahoma City,OKC,thunder,63,16,123,0,2025-26,00,2,Regular Season
2026-04-07,0022501156,20260407/DALLAC,3,Final,9,2026-04-07T00:00:00Z,1900-01-01T22:30:00Z,2026-04-07T22:30:00Z,2026-04-07T04:00:00Z,1900-01-01T02:30:00Z,2026-04-08T02:30:00Z,2026-04-07T21:30:00Z,2026-04-07T19:30:00Z,Tue,4,25,Week 25,false,"","","","",Intuit Dome,CA,Inglewood,N,"","",FALSE,1610612746,Clippers,LA,LAC,clippers,41,38,116,0,1610612742,Mavericks,Dallas,DAL,mavericks,25,54,103,0,2025-26,00,2,Regular Season
2026-04-07,0022501157,20260407/HOUPHX,3,Final,10,2026-04-07T00:00:00Z,1900-01-01T23:00:00Z,2026-04-07T23:00:00Z,2026-04-07T04:00:00Z,1900-01-01T03:00:00Z,2026-04-08T03:00:00Z,2026-04-07T22:00:00Z,2026-04-07T20:00:00Z,Tue,4,25,Week 25,false,"","","","",Mortgage Matchup Center,AZ,Phoenix,N,"","",FALSE,1610612756,Suns,Phoenix,PHX,suns,43,36,105,0,1610612745,Rockets,Houston,HOU,rockets,50,29,119,0,2025-26,00,2,Regular Season
2026-04-08,0022501158,20260408/ATLCLE,3,Final,1,2026-04-08T00:00:00Z,1900-01-01T19:00:00Z,2026-04-08T19:00:00Z,2026-04-08T04:00:00Z,1900-01-01T23:00:00Z,2026-04-08T23:00:00Z,2026-04-08T19:00:00Z,2026-04-08T19:00:00Z,Wed,4,25,Week 25,false,"","","","",Rocket Arena,OH,Cleveland,N,"","",FALSE,1610612739,Cavaliers,Cleveland,CLE,cavaliers,51,29,122,0,1610612737,Hawks,Atlanta,ATL,hawks,45,35,116,0,2025-26,00,2,Regular Season
2026-04-08,0022501159,20260408/MINORL,3,Final,2,2026-04-08T00:00:00Z,1900-01-01T19:00:00Z,2026-04-08T19:00:00Z,2026-04-08T04:00:00Z,1900-01-01T23:00:00Z,2026-04-08T23:00:00Z,2026-04-08T18:00:00Z,2026-04-08T19:00:00Z,Wed,4,25,Week 25,false,"","","","",Kia Center,FL,Orlando,N,"","",FALSE,1610612753,Magic,Orlando,ORL,magic,44,36,132,0,1610612750,Timberwolves,Minnesota,MIN,timberwolves,47,33,120,0,2025-26,00,2,Regular Season
2026-04-08,0022501160,20260408/MILDET,3,Final,3,2026-04-08T00:00:00Z,1900-01-01T19:00:00Z,2026-04-08T19:00:00Z,2026-04-08T04:00:00Z,1900-01-01T23:00:00Z,2026-04-08T23:00:00Z,2026-04-08T18:00:00Z,2026-04-08T19:00:00Z,Wed,4,25,Week 25,false,"","","","",Little Caesars Arena,MI,Detroit,N,"","",FALSE,1610612765,Pistons,Detroit,DET,pistons,58,22,137,0,1610612749,Bucks,Milwaukee,MIL,bucks,31,49,111,0,2025-26,00,2,Regular Season
2026-04-08,0022501161,20260408/PORSAS,3,Final,5,2026-04-08T00:00:00Z,1900-01-01T21:30:00Z,2026-04-08T21:30:00Z,2026-04-08T04:00:00Z,1900-01-01T01:30:00Z,2026-04-09T01:30:00Z,2026-04-08T18:30:00Z,2026-04-08T20:30:00Z,Wed,4,25,Week 25,false,"","","","",Frost Bank Center,TX,San Antonio,N,"","",FALSE,1610612759,Spurs,San Antonio,SAS,spurs,61,19,112,0,1610612757,Trail Blazers,Portland,POR,blazers,40,40,101,0,2025-26,00,2,Regular Season
2026-04-08,0022501162,20260408/MEMDEN,3,Final,4,2026-04-08T00:00:00Z,1900-01-01T21:00:00Z,2026-04-08T21:00:00Z,2026-04-08T04:00:00Z,1900-01-01T01:00:00Z,2026-04-09T01:00:00Z,2026-04-08T20:00:00Z,2026-04-08T19:00:00Z,Wed,4,25,Week 25,false,"","","","",Ball Arena,CO,Denver,N,"","",FALSE,1610612743,Nuggets,Denver,DEN,nuggets,52,28,136,0,1610612763,Grizzlies,Memphis,MEM,grizzlies,25,55,119,0,2025-26,00,2,Regular Season
2026-04-08,0022501163,20260408/OKCLAC,3,Final,6,2026-04-08T00:00:00Z,1900-01-01T22:00:00Z,2026-04-08T22:00:00Z,2026-04-08T04:00:00Z,1900-01-01T02:00:00Z,2026-04-09T02:00:00Z,2026-04-08T21:00:00Z,2026-04-08T19:00:00Z,Wed,4,25,Week 25,false,"","","","",Intuit Dome,CA,Inglewood,N,"","",FALSE,1610612746,Clippers,LA,LAC,clippers,41,39,110,0,1610612760,Thunder,Oklahoma City,OKC,thunder,64,16,128,0,2025-26,00,2,Regular Season
2026-04-08,0022501164,20260408/DALPHX,3,Final,7,2026-04-08T00:00:00Z,1900-01-01T22:00:00Z,2026-04-08T22:00:00Z,2026-04-08T04:00:00Z,1900-01-01T02:00:00Z,2026-04-09T02:00:00Z,2026-04-08T21:00:00Z,2026-04-08T19:00:00Z,Wed,4,25,Week 25,false,"","","","",Mortgage Matchup Center,AZ,Phoenix,N,"","",FALSE,1610612756,Suns,Phoenix,PHX,suns,44,36,112,0,1610612742,Mavericks,Dallas,DAL,mavericks,25,55,107,0,2025-26,00,2,Regular Season
2026-04-09,0022501165,20260409/MIATOR,3,Final,1,2026-04-09T00:00:00Z,1900-01-01T19:00:00Z,2026-04-09T19:00:00Z,2026-04-09T04:00:00Z,1900-01-01T23:00:00Z,2026-04-09T23:00:00Z,2026-04-09T19:00:00Z,2026-04-09T19:00:00Z,Thu,4,25,Week 25,false,"","","","",Scotiabank Arena,ON,Toronto,N,"","",FALSE,1610612761,Raptors,Toronto,TOR,raptors,45,35,128,0,1610612748,Heat,Miami,MIA,heat,41,39,114,0,2025-26,00,2,Regular Season
2026-04-09,0022501166,20260409/CHIWAS,3,Final,2,2026-04-09T00:00:00Z,1900-01-01T19:00:00Z,2026-04-09T19:00:00Z,2026-04-09T04:00:00Z,1900-01-01T23:00:00Z,2026-04-09T23:00:00Z,2026-04-09T18:00:00Z,2026-04-09T19:00:00Z,Thu,4,25,Week 25,false,"","","","",Capital One Arena,DC,Washington,N,"","",FALSE,1610612764,Wizards,Washington,WAS,wizards,17,63,108,0,1610612741,Bulls,Chicago,CHI,bulls,31,49,119,0,2025-26,00,2,Regular Season
2026-04-09,0022501167,20260409/INDBKN,3,Final,3,2026-04-09T00:00:00Z,1900-01-01T19:30:00Z,2026-04-09T19:30:00Z,2026-04-09T04:00:00Z,1900-01-01T23:30:00Z,2026-04-09T23:30:00Z,2026-04-09T19:30:00Z,2026-04-09T19:30:00Z,Thu,4,25,Week 25,false,"","","","",Barclays Center,NY,Brooklyn,N,"","",FALSE,1610612751,Nets,Brooklyn,BKN,nets,20,60,94,0,1610612754,Pacers,Indiana,IND,pacers,19,61,123,0,2025-26,00,2,Regular Season
2026-04-09,0022501168,20260409/BOSNYK,3,Final,4,2026-04-09T00:00:00Z,1900-01-01T19:30:00Z,2026-04-09T19:30:00Z,2026-04-09T04:00:00Z,1900-01-01T23:30:00Z,2026-04-09T23:30:00Z,2026-04-09T19:30:00Z,2026-04-09T19:30:00Z,Thu,4,25,Week 25,false,"","","","",Madison Square Garden,NY,New York,N,"","",FALSE,1610612752,Knicks,New York,NYK,knicks,52,28,112,0,1610612738,Celtics,Boston,BOS,celtics,54,26,106,0,2025-26,00,2,Regular Season
2026-04-09,0022501169,20260409/PHIHOU,3,Final,5,2026-04-09T00:00:00Z,1900-01-01T20:00:00Z,2026-04-09T20:00:00Z,2026-04-09T04:00:00Z,1900-01-01T00:00:00Z,2026-04-10T00:00:00Z,2026-04-09T20:00:00Z,2026-04-09T19:00:00Z,Thu,4,25,Week 25,false,"","","","",Toyota Center,TX,Houston,N,"","",FALSE,1610612745,Rockets,Houston,HOU,rockets,51,29,113,0,1610612755,76ers,Philadelphia,PHI,sixers,43,37,102,0,2025-26,00,2,Regular Season
2026-04-09,0022501170,20260409/LALGSW,3,Final,6,2026-04-09T00:00:00Z,1900-01-01T22:00:00Z,2026-04-09T22:00:00Z,2026-04-09T04:00:00Z,1900-01-01T02:00:00Z,2026-04-10T02:00:00Z,2026-04-09T19:00:00Z,2026-04-09T19:00:00Z,Thu,4,25,Week 25,false,"","","","",Chase Center,CA,San Francisco,N,"","",FALSE,1610612744,Warriors,Golden State,GSW,warriors,37,43,103,0,1610612747,Lakers,Los Angeles,LAL,lakers,51,29,119,0,2025-26,00,2,Regular Season
2026-04-10,0022501171,20260410/DETCHA,3,Final,1,2026-04-10T00:00:00Z,1900-01-01T19:00:00Z,2026-04-10T19:00:00Z,2026-04-10T04:00:00Z,1900-01-01T23:00:00Z,2026-04-10T23:00:00Z,2026-04-10T19:00:00Z,2026-04-10T19:00:00Z,Fri,4,25,Week 25,false,"","","","",Spectrum Center,NC,Charlotte,N,"","",FALSE,1610612766,Hornets,Charlotte,CHA,hornets,43,38,100,0,1610612765,Pistons,Detroit,DET,pistons,59,22,118,0,2025-26,00,2,Regular Season
2026-04-10,0022501172,20260410/MIAWAS,3,Final,2,2026-04-10T00:00:00Z,1900-01-01T19:00:00Z,2026-04-10T19:00:00Z,2026-04-10T04:00:00Z,1900-01-01T23:00:00Z,2026-04-10T23:00:00Z,2026-04-10T19:00:00Z,2026-04-10T19:00:00Z,Fri,4,25,Week 25,false,"","","","",Capital One Arena,DC,Washington,N,"","",FALSE,1610612764,Wizards,Washington,WAS,wizards,17,64,117,0,1610612748,Heat,Miami,MIA,heat,42,39,140,0,2025-26,00,2,Regular Season
2026-04-10,0022501173,20260410/CLEATL,3,Final,3,2026-04-10T00:00:00Z,1900-01-01T19:00:00Z,2026-04-10T19:00:00Z,2026-04-10T04:00:00Z,1900-01-01T23:00:00Z,2026-04-10T23:00:00Z,2026-04-10T19:00:00Z,2026-04-10T19:00:00Z,Fri,4,25,Week 25,false,"","","","",State Farm Arena,GA,Atlanta,N,"","",FALSE,1610612737,Hawks,Atlanta,ATL,hawks,46,35,124,0,1610612739,Cavaliers,Cleveland,CLE,cavaliers,51,30,102,0,2025-26,00,2,Regular Season
2026-04-10,0022501174,20260410/NOPBOS,3,Final,4,2026-04-10T00:00:00Z,1900-01-01T19:30:00Z,2026-04-10T19:30:00Z,2026-04-10T04:00:00Z,1900-01-01T23:30:00Z,2026-04-10T23:30:00Z,2026-04-10T18:30:00Z,2026-04-10T19:30:00Z,Fri,4,25,Week 25,false,"","","","",TD Garden,MA,Boston,N,"","",FALSE,1610612738,Celtics,Boston,BOS,celtics,55,26,144,0,1610612740,Pelicans,New Orleans,NOP,pelicans,26,55,118,0,2025-26,00,2,Regular Season
2026-04-10,0022501175,20260410/PHIIND,3,Final,5,2026-04-10T00:00:00Z,1900-01-01T19:30:00Z,2026-04-10T19:30:00Z,2026-04-10T04:00:00Z,1900-01-01T23:30:00Z,2026-04-10T23:30:00Z,2026-04-10T19:30:00Z,2026-04-10T19:30:00Z,Fri,4,25,Week 25,false,"","","","",Gainbridge Fieldhouse,IN,Indianapolis,N,"","",FALSE,1610612754,Pacers,Indiana,IND,pacers,19,62,94,0,1610612755,76ers,Philadelphia,PHI,sixers,44,37,105,0,2025-26,00,2,Regular Season
2026-04-10,0022501176,20260410/TORNYK,3,Final,6,2026-04-10T00:00:00Z,1900-01-01T19:30:00Z,2026-04-10T19:30:00Z,2026-04-10T04:00:00Z,1900-01-01T23:30:00Z,2026-04-10T23:30:00Z,2026-04-10T19:30:00Z,2026-04-10T19:30:00Z,Fri,4,25,Week 25,false,"","","","",Madison Square Garden,NY,New York,N,"","",FALSE,1610612752,Knicks,New York,NYK,knicks,53,28,112,0,1610612761,Raptors,Toronto,TOR,raptors,45,36,95,0,2025-26,00,2,Regular Season
2026-04-10,0022501177,20260410/ORLCHI,3,Final,7,2026-04-10T00:00:00Z,1900-01-01T20:00:00Z,2026-04-10T20:00:00Z,2026-04-10T04:00:00Z,1900-01-01T00:00:00Z,2026-04-11T00:00:00Z,2026-04-10T20:00:00Z,2026-04-10T19:00:00Z,Fri,4,25,Week 25,false,"","","","",United Center,IL,Chicago,N,"","",FALSE,1610612741,Bulls,Chicago,CHI,bulls,31,50,103,0,1610612753,Magic,Orlando,ORL,magic,45,36,127,0,2025-26,00,2,Regular Season
2026-04-10,0022501178,20260410/MINHOU,3,Final,11,2026-04-10T00:00:00Z,1900-01-01T21:30:00Z,2026-04-10T21:30:00Z,2026-04-10T04:00:00Z,1900-01-01T01:30:00Z,2026-04-11T01:30:00Z,2026-04-10T20:30:00Z,2026-04-10T20:30:00Z,Fri,4,25,Week 25,false,"","","","",Toyota Center,TX,Houston,N,"","",FALSE,1610612745,Rockets,Houston,HOU,rockets,51,30,132,0,1610612750,Timberwolves,Minnesota,MIN,timberwolves,48,33,136,0,2025-26,00,2,Regular Season
2026-04-10,0022501179,20260410/BKNMIL,3,Final,8,2026-04-10T00:00:00Z,1900-01-01T20:00:00Z,2026-04-10T20:00:00Z,2026-04-10T04:00:00Z,1900-01-01T00:00:00Z,2026-04-11T00:00:00Z,2026-04-10T20:00:00Z,2026-04-10T19:00:00Z,Fri,4,25,Week 25,false,"","","","",Fiserv Forum,WI,Milwaukee,N,"","",FALSE,1610612749,Bucks,Milwaukee,MIL,bucks,32,49,125,0,1610612751,Nets,Brooklyn,BKN,nets,20,61,108,0,2025-26,00,2,Regular Season
2026-04-10,0022501180,20260410/DALSAS,3,Final,9,2026-04-10T00:00:00Z,1900-01-01T20:00:00Z,2026-04-10T20:00:00Z,2026-04-10T04:00:00Z,1900-01-01T00:00:00Z,2026-04-11T00:00:00Z,2026-04-10T19:00:00Z,2026-04-10T19:00:00Z,Fri,4,25,Week 25,false,"","","","",Frost Bank Center,TX,San Antonio,N,"","",FALSE,1610612759,Spurs,San Antonio,SAS,spurs,62,19,139,0,1610612742,Mavericks,Dallas,DAL,mavericks,25,56,120,0,2025-26,00,2,Regular Season
2026-04-10,0022501181,20260410/MEMUTA,3,Final,12,2026-04-10T00:00:00Z,1900-01-01T21:30:00Z,2026-04-10T21:30:00Z,2026-04-10T04:00:00Z,1900-01-01T01:30:00Z,2026-04-11T01:30:00Z,2026-04-10T20:30:00Z,2026-04-10T19:30:00Z,Fri,4,25,Week 25,false,"","","","",Delta Center,UT,Salt Lake City,N,"","",FALSE,1610612762,Jazz,Utah,UTA,jazz,22,59,147,0,1610612763,Grizzlies,Memphis,MEM,grizzlies,25,56,101,0,2025-26,00,2,Regular Season
2026-04-10,0022501182,20260410/OKCDEN,3,Final,10,2026-04-10T00:00:00Z,1900-01-01T21:00:00Z,2026-04-10T21:00:00Z,2026-04-10T04:00:00Z,1900-01-01T01:00:00Z,2026-04-11T01:00:00Z,2026-04-10T20:00:00Z,2026-04-10T19:00:00Z,Fri,4,25,Week 25,false,"","","","",Ball Arena,CO,Denver,N,"","",FALSE,1610612743,Nuggets,Denver,DEN,nuggets,53,28,127,0,1610612760,Thunder,Oklahoma City,OKC,thunder,64,17,107,0,2025-26,00,2,Regular Season
2026-04-10,0022501183,20260410/LACPOR,3,Final,13,2026-04-10T00:00:00Z,1900-01-01T22:00:00Z,2026-04-10T22:00:00Z,2026-04-10T04:00:00Z,1900-01-01T02:00:00Z,2026-04-11T02:00:00Z,2026-04-10T19:00:00Z,2026-04-10T19:00:00Z,Fri,4,25,Week 25,false,"","","","",Moda Center,OR,Portland,N,"","",FALSE,1610612757,Trail Blazers,Portland,POR,blazers,41,40,116,0,1610612746,Clippers,LA,LAC,clippers,41,40,97,0,2025-26,00,2,Regular Season
2026-04-10,0022501184,20260410/GSWSAC,3,Final,14,2026-04-10T00:00:00Z,1900-01-01T22:00:00Z,2026-04-10T22:00:00Z,2026-04-10T04:00:00Z,1900-01-01T02:00:00Z,2026-04-11T02:00:00Z,2026-04-10T19:00:00Z,2026-04-10T19:00:00Z,Fri,4,25,Week 25,false,"","","","",Golden 1 Center,CA,Sacramento,N,"","",FALSE,1610612758,Kings,Sacramento,SAC,kings,22,59,124,0,1610612744,Warriors,Golden State,GSW,warriors,37,44,118,0,2025-26,00,2,Regular Season
2026-04-10,0022501185,20260410/PHXLAL,3,Final,15,2026-04-10T00:00:00Z,1900-01-01T22:30:00Z,2026-04-10T22:30:00Z,2026-04-10T04:00:00Z,1900-01-01T02:30:00Z,2026-04-11T02:30:00Z,2026-04-10T19:30:00Z,2026-04-10T19:30:00Z,Fri,4,25,Week 25,false,"","","","",Crypto.com Arena,CA,Los Angeles,N,"","",FALSE,1610612747,Lakers,Los Angeles,LAL,lakers,52,29,101,0,1610612756,Suns,Phoenix,PHX,suns,44,37,73,0,2025-26,00,2,Regular Season
2026-04-12,0022501186,20260412/ORLBOS,3,Final,1,2026-04-12T00:00:00Z,1900-01-01T18:00:00Z,2026-04-12T18:00:00Z,2026-04-12T04:00:00Z,1900-01-01T22:00:00Z,2026-04-12T22:00:00Z,2026-04-12T18:00:00Z,2026-04-12T18:00:00Z,Sun,4,25,Week 25,false,"","","","",TD Garden,MA,Boston,N,"","",FALSE,1610612738,Celtics,Boston,BOS,celtics,56,26,113,0,1610612753,Magic,Orlando,ORL,magic,45,37,108,0,2025-26,00,2,Regular Season
2026-04-12,0022501187,20260412/WASCLE,3,Final,2,2026-04-12T00:00:00Z,1900-01-01T18:00:00Z,2026-04-12T18:00:00Z,2026-04-12T04:00:00Z,1900-01-01T22:00:00Z,2026-04-12T22:00:00Z,2026-04-12T18:00:00Z,2026-04-12T18:00:00Z,Sun,4,25,Week 25,false,"","","","",Rocket Arena,OH,Cleveland,N,"","",FALSE,1610612739,Cavaliers,Cleveland,CLE,cavaliers,52,30,130,0,1610612764,Wizards,Washington,WAS,wizards,17,65,117,0,2025-26,00,2,Regular Season
2026-04-12,0022501188,20260412/DETIND,3,Final,3,2026-04-12T00:00:00Z,1900-01-01T18:00:00Z,2026-04-12T18:00:00Z,2026-04-12T04:00:00Z,1900-01-01T22:00:00Z,2026-04-12T22:00:00Z,2026-04-12T18:00:00Z,2026-04-12T18:00:00Z,Sun,4,25,Week 25,false,"","","","",Gainbridge Fieldhouse,IN,Indianapolis,N,"","",FALSE,1610612754,Pacers,Indiana,IND,pacers,19,63,121,0,1610612765,Pistons,Detroit,DET,pistons,60,22,133,0,2025-26,00,2,Regular Season
2026-04-12,0022501189,20260412/ATLMIA,3,Final,4,2026-04-12T00:00:00Z,1900-01-01T18:00:00Z,2026-04-12T18:00:00Z,2026-04-12T04:00:00Z,1900-01-01T22:00:00Z,2026-04-12T22:00:00Z,2026-04-12T18:00:00Z,2026-04-12T18:00:00Z,Sun,4,25,Week 25,false,"","","","",Kaseya Center,FL,Miami,N,"","",FALSE,1610612748,Heat,Miami,MIA,heat,43,39,143,0,1610612737,Hawks,Atlanta,ATL,hawks,46,36,117,0,2025-26,00,2,Regular Season
2026-04-12,0022501190,20260412/CHANYK,3,Final,5,2026-04-12T00:00:00Z,1900-01-01T18:00:00Z,2026-04-12T18:00:00Z,2026-04-12T04:00:00Z,1900-01-01T22:00:00Z,2026-04-12T22:00:00Z,2026-04-12T18:00:00Z,2026-04-12T18:00:00Z,Sun,4,25,Week 25,false,"","","","",Madison Square Garden,NY,New York,N,"","",FALSE,1610612752,Knicks,New York,NYK,knicks,53,29,96,0,1610612766,Hornets,Charlotte,CHA,hornets,44,38,110,0,2025-26,00,2,Regular Season
2026-04-12,0022501191,20260412/MILPHI,3,Final,6,2026-04-12T00:00:00Z,1900-01-01T18:00:00Z,2026-04-12T18:00:00Z,2026-04-12T04:00:00Z,1900-01-01T22:00:00Z,2026-04-12T22:00:00Z,2026-04-12T17:00:00Z,2026-04-12T18:00:00Z,Sun,4,25,Week 25,false,"","","","",Xfinity Mobile Arena,PA,Philadelphia,N,"","",FALSE,1610612755,76ers,Philadelphia,PHI,sixers,45,37,126,0,1610612749,Bucks,Milwaukee,MIL,bucks,32,50,106,0,2025-26,00,2,Regular Season
2026-04-12,0022501192,20260412/BKNTOR,3,Final,7,2026-04-12T00:00:00Z,1900-01-01T18:00:00Z,2026-04-12T18:00:00Z,2026-04-12T04:00:00Z,1900-01-01T22:00:00Z,2026-04-12T22:00:00Z,2026-04-12T18:00:00Z,2026-04-12T18:00:00Z,Sun,4,25,Week 25,false,"","","","",Scotiabank Arena,ON,Toronto,N,"","",FALSE,1610612761,Raptors,Toronto,TOR,raptors,46,36,136,0,1610612751,Nets,Brooklyn,BKN,nets,20,62,101,0,2025-26,00,2,Regular Season
2026-04-12,0022501193,20260412/CHIDAL,3,Final,8,2026-04-12T00:00:00Z,1900-01-01T20:30:00Z,2026-04-12T20:30:00Z,2026-04-12T04:00:00Z,1900-01-01T00:30:00Z,2026-04-13T00:30:00Z,2026-04-12T19:30:00Z,2026-04-12T19:30:00Z,Sun,4,25,Week 25,false,"","","","",American Airlines Center,TX,Dallas,N,"","",FALSE,1610612742,Mavericks,Dallas,DAL,mavericks,26,56,149,0,1610612741,Bulls,Chicago,CHI,bulls,31,51,128,0,2025-26,00,2,Regular Season
2026-04-12,0022501194,20260412/MEMHOU,3,Final,9,2026-04-12T00:00:00Z,1900-01-01T20:30:00Z,2026-04-12T20:30:00Z,2026-04-12T04:00:00Z,1900-01-01T00:30:00Z,2026-04-13T00:30:00Z,2026-04-12T19:30:00Z,2026-04-12T19:30:00Z,Sun,4,25,Week 25,false,"","","","",Toyota Center,TX,Houston,N,"","",FALSE,1610612745,Rockets,Houston,HOU,rockets,52,30,132,0,1610612763,Grizzlies,Memphis,MEM,grizzlies,25,57,101,0,2025-26,00,2,Regular Season
2026-04-12,0022501195,20260412/NOPMIN,3,Final,10,2026-04-12T00:00:00Z,1900-01-01T20:30:00Z,2026-04-12T20:30:00Z,2026-04-12T04:00:00Z,1900-01-01T00:30:00Z,2026-04-13T00:30:00Z,2026-04-12T19:30:00Z,2026-04-12T19:30:00Z,Sun,4,25,Week 25,false,"","","","",Target Center,MN,Minneapolis,N,"","",FALSE,1610612750,Timberwolves,Minnesota,MIN,timberwolves,49,33,132,0,1610612740,Pelicans,New Orleans,NOP,pelicans,26,56,126,0,2025-26,00,2,Regular Season
2026-04-12,0022501196,20260412/PHXOKC,3,Final,11,2026-04-12T00:00:00Z,1900-01-01T20:30:00Z,2026-04-12T20:30:00Z,2026-04-12T04:00:00Z,1900-01-01T00:30:00Z,2026-04-13T00:30:00Z,2026-04-12T17:30:00Z,2026-04-12T19:30:00Z,Sun,4,25,Week 25,false,"","","","",Paycom Center,OK,Oklahoma City,N,"","",FALSE,1610612760,Thunder,Oklahoma City,OKC,thunder,64,18,103,0,1610612756,Suns,Phoenix,PHX,suns,45,37,135,0,2025-26,00,2,Regular Season
2026-04-12,0022501197,20260412/DENSAS,3,Final,12,2026-04-12T00:00:00Z,1900-01-01T20:30:00Z,2026-04-12T20:30:00Z,2026-04-12T04:00:00Z,1900-01-01T00:30:00Z,2026-04-13T00:30:00Z,2026-04-12T18:30:00Z,2026-04-12T19:30:00Z,Sun,4,25,Week 25,false,"","","","",Frost Bank Center,TX,San Antonio,N,"","",FALSE,1610612759,Spurs,San Antonio,SAS,spurs,62,20,118,0,1610612743,Nuggets,Denver,DEN,nuggets,54,28,128,0,2025-26,00,2,Regular Season
2026-04-12,0022501198,20260412/UTALAL,3,Final,13,2026-04-12T00:00:00Z,1900-01-01T20:30:00Z,2026-04-12T20:30:00Z,2026-04-12T04:00:00Z,1900-01-01T00:30:00Z,2026-04-13T00:30:00Z,2026-04-12T18:30:00Z,2026-04-12T17:30:00Z,Sun,4,25,Week 25,false,"","","","",Crypto.com Arena,CA,Los Angeles,N,"","",FALSE,1610612747,Lakers,Los Angeles,LAL,lakers,53,29,131,0,1610612762,Jazz,Utah,UTA,jazz,22,60,107,0,2025-26,00,2,Regular Season
2026-04-12,0022501199,20260412/GSWLAC,3,Final,14,2026-04-12T00:00:00Z,1900-01-01T20:30:00Z,2026-04-12T20:30:00Z,2026-04-12T04:00:00Z,1900-01-01T00:30:00Z,2026-04-13T00:30:00Z,2026-04-12T17:30:00Z,2026-04-12T17:30:00Z,Sun,4,25,Week 25,false,"","","","",Intuit Dome,CA,Inglewood,N,"","",FALSE,1610612746,Clippers,LA,LAC,clippers,42,40,115,0,1610612744,Warriors,Golden State,GSW,warriors,37,45,110,0,2025-26,00,2,Regular Season
2026-04-12,0022501200,20260412/SACPOR,3,Final,15,2026-04-12T00:00:00Z,1900-01-01T20:30:00Z,2026-04-12T20:30:00Z,2026-04-12T04:00:00Z,1900-01-01T00:30:00Z,2026-04-13T00:30:00Z,2026-04-12T17:30:00Z,2026-04-12T17:30:00Z,Sun,4,25,Week 25,false,"","","","",Moda Center,OR,Portland,N,"","",FALSE,1610612757,Trail Blazers,Portland,POR,blazers,42,40,122,0,1610612758,Kings,Sacramento,SAC,kings,22,60,110,0,2025-26,00,2,Regular Season
2026-04-14,0052500111,20260414/MIACHA,3,Final/OT,1,2026-04-14T00:00:00Z,1900-01-01T19:30:00Z,2026-04-14T19:30:00Z,2026-04-14T04:00:00Z,1900-01-01T23:30:00Z,2026-04-14T23:30:00Z,2026-04-14T19:30:00Z,2026-04-14T19:30:00Z,Tue,4,26,Week 26,false,"",SoFi Play-In Tournament,East,MIA eliminated,Spectrum Center,NC,Charlotte,N,"","",FALSE,1610612766,Hornets,Charlotte,CHA,hornets,1,0,127,9,1610612748,Heat,Miami,MIA,heat,0,1,126,10,2025-26,00,5,Play-In Game
2026-04-14,0052500121,20260414/PORPHX,3,Final,2,2026-04-14T00:00:00Z,1900-01-01T22:00:00Z,2026-04-14T22:00:00Z,2026-04-14T04:00:00Z,1900-01-01T02:00:00Z,2026-04-15T02:00:00Z,2026-04-14T19:00:00Z,2026-04-14T19:00:00Z,Tue,4,26,Week 26,false,"",SoFi Play-In Tournament,West,POR clinch 7 seed,Mortgage Matchup Center,AZ,Phoenix,N,"","",FALSE,1610612756,Suns,Phoenix,PHX,suns,0,1,110,7,1610612757,Trail Blazers,Portland,POR,blazers,1,0,114,8,2025-26,00,5,Play-In Game
2026-04-15,0052500101,20260415/ORLPHI,3,Final,1,2026-04-15T00:00:00Z,1900-01-01T19:30:00Z,2026-04-15T19:30:00Z,2026-04-15T04:00:00Z,1900-01-01T23:30:00Z,2026-04-15T23:30:00Z,2026-04-15T19:30:00Z,2026-04-15T19:30:00Z,Wed,4,26,Week 26,false,"",SoFi Play-In Tournament,East,PHI clinch 7 seed,Xfinity Mobile Arena,PA,Philadelphia,N,"","",FALSE,1610612755,76ers,Philadelphia,PHI,sixers,1,0,109,7,1610612753,Magic,Orlando,ORL,magic,0,1,97,8,2025-26,00,5,Play-In Game
2026-04-15,0052500131,20260415/GSWLAC,3,Final,2,2026-04-15T00:00:00Z,1900-01-01T22:00:00Z,2026-04-15T22:00:00Z,2026-04-15T04:00:00Z,1900-01-01T02:00:00Z,2026-04-16T02:00:00Z,2026-04-15T19:00:00Z,2026-04-15T19:00:00Z,Wed,4,26,Week 26,false,"",SoFi Play-In Tournament,West,LAC eliminated,Intuit Dome,CA,Inglewood,N,"","",FALSE,1610612746,Clippers,LA,LAC,clippers,0,1,121,9,1610612744,Warriors,Golden State,GSW,warriors,1,0,126,10,2025-26,00,5,Play-In Game
2026-04-17,0052500201,20260417/CHAORL,3,Final,1,2026-04-17T00:00:00Z,1900-01-01T19:30:00Z,2026-04-17T19:30:00Z,2026-04-17T04:00:00Z,1900-01-01T23:30:00Z,2026-04-17T23:30:00Z,2026-04-17T19:30:00Z,2026-04-17T19:30:00Z,Fri,4,26,Week 26,false,"",SoFi Play-In Tournament,East,ORL clinch 8 seed,Kia Center,FL,Orlando,N,"","",FALSE,1610612753,Magic,Orlando,ORL,magic,1,1,121,8,1610612766,Hornets,Charlotte,CHA,hornets,1,1,90,9,2025-26,00,5,Play-In Game
2026-04-17,0052500211,20260417/GSWPHX,3,Final,2,2026-04-17T00:00:00Z,1900-01-01T22:00:00Z,2026-04-17T22:00:00Z,2026-04-17T04:00:00Z,1900-01-01T02:00:00Z,2026-04-18T02:00:00Z,2026-04-17T19:00:00Z,2026-04-17T19:00:00Z,Fri,4,26,Week 26,false,"",SoFi Play-In Tournament,West,PHX clinch 8 seed,Mortgage Matchup Center,AZ,Phoenix,N,"","",FALSE,1610612756,Suns,Phoenix,PHX,suns,1,1,111,7,1610612744,Warriors,Golden State,GSW,warriors,1,1,96,10,2025-26,00,5,Play-In Game
2026-04-18,0042500121,20260418/ATLNYK,3,Final,3,2026-04-18T00:00:00Z,1900-01-01T18:00:00Z,2026-04-18T18:00:00Z,2026-04-18T04:00:00Z,1900-01-01T22:00:00Z,2026-04-18T22:00:00Z,2026-04-18T18:00:00Z,2026-04-18T18:00:00Z,Sat,4,26,Week 26,false,Game 1,East First Round,Game 1,NYK leads 1-0,Madison Square Garden,NY,New York,N,"","",FALSE,1610612752,Knicks,New York,NYK,knicks,1,0,113,3,1610612737,Hawks,Atlanta,ATL,hawks,0,1,102,6,2025-26,00,4,Playoffs
2026-04-18,0042500131,20260418/TORCLE,3,Final,1,2026-04-18T00:00:00Z,1900-01-01T13:00:00Z,2026-04-18T13:00:00Z,2026-04-18T04:00:00Z,1900-01-01T17:00:00Z,2026-04-18T17:00:00Z,2026-04-18T13:00:00Z,2026-04-18T13:00:00Z,Sat,4,26,Week 26,false,Game 1,East First Round,Game 1,CLE leads 1-0,Rocket Arena,OH,Cleveland,N,"","",FALSE,1610612739,Cavaliers,Cleveland,CLE,cavaliers,1,0,126,4,1610612761,Raptors,Toronto,TOR,raptors,0,1,113,5,2025-26,00,4,Playoffs
2026-04-18,0042500161,20260418/MINDEN,3,Final,2,2026-04-18T00:00:00Z,1900-01-01T15:30:00Z,2026-04-18T15:30:00Z,2026-04-18T04:00:00Z,1900-01-01T19:30:00Z,2026-04-18T19:30:00Z,2026-04-18T14:30:00Z,2026-04-18T13:30:00Z,Sat,4,26,Week 26,false,Game 1,West First Round,Game 1,DEN leads 1-0,Ball Arena,CO,Denver,N,"","",FALSE,1610612743,Nuggets,Denver,DEN,nuggets,1,0,116,3,1610612750,Timberwolves,Minnesota,MIN,timberwolves,0,1,105,6,2025-26,00,4,Playoffs
2026-04-18,0042500171,20260418/HOULAL,3,Final,4,2026-04-18T00:00:00Z,1900-01-01T20:30:00Z,2026-04-18T20:30:00Z,2026-04-18T04:00:00Z,1900-01-01T00:30:00Z,2026-04-19T00:30:00Z,2026-04-18T19:30:00Z,2026-04-18T17:30:00Z,Sat,4,26,Week 26,false,Game 1,West First Round,Game 1,LAL leads 1-0,Crypto.com Arena,CA,Los Angeles,N,"","",FALSE,1610612747,Lakers,Los Angeles,LAL,lakers,1,0,107,4,1610612745,Rockets,Houston,HOU,rockets,0,1,98,5,2025-26,00,4,Playoffs
2026-04-19,0042500101,20260419/ORLDET,3,Final,3,2026-04-19T00:00:00Z,1900-01-01T18:30:00Z,2026-04-19T18:30:00Z,2026-04-19T04:00:00Z,1900-01-01T22:30:00Z,2026-04-19T22:30:00Z,2026-04-19T18:30:00Z,2026-04-19T18:30:00Z,Sun,4,26,Week 26,false,Game 1,East First Round,Game 1,ORL leads 1-0,Little Caesars Arena,MI,Detroit,N,"","",FALSE,1610612765,Pistons,Detroit,DET,pistons,0,1,101,1,1610612753,Magic,Orlando,ORL,magic,1,0,112,8,2025-26,00,4,Playoffs
2026-04-19,0042500111,20260419/PHIBOS,3,Final,1,2026-04-19T00:00:00Z,1900-01-01T13:00:00Z,2026-04-19T13:00:00Z,2026-04-19T04:00:00Z,1900-01-01T17:00:00Z,2026-04-19T17:00:00Z,2026-04-19T13:00:00Z,2026-04-19T13:00:00Z,Sun,4,26,Week 26,false,Game 1,East First Round,Game 1,BOS leads 1-0,TD Garden,MA,Boston,N,"","",FALSE,1610612738,Celtics,Boston,BOS,celtics,1,0,123,2,1610612755,76ers,Philadelphia,PHI,sixers,0,1,91,7,2025-26,00,4,Playoffs
2026-04-19,0042500141,20260419/PHXOKC,3,Final,2,2026-04-19T00:00:00Z,1900-01-01T15:30:00Z,2026-04-19T15:30:00Z,2026-04-19T04:00:00Z,1900-01-01T19:30:00Z,2026-04-19T19:30:00Z,2026-04-19T12:30:00Z,2026-04-19T14:30:00Z,Sun,4,26,Week 26,false,Game 1,West First Round,Game 1,OKC leads 1-0,Paycom Center,OK,Oklahoma City,N,"","",FALSE,1610612760,Thunder,Oklahoma City,OKC,thunder,1,0,119,1,1610612756,Suns,Phoenix,PHX,suns,0,1,84,8,2025-26,00,4,Playoffs
2026-04-19,0042500151,20260419/PORSAS,3,Final,4,2026-04-19T00:00:00Z,1900-01-01T21:00:00Z,2026-04-19T21:00:00Z,2026-04-19T04:00:00Z,1900-01-01T01:00:00Z,2026-04-20T01:00:00Z,2026-04-19T18:00:00Z,2026-04-19T20:00:00Z,Sun,4,26,Week 26,false,Game 1,West First Round,Game 1,SAS leads 1-0,Frost Bank Center,TX,San Antonio,N,"","",FALSE,1610612759,Spurs,San Antonio,SAS,spurs,1,0,111,2,1610612757,Trail Blazers,Portland,POR,blazers,0,1,98,7,2025-26,00,4,Playoffs
2026-04-20,0042500122,20260420/ATLNYK,3,Final,2,2026-04-20T00:00:00Z,1900-01-01T20:00:00Z,2026-04-20T20:00:00Z,2026-04-20T04:00:00Z,1900-01-01T00:00:00Z,2026-04-21T00:00:00Z,2026-04-20T20:00:00Z,2026-04-20T20:00:00Z,Mon,4,27,Week 27,false,Game 2,East First Round,Game 2,Series tied 1-1,Madison Square Garden,NY,New York,N,"","",FALSE,1610612752,Knicks,New York,NYK,knicks,1,1,106,3,1610612737,Hawks,Atlanta,ATL,hawks,1,1,107,6,2025-26,00,4,Playoffs
2026-04-20,0042500132,20260420/TORCLE,3,Final,1,2026-04-20T00:00:00Z,1900-01-01T19:00:00Z,2026-04-20T19:00:00Z,2026-04-20T04:00:00Z,1900-01-01T23:00:00Z,2026-04-20T23:00:00Z,2026-04-20T19:00:00Z,2026-04-20T19:00:00Z,Mon,4,27,Week 27,false,Game 2,East First Round,Game 2,CLE leads 2-0,Rocket Arena,OH,Cleveland,N,"","",FALSE,1610612739,Cavaliers,Cleveland,CLE,cavaliers,2,0,115,4,1610612761,Raptors,Toronto,TOR,raptors,0,2,105,5,2025-26,00,4,Playoffs
2026-04-20,0042500162,20260420/MINDEN,3,Final,3,2026-04-20T00:00:00Z,1900-01-01T22:30:00Z,2026-04-20T22:30:00Z,2026-04-20T04:00:00Z,1900-01-01T02:30:00Z,2026-04-21T02:30:00Z,2026-04-20T21:30:00Z,2026-04-20T20:30:00Z,Mon,4,27,Week 27,false,Game 2,West First Round,Game 2,Series tied 1-1,Ball Arena,CO,Denver,N,"","",FALSE,1610612743,Nuggets,Denver,DEN,nuggets,1,1,114,3,1610612750,Timberwolves,Minnesota,MIN,timberwolves,1,1,119,6,2025-26,00,4,Playoffs
2026-04-21,0042500112,20260421/PHIBOS,3,Final,1,2026-04-21T00:00:00Z,1900-01-01T19:00:00Z,2026-04-21T19:00:00Z,2026-04-21T04:00:00Z,1900-01-01T23:00:00Z,2026-04-21T23:00:00Z,2026-04-21T19:00:00Z,2026-04-21T19:00:00Z,Tue,4,27,Week 27,false,Game 2,East First Round,Game 2,Series tied 1-1,TD Garden,MA,Boston,N,"","",FALSE,1610612738,Celtics,Boston,BOS,celtics,1,1,97,2,1610612755,76ers,Philadelphia,PHI,sixers,1,1,111,7,2025-26,00,4,Playoffs
2026-04-21,0042500152,20260421/PORSAS,3,Final,2,2026-04-21T00:00:00Z,1900-01-01T20:00:00Z,2026-04-21T20:00:00Z,2026-04-21T04:00:00Z,1900-01-01T00:00:00Z,2026-04-22T00:00:00Z,2026-04-21T17:00:00Z,2026-04-21T19:00:00Z,Tue,4,27,Week 27,false,Game 2,West First Round,Game 2,Series tied 1-1,Frost Bank Center,TX,San Antonio,N,"","",FALSE,1610612759,Spurs,San Antonio,SAS,spurs,1,1,103,2,1610612757,Trail Blazers,Portland,POR,blazers,1,1,106,7,2025-26,00,4,Playoffs
2026-04-21,0042500172,20260421/HOULAL,3,Final,3,2026-04-21T00:00:00Z,1900-01-01T22:30:00Z,2026-04-21T22:30:00Z,2026-04-21T04:00:00Z,1900-01-01T02:30:00Z,2026-04-22T02:30:00Z,2026-04-21T21:30:00Z,2026-04-21T19:30:00Z,Tue,4,27,Week 27,false,Game 2,West First Round,Game 2,LAL leads 2-0,Crypto.com Arena,CA,Los Angeles,N,"","",FALSE,1610612747,Lakers,Los Angeles,LAL,lakers,2,0,101,4,1610612745,Rockets,Houston,HOU,rockets,0,2,94,5,2025-26,00,4,Playoffs
2026-04-22,0042500102,20260422/ORLDET,3,Final,1,2026-04-22T00:00:00Z,1900-01-01T19:00:00Z,2026-04-22T19:00:00Z,2026-04-22T04:00:00Z,1900-01-01T23:00:00Z,2026-04-22T23:00:00Z,2026-04-22T19:00:00Z,2026-04-22T19:00:00Z,Wed,4,27,Week 27,false,Game 2,East First Round,Game 2,Series tied 1-1,Little Caesars Arena,MI,Detroit,N,"","",FALSE,1610612765,Pistons,Detroit,DET,pistons,1,1,98,1,1610612753,Magic,Orlando,ORL,magic,1,1,83,8,2025-26,00,4,Playoffs
2026-04-22,0042500142,20260422/PHXOKC,3,Final,2,2026-04-22T00:00:00Z,1900-01-01T21:30:00Z,2026-04-22T21:30:00Z,2026-04-22T04:00:00Z,1900-01-01T01:30:00Z,2026-04-23T01:30:00Z,2026-04-22T18:30:00Z,2026-04-22T20:30:00Z,Wed,4,27,Week 27,false,Game 2,West First Round,Game 2,OKC leads 2-0,Paycom Center,OK,Oklahoma City,N,"","",FALSE,1610612760,Thunder,Oklahoma City,OKC,thunder,2,0,120,1,1610612756,Suns,Phoenix,PHX,suns,0,2,107,8,2025-26,00,4,Playoffs
2026-04-23,0042500123,20260423/NYKATL,3,Final,1,2026-04-23T00:00:00Z,1900-01-01T19:00:00Z,2026-04-23T19:00:00Z,2026-04-23T04:00:00Z,1900-01-01T23:00:00Z,2026-04-23T23:00:00Z,2026-04-23T19:00:00Z,2026-04-23T19:00:00Z,Thu,4,27,Week 27,false,Game 3,East First Round,Game 3,ATL leads 2-1,State Farm Arena,GA,Atlanta,N,"","",FALSE,1610612737,Hawks,Atlanta,ATL,hawks,2,1,109,6,1610612752,Knicks,New York,NYK,knicks,1,2,108,3,2025-26,00,4,Playoffs
2026-04-23,0042500133,20260423/CLETOR,3,Final,2,2026-04-23T00:00:00Z,1900-01-01T20:00:00Z,2026-04-23T20:00:00Z,2026-04-23T04:00:00Z,1900-01-01T00:00:00Z,2026-04-24T00:00:00Z,2026-04-23T20:00:00Z,2026-04-23T20:00:00Z,Thu,4,27,Week 27,false,Game 3,East First Round,Game 3,CLE leads 2-1,Scotiabank Arena,ON,Toronto,N,"","",FALSE,1610612761,Raptors,Toronto,TOR,raptors,1,2,126,5,1610612739,Cavaliers,Cleveland,CLE,cavaliers,2,1,104,4,2025-26,00,4,Playoffs
2026-04-23,0042500163,20260423/DENMIN,3,Final,3,2026-04-23T00:00:00Z,1900-01-01T21:30:00Z,2026-04-23T21:30:00Z,2026-04-23T04:00:00Z,1900-01-01T01:30:00Z,2026-04-24T01:30:00Z,2026-04-23T19:30:00Z,2026-04-23T20:30:00Z,Thu,4,27,Week 27,false,Game 3,West First Round,Game 3,MIN leads 2-1,Target Center,MN,Minneapolis,N,"","",FALSE,1610612750,Timberwolves,Minnesota,MIN,timberwolves,2,1,113,6,1610612743,Nuggets,Denver,DEN,nuggets,1,2,96,3,2025-26,00,4,Playoffs
2026-04-24,0042500113,20260424/BOSPHI,3,Final,1,2026-04-24T00:00:00Z,1900-01-01T19:00:00Z,2026-04-24T19:00:00Z,2026-04-24T04:00:00Z,1900-01-01T23:00:00Z,2026-04-24T23:00:00Z,2026-04-24T19:00:00Z,2026-04-24T19:00:00Z,Fri,4,27,Week 27,false,Game 3,East First Round,Game 3,BOS leads 2-1,Xfinity Mobile Arena,PA,Philadelphia,N,"","",FALSE,1610612755,76ers,Philadelphia,PHI,sixers,1,2,100,7,1610612738,Celtics,Boston,BOS,celtics,2,1,108,2,2025-26,00,4,Playoffs
2026-04-24,0042500153,20260424/SASPOR,3,Final,3,2026-04-24T00:00:00Z,1900-01-01T22:30:00Z,2026-04-24T22:30:00Z,2026-04-24T04:00:00Z,1900-01-01T02:30:00Z,2026-04-25T02:30:00Z,2026-04-24T21:30:00Z,2026-04-24T19:30:00Z,Fri,4,27,Week 27,false,Game 3,West First Round,Game 3,SAS leads 2-1,Moda Center,OR,Portland,N,"","",FALSE,1610612757,Trail Blazers,Portland,POR,blazers,1,2,108,7,1610612759,Spurs,San Antonio,SAS,spurs,2,1,120,2,2025-26,00,4,Playoffs
2026-04-24,0042500173,20260424/LALHOU,3,Final/OT,2,2026-04-24T00:00:00Z,1900-01-01T20:00:00Z,2026-04-24T20:00:00Z,2026-04-24T04:00:00Z,1900-01-01T00:00:00Z,2026-04-25T00:00:00Z,2026-04-24T17:00:00Z,2026-04-24T19:00:00Z,Fri,4,27,Week 27,false,Game 3,West First Round,Game 3,LAL leads 3-0,Toyota Center,TX,Houston,N,"","",FALSE,1610612745,Rockets,Houston,HOU,rockets,0,3,108,5,1610612747,Lakers,Los Angeles,LAL,lakers,3,0,112,4,2025-26,00,4,Playoffs
2026-04-25,0042500103,20260425/DETORL,3,Final,1,2026-04-25T00:00:00Z,1900-01-01T13:00:00Z,2026-04-25T13:00:00Z,2026-04-25T04:00:00Z,1900-01-01T17:00:00Z,2026-04-25T17:00:00Z,2026-04-25T13:00:00Z,2026-04-25T13:00:00Z,Sat,4,27,Week 27,false,Game 3,East First Round,Game 3,ORL leads 2-1,Kia Center,FL,Orlando,N,"","",FALSE,1610612753,Magic,Orlando,ORL,magic,2,1,113,8,1610612765,Pistons,Detroit,DET,pistons,1,2,105,1,2025-26,00,4,Playoffs
2026-04-25,0042500124,20260425/NYKATL,3,Final,3,2026-04-25T00:00:00Z,1900-01-01T18:00:00Z,2026-04-25T18:00:00Z,2026-04-25T04:00:00Z,1900-01-01T22:00:00Z,2026-04-25T22:00:00Z,2026-04-25T18:00:00Z,2026-04-25T18:00:00Z,Sat,4,27,Week 27,false,Game 4,East First Round,Game 4,Series tied 2-2,State Farm Arena,GA,Atlanta,N,"","",FALSE,1610612737,Hawks,Atlanta,ATL,hawks,2,2,98,6,1610612752,Knicks,New York,NYK,knicks,2,2,114,3,2025-26,00,4,Playoffs
2026-04-25,0042500143,20260425/OKCPHX,3,Final,2,2026-04-25T00:00:00Z,1900-01-01T15:30:00Z,2026-04-25T15:30:00Z,2026-04-25T04:00:00Z,1900-01-01T19:30:00Z,2026-04-25T19:30:00Z,2026-04-25T14:30:00Z,2026-04-25T12:30:00Z,Sat,4,27,Week 27,false,Game 3,West First Round,Game 3,OKC leads 3-0,Mortgage Matchup Center,AZ,Phoenix,N,"","",FALSE,1610612756,Suns,Phoenix,PHX,suns,0,3,109,8,1610612760,Thunder,Oklahoma City,OKC,thunder,3,0,121,1,2025-26,00,4,Playoffs
2026-04-25,0042500164,20260425/DENMIN,3,Final,4,2026-04-25T00:00:00Z,1900-01-01T20:30:00Z,2026-04-25T20:30:00Z,2026-04-25T04:00:00Z,1900-01-01T00:30:00Z,2026-04-26T00:30:00Z,2026-04-25T18:30:00Z,2026-04-25T19:30:00Z,Sat,4,27,Week 27,false,Game 4,West First Round,Game 4,MIN leads 3-1,Target Center,MN,Minneapolis,N,"","",FALSE,1610612750,Timberwolves,Minnesota,MIN,timberwolves,3,1,112,6,1610612743,Nuggets,Denver,DEN,nuggets,1,3,96,3,2025-26,00,4,Playoffs
2026-04-26,0042500114,20260426/BOSPHI,3,Final,3,2026-04-26T00:00:00Z,1900-01-01T19:00:00Z,2026-04-26T19:00:00Z,2026-04-26T04:00:00Z,1900-01-01T23:00:00Z,2026-04-26T23:00:00Z,2026-04-26T19:00:00Z,2026-04-26T19:00:00Z,Sun,4,27,Week 27,false,Game 4,East First Round,Game 4,BOS leads 3-1,Xfinity Mobile Arena,PA,Philadelphia,N,"","",FALSE,1610612755,76ers,Philadelphia,PHI,sixers,1,3,96,7,1610612738,Celtics,Boston,BOS,celtics,3,1,128,2,2025-26,00,4,Playoffs
2026-04-26,0042500134,20260426/CLETOR,3,Final,1,2026-04-26T00:00:00Z,1900-01-01T13:00:00Z,2026-04-26T13:00:00Z,2026-04-26T04:00:00Z,1900-01-01T17:00:00Z,2026-04-26T17:00:00Z,2026-04-26T13:00:00Z,2026-04-26T13:00:00Z,Sun,4,27,Week 27,false,Game 4,East First Round,Game 4,Series tied 2-2,Scotiabank Arena,ON,Toronto,N,"","",FALSE,1610612761,Raptors,Toronto,TOR,raptors,2,2,93,5,1610612739,Cavaliers,Cleveland,CLE,cavaliers,2,2,89,4,2025-26,00,4,Playoffs
2026-04-26,0042500154,20260426/SASPOR,3,Final,2,2026-04-26T00:00:00Z,1900-01-01T15:30:00Z,2026-04-26T15:30:00Z,2026-04-26T04:00:00Z,1900-01-01T19:30:00Z,2026-04-26T19:30:00Z,2026-04-26T14:30:00Z,2026-04-26T12:30:00Z,Sun,4,27,Week 27,false,Game 4,West First Round,Game 4,SAS leads 3-1,Moda Center,OR,Portland,N,"","",FALSE,1610612757,Trail Blazers,Portland,POR,blazers,1,3,93,7,1610612759,Spurs,San Antonio,SAS,spurs,3,1,114,2,2025-26,00,4,Playoffs
2026-04-26,0042500174,20260426/LALHOU,3,Final,4,2026-04-26T00:00:00Z,1900-01-01T21:30:00Z,2026-04-26T21:30:00Z,2026-04-26T04:00:00Z,1900-01-01T01:30:00Z,2026-04-27T01:30:00Z,2026-04-26T18:30:00Z,2026-04-26T20:30:00Z,Sun,4,27,Week 27,false,Game 4,West First Round,Game 4,LAL leads 3-1,Toyota Center,TX,Houston,N,"","",FALSE,1610612745,Rockets,Houston,HOU,rockets,1,3,115,5,1610612747,Lakers,Los Angeles,LAL,lakers,3,1,96,4,2025-26,00,4,Playoffs
2026-04-27,0042500104,20260427/DETORL,3,Final,1,2026-04-27T00:00:00Z,1900-01-01T20:00:00Z,2026-04-27T20:00:00Z,2026-04-27T04:00:00Z,1900-01-01T00:00:00Z,2026-04-28T00:00:00Z,2026-04-27T20:00:00Z,2026-04-27T20:00:00Z,Mon,4,28,Week 28,false,Game 4,East First Round,Game 4,ORL leads 3-1,Kia Center,FL,Orlando,N,"","",FALSE,1610612753,Magic,Orlando,ORL,magic,3,1,94,8,1610612765,Pistons,Detroit,DET,pistons,1,3,88,1,2025-26,00,4,Playoffs
2026-04-27,0042500144,20260427/OKCPHX,3,Final,2,2026-04-27T00:00:00Z,1900-01-01T21:30:00Z,2026-04-27T21:30:00Z,2026-04-27T04:00:00Z,1900-01-01T01:30:00Z,2026-04-28T01:30:00Z,2026-04-27T20:30:00Z,2026-04-27T18:30:00Z,Mon,4,28,Week 28,false,Game 4,West First Round,Game 4,OKC wins 4-0,Mortgage Matchup Center,AZ,Phoenix,N,"","",FALSE,1610612756,Suns,Phoenix,PHX,suns,0,4,122,8,1610612760,Thunder,Oklahoma City,OKC,thunder,4,0,131,1,2025-26,00,4,Playoffs
2026-04-27,0042500165,20260427/MINDEN,3,Final,3,2026-04-27T00:00:00Z,1900-01-01T22:30:00Z,2026-04-27T22:30:00Z,2026-04-27T04:00:00Z,1900-01-01T02:30:00Z,2026-04-28T02:30:00Z,2026-04-27T21:30:00Z,2026-04-27T20:30:00Z,Mon,4,28,Week 28,false,Game 5,West First Round,Game 5,MIN leads 3-2,Ball Arena,CO,Denver,N,"","",FALSE,1610612743,Nuggets,Denver,DEN,nuggets,2,3,125,3,1610612750,Timberwolves,Minnesota,MIN,timberwolves,3,2,113,6,2025-26,00,4,Playoffs
2026-04-28,0042500115,20260428/PHIBOS,3,Final,1,2026-04-28T00:00:00Z,1900-01-01T19:00:00Z,2026-04-28T19:00:00Z,2026-04-28T04:00:00Z,1900-01-01T23:00:00Z,2026-04-28T23:00:00Z,2026-04-28T19:00:00Z,2026-04-28T19:00:00Z,Tue,4,28,Week 28,false,Game 5,East First Round,Game 5,BOS leads 3-2,TD Garden,MA,Boston,N,"","",FALSE,1610612738,Celtics,Boston,BOS,celtics,3,2,97,2,1610612755,76ers,Philadelphia,PHI,sixers,2,3,113,7,2025-26,00,4,Playoffs
2026-04-28,0042500125,20260428/ATLNYK,3,Final,2,2026-04-28T00:00:00Z,1900-01-01T20:00:00Z,2026-04-28T20:00:00Z,2026-04-28T04:00:00Z,1900-01-01T00:00:00Z,2026-04-29T00:00:00Z,2026-04-28T20:00:00Z,2026-04-28T20:00:00Z,Tue,4,28,Week 28,false,Game 5,East First Round,Game 5,NYK leads 3-2,Madison Square Garden,NY,New York,N,"","",FALSE,1610612752,Knicks,New York,NYK,knicks,3,2,126,3,1610612737,Hawks,Atlanta,ATL,hawks,2,3,97,6,2025-26,00,4,Playoffs
2026-04-28,0042500155,20260428/PORSAS,3,Final,3,2026-04-28T00:00:00Z,1900-01-01T21:30:00Z,2026-04-28T21:30:00Z,2026-04-28T04:00:00Z,1900-01-01T01:30:00Z,2026-04-29T01:30:00Z,2026-04-28T18:30:00Z,2026-04-28T20:30:00Z,Tue,4,28,Week 28,false,Game 5,West First Round,Game 5,SAS wins 4-1,Frost Bank Center,TX,San Antonio,N,"","",FALSE,1610612759,Spurs,San Antonio,SAS,spurs,4,1,114,2,1610612757,Trail Blazers,Portland,POR,blazers,1,4,95,7,2025-26,00,4,Playoffs
2026-04-29,0042500105,20260429/ORLDET,3,Final,1,2026-04-29T00:00:00Z,1900-01-01T19:00:00Z,2026-04-29T19:00:00Z,2026-04-29T04:00:00Z,1900-01-01T23:00:00Z,2026-04-29T23:00:00Z,2026-04-29T19:00:00Z,2026-04-29T19:00:00Z,Wed,4,28,Week 28,false,Game 5,East First Round,Game 5,ORL leads 3-2,Little Caesars Arena,MI,Detroit,N,"","",FALSE,1610612765,Pistons,Detroit,DET,pistons,2,3,116,1,1610612753,Magic,Orlando,ORL,magic,3,2,109,8,2025-26,00,4,Playoffs
2026-04-29,0042500135,20260429/TORCLE,3,Final,2,2026-04-29T00:00:00Z,1900-01-01T19:30:00Z,2026-04-29T19:30:00Z,2026-04-29T04:00:00Z,1900-01-01T23:30:00Z,2026-04-29T23:30:00Z,2026-04-29T19:30:00Z,2026-04-29T19:30:00Z,Wed,4,28,Week 28,false,Game 5,East First Round,Game 5,CLE leads 3-2,Rocket Arena,OH,Cleveland,N,"","",FALSE,1610612739,Cavaliers,Cleveland,CLE,cavaliers,3,2,125,4,1610612761,Raptors,Toronto,TOR,raptors,2,3,120,5,2025-26,00,4,Playoffs
2026-04-29,0042500175,20260429/HOULAL,3,Final,4,2026-04-29T00:00:00Z,1900-01-01T22:00:00Z,2026-04-29T22:00:00Z,2026-04-29T04:00:00Z,1900-01-01T02:00:00Z,2026-04-30T02:00:00Z,2026-04-29T21:00:00Z,2026-04-29T19:00:00Z,Wed,4,28,Week 28,false,Game 5,West First Round,Game 5,LAL leads 3-2,Crypto.com Arena,CA,Los Angeles,N,"","",FALSE,1610612747,Lakers,Los Angeles,LAL,lakers,3,2,93,4,1610612745,Rockets,Houston,HOU,rockets,2,3,99,5,2025-26,00,4,Playoffs
2026-04-30,0042500116,20260430/BOSPHI,3,Final,3,2026-04-30T00:00:00Z,1900-01-01T20:00:00Z,2026-04-30T20:00:00Z,2026-04-30T04:00:00Z,1900-01-01T00:00:00Z,2026-05-01T00:00:00Z,2026-04-30T20:00:00Z,2026-04-30T20:00:00Z,Thu,4,28,Week 28,false,Game 6,East First Round,Game 6,Series tied 3-3,Xfinity Mobile Arena,PA,Philadelphia,N,"","",FALSE,1610612755,76ers,Philadelphia,PHI,sixers,3,3,106,7,1610612738,Celtics,Boston,BOS,celtics,3,3,93,2,2025-26,00,4,Playoffs
2026-04-30,0042500126,20260430/NYKATL,3,Final,2,2026-04-30T00:00:00Z,1900-01-01T19:00:00Z,2026-04-30T19:00:00Z,2026-04-30T04:00:00Z,1900-01-01T23:00:00Z,2026-04-30T23:00:00Z,2026-04-30T19:00:00Z,2026-04-30T19:00:00Z,Thu,4,28,Week 28,false,Game 6,East First Round,Game 6,NYK wins 4-2,State Farm Arena,GA,Atlanta,N,"","",FALSE,1610612737,Hawks,Atlanta,ATL,hawks,2,4,89,6,1610612752,Knicks,New York,NYK,knicks,4,2,140,3,2025-26,00,4,Playoffs
2026-04-30,0042500166,20260430/DENMIN,3,Final,4,2026-04-30T00:00:00Z,1900-01-01T21:30:00Z,2026-04-30T21:30:00Z,2026-04-30T04:00:00Z,1900-01-01T01:30:00Z,2026-05-01T01:30:00Z,2026-04-30T19:30:00Z,2026-04-30T20:30:00Z,Thu,4,28,Week 28,false,Game 6,West First Round,Game 6,MIN wins 4-2,Target Center,MN,Minneapolis,N,"","",FALSE,1610612750,Timberwolves,Minnesota,MIN,timberwolves,4,2,110,6,1610612743,Nuggets,Denver,DEN,nuggets,2,4,98,3,2025-26,00,4,Playoffs
2026-05-01,0042500106,20260501/DETORL,3,Final,2,2026-05-01T00:00:00Z,1900-01-01T19:00:00Z,2026-05-01T19:00:00Z,2026-05-01T04:00:00Z,1900-01-01T23:00:00Z,2026-05-01T23:00:00Z,2026-05-01T19:00:00Z,2026-05-01T19:00:00Z,Fri,5,28,Week 28,false,Game 6,East First Round,Game 6,Series tied 3-3,Kia Center,FL,Orlando,N,"","",FALSE,1610612753,Magic,Orlando,ORL,magic,3,3,79,8,1610612765,Pistons,Detroit,DET,pistons,3,3,93,1,2025-26,00,4,Playoffs
2026-05-01,0042500136,20260501/CLETOR,3,Final/OT,3,2026-05-01T00:00:00Z,1900-01-01T19:30:00Z,2026-05-01T19:30:00Z,2026-05-01T04:00:00Z,1900-01-01T23:30:00Z,2026-05-01T23:30:00Z,2026-05-01T19:30:00Z,2026-05-01T19:30:00Z,Fri,5,28,Week 28,false,Game 6,East First Round,Game 6,Series tied 3-3,Scotiabank Arena,ON,Toronto,N,"","",FALSE,1610612761,Raptors,Toronto,TOR,raptors,3,3,112,5,1610612739,Cavaliers,Cleveland,CLE,cavaliers,3,3,110,4,2025-26,00,4,Playoffs
2026-05-01,0042500176,20260501/LALHOU,3,Final,4,2026-05-01T00:00:00Z,1900-01-01T21:30:00Z,2026-05-01T21:30:00Z,2026-05-01T04:00:00Z,1900-01-01T01:30:00Z,2026-05-02T01:30:00Z,2026-05-01T18:30:00Z,2026-05-01T20:30:00Z,Fri,5,28,Week 28,false,Game 6,West First Round,Game 6,LAL wins 4-2,Toyota Center,TX,Houston,N,"","",FALSE,1610612745,Rockets,Houston,HOU,rockets,2,4,78,5,1610612747,Lakers,Los Angeles,LAL,lakers,4,2,98,4,2025-26,00,4,Playoffs
2026-05-02,0042500117,20260502/PHIBOS,3,Final,4,2026-05-02T00:00:00Z,1900-01-01T19:30:00Z,2026-05-02T19:30:00Z,2026-05-02T04:00:00Z,1900-01-01T23:30:00Z,2026-05-02T23:30:00Z,2026-05-02T19:30:00Z,2026-05-02T19:30:00Z,Sat,5,28,Week 28,false,Game 7,East First Round,Game 7,PHI wins 4-3,TD Garden,MA,Boston,N,"","",FALSE,1610612738,Celtics,Boston,BOS,celtics,3,4,100,2,1610612755,76ers,Philadelphia,PHI,sixers,4,3,109,7,2025-26,00,4,Playoffs
2026-05-03,0042500107,20260503/ORLDET,3,Final,2,2026-05-03T00:00:00Z,1900-01-01T15:30:00Z,2026-05-03T15:30:00Z,2026-05-03T04:00:00Z,1900-01-01T19:30:00Z,2026-05-03T19:30:00Z,2026-05-03T15:30:00Z,2026-05-03T15:30:00Z,Sun,5,28,Week 28,false,Game 7,East First Round,Game 7,DET wins 4-3,Little Caesars Arena,MI,Detroit,N,"","",FALSE,1610612765,Pistons,Detroit,DET,pistons,4,3,116,1,1610612753,Magic,Orlando,ORL,magic,3,4,94,8,2025-26,00,4,Playoffs
2026-05-03,0042500137,20260503/TORCLE,3,Final,3,2026-05-03T00:00:00Z,1900-01-01T19:30:00Z,2026-05-03T19:30:00Z,2026-05-03T04:00:00Z,1900-01-01T23:30:00Z,2026-05-03T23:30:00Z,2026-05-03T19:30:00Z,2026-05-03T19:30:00Z,Sun,5,28,Week 28,false,Game 7,East First Round,Game 7,CLE wins 4-3,Rocket Arena,OH,Cleveland,N,"","",FALSE,1610612739,Cavaliers,Cleveland,CLE,cavaliers,4,3,114,4,1610612761,Raptors,Toronto,TOR,raptors,3,4,102,5,2025-26,00,4,Playoffs
2026-05-04,0042500211,20260504/PHINYK,3,Final,1,2026-05-04T00:00:00Z,1900-01-01T20:00:00Z,2026-05-04T20:00:00Z,2026-05-04T04:00:00Z,1900-01-01T00:00:00Z,2026-05-05T00:00:00Z,2026-05-04T20:00:00Z,2026-05-04T20:00:00Z,Mon,5,29,Week 29,false,Game 1,East Conf. Semifinals,Game 1,NYK leads 1-0,Madison Square Garden,NY,New York,N,"","",FALSE,1610612752,Knicks,New York,NYK,knicks,1,0,137,3,1610612755,76ers,Philadelphia,PHI,sixers,0,1,98,7,2025-26,00,4,Playoffs
2026-05-04,0042500231,20260504/MINSAS,3,Final,2,2026-05-04T00:00:00Z,1900-01-01T21:30:00Z,2026-05-04T21:30:00Z,2026-05-04T04:00:00Z,1900-01-01T01:30:00Z,2026-05-05T01:30:00Z,2026-05-04T20:30:00Z,2026-05-04T20:30:00Z,Mon,5,29,Week 29,false,Game 1,West Conf. Semifinals,Game 1,MIN leads 1-0,Frost Bank Center,TX,San Antonio,N,"","",FALSE,1610612759,Spurs,San Antonio,SAS,spurs,0,1,102,2,1610612750,Timberwolves,Minnesota,MIN,timberwolves,1,0,104,6,2025-26,00,4,Playoffs
2026-05-05,0042500201,20260505/CLEDET,3,Final,1,2026-05-05T00:00:00Z,1900-01-01T19:00:00Z,2026-05-05T19:00:00Z,2026-05-05T04:00:00Z,1900-01-01T23:00:00Z,2026-05-05T23:00:00Z,2026-05-05T19:00:00Z,2026-05-05T19:00:00Z,Tue,5,29,Week 29,false,Game 1,East Conf. Semifinals,Game 1,DET leads 1-0,Little Caesars Arena,MI,Detroit,N,"","",FALSE,1610612765,Pistons,Detroit,DET,pistons,1,0,111,1,1610612739,Cavaliers,Cleveland,CLE,cavaliers,0,1,101,4,2025-26,00,4,Playoffs
2026-05-05,0042500221,20260505/LALOKC,3,Final,2,2026-05-05T00:00:00Z,1900-01-01T20:30:00Z,2026-05-05T20:30:00Z,2026-05-05T04:00:00Z,1900-01-01T00:30:00Z,2026-05-06T00:30:00Z,2026-05-05T17:30:00Z,2026-05-05T19:30:00Z,Tue,5,29,Week 29,false,Game 1,West Conf. Semifinals,Game 1,OKC leads 1-0,Paycom Center,OK,Oklahoma City,N,"","",FALSE,1610612760,Thunder,Oklahoma City,OKC,thunder,1,0,108,1,1610612747,Lakers,Los Angeles,LAL,lakers,0,1,90,4,2025-26,00,4,Playoffs
2026-05-06,0042500212,20260506/PHINYK,3,Final,1,2026-05-06T00:00:00Z,1900-01-01T19:00:00Z,2026-05-06T19:00:00Z,2026-05-06T04:00:00Z,1900-01-01T23:00:00Z,2026-05-06T23:00:00Z,2026-05-06T19:00:00Z,2026-05-06T19:00:00Z,Wed,5,29,Week 29,false,Game 2,East Conf. Semifinals,Game 2,NYK leads 2-0,Madison Square Garden,NY,New York,N,"","",FALSE,1610612752,Knicks,New York,NYK,knicks,2,0,108,3,1610612755,76ers,Philadelphia,PHI,sixers,0,2,102,7,2025-26,00,4,Playoffs
2026-05-06,0042500232,20260506/MINSAS,3,Final,2,2026-05-06T00:00:00Z,1900-01-01T21:30:00Z,2026-05-06T21:30:00Z,2026-05-06T04:00:00Z,1900-01-01T01:30:00Z,2026-05-07T01:30:00Z,2026-05-06T20:30:00Z,2026-05-06T20:30:00Z,Wed,5,29,Week 29,false,Game 2,West Conf. Semifinals,Game 2,Series tied 1-1,Frost Bank Center,TX,San Antonio,N,"","",FALSE,1610612759,Spurs,San Antonio,SAS,spurs,1,1,133,2,1610612750,Timberwolves,Minnesota,MIN,timberwolves,1,1,95,6,2025-26,00,4,Playoffs
2026-05-07,0042500202,20260507/CLEDET,3,Final,1,2026-05-07T00:00:00Z,1900-01-01T19:00:00Z,2026-05-07T19:00:00Z,2026-05-07T04:00:00Z,1900-01-01T23:00:00Z,2026-05-07T23:00:00Z,2026-05-07T19:00:00Z,2026-05-07T19:00:00Z,Thu,5,29,Week 29,false,Game 2,East Conf. Semifinals,Game 2,DET leads 2-0,Little Caesars Arena,MI,Detroit,N,"","",FALSE,1610612765,Pistons,Detroit,DET,pistons,2,0,107,1,1610612739,Cavaliers,Cleveland,CLE,cavaliers,0,2,97,4,2025-26,00,4,Playoffs
2026-05-07,0042500222,20260507/LALOKC,3,Final,2,2026-05-07T00:00:00Z,1900-01-01T21:30:00Z,2026-05-07T21:30:00Z,2026-05-07T04:00:00Z,1900-01-01T01:30:00Z,2026-05-08T01:30:00Z,2026-05-07T18:30:00Z,2026-05-07T20:30:00Z,Thu,5,29,Week 29,false,Game 2,West Conf. Semifinals,Game 2,OKC leads 2-0,Paycom Center,OK,Oklahoma City,N,"","",FALSE,1610612760,Thunder,Oklahoma City,OKC,thunder,2,0,125,1,1610612747,Lakers,Los Angeles,LAL,lakers,0,2,107,4,2025-26,00,4,Playoffs
2026-05-08,0042500213,20260508/NYKPHI,3,Final,1,2026-05-08T00:00:00Z,1900-01-01T19:00:00Z,2026-05-08T19:00:00Z,2026-05-08T04:00:00Z,1900-01-01T23:00:00Z,2026-05-08T23:00:00Z,2026-05-08T19:00:00Z,2026-05-08T19:00:00Z,Fri,5,29,Week 29,false,Game 3,East Conf. Semifinals,Game 3,NYK leads 3-0,Xfinity Mobile Arena,PA,Philadelphia,N,"","",FALSE,1610612755,76ers,Philadelphia,PHI,sixers,0,3,94,7,1610612752,Knicks,New York,NYK,knicks,3,0,108,3,2025-26,00,4,Playoffs
2026-05-08,0042500233,20260508/SASMIN,3,Final,2,2026-05-08T00:00:00Z,1900-01-01T21:30:00Z,2026-05-08T21:30:00Z,2026-05-08T04:00:00Z,1900-01-01T01:30:00Z,2026-05-09T01:30:00Z,2026-05-08T20:30:00Z,2026-05-08T20:30:00Z,Fri,5,29,Week 29,false,Game 3,West Conf. Semifinals,Game 3,SAS leads 2-1,Target Center,MN,Minneapolis,N,"","",FALSE,1610612750,Timberwolves,Minnesota,MIN,timberwolves,1,2,108,6,1610612759,Spurs,San Antonio,SAS,spurs,2,1,115,2,2025-26,00,4,Playoffs
2026-05-09,0042500203,20260509/DETCLE,3,Final,1,2026-05-09T00:00:00Z,1900-01-01T15:00:00Z,2026-05-09T15:00:00Z,2026-05-09T04:00:00Z,1900-01-01T19:00:00Z,2026-05-09T19:00:00Z,2026-05-09T15:00:00Z,2026-05-09T15:00:00Z,Sat,5,29,Week 29,false,Game 3,East Conf. Semifinals,Game 3,DET leads 2-1,Rocket Arena,OH,Cleveland,N,"","",FALSE,1610612739,Cavaliers,Cleveland,CLE,cavaliers,1,2,116,4,1610612765,Pistons,Detroit,DET,pistons,2,1,109,1,2025-26,00,4,Playoffs
2026-05-09,0042500223,20260509/OKCLAL,3,Final,2,2026-05-09T00:00:00Z,1900-01-01T20:30:00Z,2026-05-09T20:30:00Z,2026-05-09T04:00:00Z,1900-01-01T00:30:00Z,2026-05-10T00:30:00Z,2026-05-09T19:30:00Z,2026-05-09T17:30:00Z,Sat,5,29,Week 29,false,Game 3,West Conf. Semifinals,Game 3,OKC leads 3-0,Crypto.com Arena,CA,Los Angeles,N,"","",FALSE,1610612747,Lakers,Los Angeles,LAL,lakers,0,3,108,4,1610612760,Thunder,Oklahoma City,OKC,thunder,3,0,131,1,2025-26,00,4,Playoffs
2026-05-10,0042500214,20260510/NYKPHI,3,Final,1,2026-05-10T00:00:00Z,1900-01-01T15:30:00Z,2026-05-10T15:30:00Z,2026-05-10T04:00:00Z,1900-01-01T19:30:00Z,2026-05-10T19:30:00Z,2026-05-10T15:30:00Z,2026-05-10T15:30:00Z,Sun,5,29,Week 29,false,Game 4,East Conf. Semifinals,Game 4,NYK wins 4-0,Xfinity Mobile Arena,PA,Philadelphia,N,"","",FALSE,1610612755,76ers,Philadelphia,PHI,sixers,0,4,114,7,1610612752,Knicks,New York,NYK,knicks,4,0,144,3,2025-26,00,4,Playoffs
2026-05-10,0042500234,20260510/SASMIN,3,Final,2,2026-05-10T00:00:00Z,1900-01-01T19:30:00Z,2026-05-10T19:30:00Z,2026-05-10T04:00:00Z,1900-01-01T23:30:00Z,2026-05-10T23:30:00Z,2026-05-10T18:30:00Z,2026-05-10T18:30:00Z,Sun,5,29,Week 29,false,Game 4,West Conf. Semifinals,Game 4,Series tied 2-2,Target Center,MN,Minneapolis,N,"","",FALSE,1610612750,Timberwolves,Minnesota,MIN,timberwolves,2,2,114,6,1610612759,Spurs,San Antonio,SAS,spurs,2,2,109,2,2025-26,00,4,Playoffs
2026-05-11,0042500204,20260511/DETCLE,3,Final,1,2026-05-11T00:00:00Z,1900-01-01T20:00:00Z,2026-05-11T20:00:00Z,2026-05-11T04:00:00Z,1900-01-01T00:00:00Z,2026-05-12T00:00:00Z,2026-05-11T20:00:00Z,2026-05-11T20:00:00Z,Mon,5,30,Week 30,false,Game 4,East Conf. Semifinals,Game 4,Series tied 2-2,Rocket Arena,OH,Cleveland,N,"","",FALSE,1610612739,Cavaliers,Cleveland,CLE,cavaliers,2,2,112,4,1610612765,Pistons,Detroit,DET,pistons,2,2,103,1,2025-26,00,4,Playoffs
2026-05-11,0042500224,20260511/OKCLAL,3,Final,2,2026-05-11T00:00:00Z,1900-01-01T22:30:00Z,2026-05-11T22:30:00Z,2026-05-11T04:00:00Z,1900-01-01T02:30:00Z,2026-05-12T02:30:00Z,2026-05-11T21:30:00Z,2026-05-11T19:30:00Z,Mon,5,30,Week 30,false,Game 4,West Conf. Semifinals,Game 4,OKC wins 4-0,Crypto.com Arena,CA,Los Angeles,N,"","",FALSE,1610612747,Lakers,Los Angeles,LAL,lakers,0,4,110,4,1610612760,Thunder,Oklahoma City,OKC,thunder,4,0,115,1,2025-26,00,4,Playoffs
2026-05-12,0042500235,20260512/MINSAS,3,Final,2,2026-05-12T00:00:00Z,1900-01-01T20:00:00Z,2026-05-12T20:00:00Z,2026-05-12T04:00:00Z,1900-01-01T00:00:00Z,2026-05-13T00:00:00Z,2026-05-12T19:00:00Z,2026-05-12T19:00:00Z,Tue,5,30,Week 30,false,Game 5,West Conf. Semifinals,Game 5,SAS leads 3-2,Frost Bank Center,TX,San Antonio,N,"","",FALSE,1610612759,Spurs,San Antonio,SAS,spurs,3,2,126,2,1610612750,Timberwolves,Minnesota,MIN,timberwolves,2,3,97,6,2025-26,00,4,Playoffs
2026-05-13,0042500205,20260513/CLEDET,3,Final/OT,2,2026-05-13T00:00:00Z,1900-01-01T20:00:00Z,2026-05-13T20:00:00Z,2026-05-13T04:00:00Z,1900-01-01T00:00:00Z,2026-05-14T00:00:00Z,2026-05-13T20:00:00Z,2026-05-13T20:00:00Z,Wed,5,30,Week 30,false,Game 5,East Conf. Semifinals,Game 5,CLE leads 3-2,Little Caesars Arena,MI,Detroit,N,"","",FALSE,1610612765,Pistons,Detroit,DET,pistons,2,3,113,1,1610612739,Cavaliers,Cleveland,CLE,cavaliers,3,2,117,4,2025-26,00,4,Playoffs
2026-05-15,0042500206,20260515/DETCLE,3,Final,1,2026-05-15T00:00:00Z,1900-01-01T19:00:00Z,2026-05-15T19:00:00Z,2026-05-15T04:00:00Z,1900-01-01T23:00:00Z,2026-05-15T23:00:00Z,2026-05-15T19:00:00Z,2026-05-15T19:00:00Z,Fri,5,30,Week 30,false,Game 6,East Conf. Semifinals,Game 6,Series tied 3-3,Rocket Arena,OH,Cleveland,N,"","",FALSE,1610612739,Cavaliers,Cleveland,CLE,cavaliers,3,3,94,4,1610612765,Pistons,Detroit,DET,pistons,3,3,115,1,2025-26,00,4,Playoffs
2026-05-15,0042500236,20260515/SASMIN,3,Final,2,2026-05-15T00:00:00Z,1900-01-01T21:30:00Z,2026-05-15T21:30:00Z,2026-05-15T04:00:00Z,1900-01-01T01:30:00Z,2026-05-16T01:30:00Z,2026-05-15T20:30:00Z,2026-05-15T20:30:00Z,Fri,5,30,Week 30,false,Game 6,West Conf. Semifinals,Game 6,SAS wins 4-2,Target Center,MN,Minneapolis,N,"","",FALSE,1610612750,Timberwolves,Minnesota,MIN,timberwolves,2,4,109,6,1610612759,Spurs,San Antonio,SAS,spurs,4,2,139,2,2025-26,00,4,Playoffs
2026-05-17,0042500207,20260517/CLEDET,3,Final,2,2026-05-17T00:00:00Z,1900-01-01T20:00:00Z,2026-05-17T20:00:00Z,2026-05-17T04:00:00Z,1900-01-01T00:00:00Z,2026-05-18T00:00:00Z,2026-05-17T20:00:00Z,2026-05-17T20:00:00Z,Sun,5,30,Week 30,false,Game 7,East Conf. Semifinals,Game 7,CLE wins 4-3,Little Caesars Arena,MI,Detroit,N,"","",FALSE,1610612765,Pistons,Detroit,DET,pistons,3,4,94,1,1610612739,Cavaliers,Cleveland,CLE,cavaliers,4,3,125,4,2025-26,00,4,Playoffs
2026-05-18,0042500311,20260518/SASOKC,3,Final/OT2,2,2026-05-18T00:00:00Z,1900-01-01T20:30:00Z,2026-05-18T20:30:00Z,2026-05-18T04:00:00Z,1900-01-01T00:30:00Z,2026-05-19T00:30:00Z,2026-05-18T19:30:00Z,2026-05-18T19:30:00Z,Mon,5,31,Week 31,false,Game 1,West Conf. Finals,Game 1,SAS leads 1-0,Paycom Center,OK,Oklahoma City,N,"","",FALSE,1610612760,Thunder,Oklahoma City,OKC,thunder,0,1,115,1,1610612759,Spurs,San Antonio,SAS,spurs,1,0,122,2,2025-26,00,4,Playoffs
2026-05-19,0042500301,20260519/CLENYK,3,Final/OT,1,2026-05-19T00:00:00Z,1900-01-01T20:00:00Z,2026-05-19T20:00:00Z,2026-05-19T04:00:00Z,1900-01-01T00:00:00Z,2026-05-20T00:00:00Z,2026-05-19T20:00:00Z,2026-05-19T20:00:00Z,Tue,5,31,Week 31,false,Game 1,East Conf. Finals,Game 1,NYK leads 1-0,Madison Square Garden,NY,New York,N,"","",FALSE,1610612752,Knicks,New York,NYK,knicks,1,0,115,3,1610612739,Cavaliers,Cleveland,CLE,cavaliers,0,1,104,4,2025-26,00,4,Playoffs
2026-05-20,0042500312,20260520/SASOKC,3,Final,1,2026-05-20T00:00:00Z,1900-01-01T20:30:00Z,2026-05-20T20:30:00Z,2026-05-20T04:00:00Z,1900-01-01T00:30:00Z,2026-05-21T00:30:00Z,2026-05-20T19:30:00Z,2026-05-20T19:30:00Z,Wed,5,31,Week 31,false,Game 2,West Conf. Finals,Game 2,Series tied 1-1,Paycom Center,OK,Oklahoma City,N,"","",FALSE,1610612760,Thunder,Oklahoma City,OKC,thunder,1,1,122,1,1610612759,Spurs,San Antonio,SAS,spurs,1,1,113,2,2025-26,00,4,Playoffs
2026-05-21,0042500302,20260521/CLENYK,3,Final,1,2026-05-21T00:00:00Z,1900-01-01T20:00:00Z,2026-05-21T20:00:00Z,2026-05-21T04:00:00Z,1900-01-01T00:00:00Z,2026-05-22T00:00:00Z,2026-05-21T20:00:00Z,2026-05-21T20:00:00Z,Thu,5,31,Week 31,false,Game 2,East Conf. Finals,Game 2,NYK leads 2-0,Madison Square Garden,NY,New York,N,"","",FALSE,1610612752,Knicks,New York,NYK,knicks,2,0,109,3,1610612739,Cavaliers,Cleveland,CLE,cavaliers,0,2,93,4,2025-26,00,4,Playoffs
2026-05-22,0042500313,20260522/OKCSAS,3,Final,1,2026-05-22T00:00:00Z,1900-01-01T20:30:00Z,2026-05-22T20:30:00Z,2026-05-22T04:00:00Z,1900-01-01T00:30:00Z,2026-05-23T00:30:00Z,2026-05-22T19:30:00Z,2026-05-22T19:30:00Z,Fri,5,31,Week 31,false,Game 3,West Conf. Finals,Game 3,OKC leads 2-1,Frost Bank Center,TX,San Antonio,N,"","",FALSE,1610612759,Spurs,San Antonio,SAS,spurs,1,2,108,2,1610612760,Thunder,Oklahoma City,OKC,thunder,2,1,123,1,2025-26,00,4,Playoffs
2026-05-23,0042500303,20260523/NYKCLE,3,Final,1,2026-05-23T00:00:00Z,1900-01-01T20:00:00Z,2026-05-23T20:00:00Z,2026-05-23T04:00:00Z,1900-01-01T00:00:00Z,2026-05-24T00:00:00Z,2026-05-23T20:00:00Z,2026-05-23T20:00:00Z,Sat,5,31,Week 31,false,Game 3,East Conf. Finals,Game 3,NYK leads 3-0,Rocket Arena,OH,Cleveland,N,"","",FALSE,1610612739,Cavaliers,Cleveland,CLE,cavaliers,0,3,108,4,1610612752,Knicks,New York,NYK,knicks,3,0,121,3,2025-26,00,4,Playoffs
2026-05-24,0042500314,20260524/OKCSAS,3,Final,1,2026-05-24T00:00:00Z,1900-01-01T20:00:00Z,2026-05-24T20:00:00Z,2026-05-24T04:00:00Z,1900-01-01T00:00:00Z,2026-05-25T00:00:00Z,2026-05-24T19:00:00Z,2026-05-24T19:00:00Z,Sun,5,31,Week 31,false,Game 4,West Conf. Finals,Game 4,Series tied 2-2,Frost Bank Center,TX,San Antonio,N,"","",FALSE,1610612759,Spurs,San Antonio,SAS,spurs,2,2,103,2,1610612760,Thunder,Oklahoma City,OKC,thunder,2,2,82,1,2025-26,00,4,Playoffs
2026-05-25,0042500304,20260525/NYKCLE,3,Final,1,2026-05-25T00:00:00Z,1900-01-01T20:00:00Z,2026-05-25T20:00:00Z,2026-05-25T04:00:00Z,1900-01-01T00:00:00Z,2026-05-26T00:00:00Z,2026-05-25T20:00:00Z,2026-05-25T20:00:00Z,Mon,5,32,Week 32,false,Game 4,East Conf. Finals,Game 4,NYK wins 4-0,Rocket Arena,OH,Cleveland,N,"","",FALSE,1610612739,Cavaliers,Cleveland,CLE,cavaliers,0,4,93,4,1610612752,Knicks,New York,NYK,knicks,4,0,130,3,2025-26,00,4,Playoffs
2026-05-26,0042500315,20260526/SASOKC,3,Final,1,2026-05-26T00:00:00Z,1900-01-01T20:30:00Z,2026-05-26T20:30:00Z,2026-05-26T04:00:00Z,1900-01-01T00:30:00Z,2026-05-27T00:30:00Z,2026-05-26T19:30:00Z,2026-05-26T19:30:00Z,Tue,5,32,Week 32,false,Game 5,West Conf. Finals,Game 5,OKC leads 3-2,Paycom Center,OK,Oklahoma City,N,"","",FALSE,1610612760,Thunder,Oklahoma City,OKC,thunder,3,2,127,1,1610612759,Spurs,San Antonio,SAS,spurs,2,3,114,2,2025-26,00,4,Playoffs
2026-05-28,0042500316,20260528/OKCSAS,3,Final,1,2026-05-28T00:00:00Z,1900-01-01T20:30:00Z,2026-05-28T20:30:00Z,2026-05-28T04:00:00Z,1900-01-01T00:30:00Z,2026-05-29T00:30:00Z,2026-05-28T19:30:00Z,2026-05-28T19:30:00Z,Thu,5,32,Week 32,false,Game 6,West Conf. Finals,Game 6,Series tied 3-3,Frost Bank Center,TX,San Antonio,N,"","",FALSE,1610612759,Spurs,San Antonio,SAS,spurs,3,3,118,2,1610612760,Thunder,Oklahoma City,OKC,thunder,3,3,91,1,2025-26,00,4,Playoffs
2026-05-30,0042500317,20260530/SASOKC,1,8:00 pm ET,1,2026-05-30T00:00:00Z,1900-01-01T20:00:00Z,2026-05-30T20:00:00Z,2026-05-30T04:00:00Z,1900-01-01T00:00:00Z,2026-05-31T00:00:00Z,2026-05-30T19:00:00Z,2026-05-30T19:00:00Z,Sat,5,32,Week 32,false,Game 7,West Conf. Finals,Game 7,Series tied 3-3,Paycom Center,OK,Oklahoma City,N,"","",FALSE,1610612760,Thunder,Oklahoma City,OKC,thunder,3,3,0,1,1610612759,Spurs,San Antonio,SAS,spurs,3,3,0,2,2025-26,00,4,Playoffs
2026-06-03,0042500401,"",1,8:30 pm ET,1,2026-06-03T00:00:00Z,1900-01-01T20:30:00Z,2026-06-03T20:30:00Z,2026-06-03T04:00:00Z,1900-01-01T00:30:00Z,2026-06-04T00:30:00Z,0001-01-01T00:00:00Z,0001-01-01T00:00:00Z,Wed,6,33,Week 33,false,Game 1,NBA Finals,Game 1,Series tied 0-0,"","","",N,"","",FALSE,0,,,,,0,0,0,0,1610612752,Knicks,New York,NYK,knicks,0,0,0,3,2025-26,00,4,Playoffs
2026-06-05,0042500402,"",1,8:30 pm ET,1,2026-06-05T00:00:00Z,1900-01-01T20:30:00Z,2026-06-05T20:30:00Z,2026-06-05T04:00:00Z,1900-01-01T00:30:00Z,2026-06-06T00:30:00Z,0001-01-01T00:00:00Z,0001-01-01T00:00:00Z,Fri,6,33,Week 33,false,Game 2,NBA Finals,Game 2,Series tied 0-0,"","","",N,"","",FALSE,0,,,,,0,0,0,0,1610612752,Knicks,New York,NYK,knicks,0,0,0,3,2025-26,00,4,Playoffs
2026-06-08,0042500403,"",1,8:30 pm ET,1,2026-06-08T00:00:00Z,1900-01-01T20:30:00Z,2026-06-08T20:30:00Z,2026-06-08T04:00:00Z,1900-01-01T00:30:00Z,2026-06-09T00:30:00Z,0001-01-01T00:00:00Z,0001-01-01T00:00:00Z,Mon,6,34,Week 34,false,Game 3,NBA Finals,Game 3,Series tied 0-0,Madison Square Garden,NY,New York,N,"","",FALSE,1610612752,Knicks,New York,NYK,knicks,0,0,0,3,0,,,,,0,0,0,0,2025-26,00,4,Playoffs
2026-06-10,0042500404,"",1,8:30 pm ET,1,2026-06-10T00:00:00Z,1900-01-01T20:30:00Z,2026-06-10T20:30:00Z,2026-06-10T04:00:00Z,1900-01-01T00:30:00Z,2026-06-11T00:30:00Z,0001-01-01T00:00:00Z,0001-01-01T00:00:00Z,Wed,6,34,Week 34,false,Game 4,NBA Finals,Game 4,Series tied 0-0,Madison Square Garden,NY,New York,N,"","",FALSE,1610612752,Knicks,New York,NYK,knicks,0,0,0,3,0,,,,,0,0,0,0,2025-26,00,4,Playoffs
2026-06-13,0042500405,"",1,8:30 pm ET,1,2026-06-13T00:00:00Z,1900-01-01T20:30:00Z,2026-06-13T20:30:00Z,2026-06-13T04:00:00Z,1900-01-01T00:30:00Z,2026-06-14T00:30:00Z,0001-01-01T00:00:00Z,0001-01-01T00:00:00Z,Sat,6,34,Week 34,true,Game 5,NBA Finals,Game 5,Series tied 0-0,"","","",N,"","",FALSE,0,,,,,0,0,0,0,1610612752,Knicks,New York,NYK,knicks,0,0,0,3,2025-26,00,4,Playoffs
2026-06-16,0042500406,"",1,8:30 pm ET,1,2026-06-16T00:00:00Z,1900-01-01T20:30:00Z,2026-06-16T20:30:00Z,2026-06-16T04:00:00Z,1900-01-01T00:30:00Z,2026-06-17T00:30:00Z,0001-01-01T00:00:00Z,0001-01-01T00:00:00Z,Tue,6,35,Week 35,true,Game 6,NBA Finals,Game 6,Series tied 0-0,Madison Square Garden,NY,New York,N,"","",FALSE,1610612752,Knicks,New York,NYK,knicks,0,0,0,3,0,,,,,0,0,0,0,2025-26,00,4,Playoffs
2026-06-19,0042500407,"",1,8:30 pm ET,1,2026-06-19T00:00:00Z,1900-01-01T20:30:00Z,2026-06-19T20:30:00Z,2026-06-19T04:00:00Z,1900-01-01T00:30:00Z,2026-06-20T00:30:00Z,0001-01-01T00:00:00Z,0001-01-01T00:00:00Z,Fri,6,35,Week 35,true,Game 7,NBA Finals,Game 7,Series tied 0-0,"","","",N,"","",FALSE,0,,,,,0,0,0,0,1610612752,Knicks,New York,NYK,knicks,0,0,0,3,2025-26,00,4,Playoffs
